Titre du poste,Entreprise,Secteur d'activite,Localisation geographique,Competences requises,Niveau d'experience requis,Type de contrat,Date de publication,URL source de l'offre
Téléconseillère commercial cdi,-,Commercial / Vente,Mohammedia,bac+3 en gestions dadministration /commerce ou bien qualite,,CDI,30 Apr-14:35,https://www.marocannonces.com/categorie/309/Offres-emploi/annonce/10372387/Téléconseillère-commercial-cdi.html
Commercial digital (h/f) à / bac+5,PJ,Commercial / Vente,Casablanca,,"reussie sur le terrain, vous connaissez les cycles de vente - temperament : chasseur dans l'ame, excellent negociateur, sens de l'ecoute avant de postuler, assurez-vous que votre profil corresponde bien au poste",CDI,30 Apr-9:51,https://www.marocannonces.com/categorie/309/Offres-emploi/annonce/10365946/Commercial-digital-(hf)-à-casablanca-bac5.html
Commercial showroom,TECTRA,Commercial / Vente,Casablanca,"maitrise des logiciels de modelisation 3d (ex: sketchup, autocad, ou specifiques a la marque). maitrise des outils de gestion de la relation client (crm) et bureautique. excellente presentation et elocution (arabe/francais indispensable). sens aigu de l'esthetique et creativite. forte capacite de negociation et orientation resultats.","une experience de 2 a 3 ans minimum est souvent requise dans la vente de produits de luxe, de decoration ou d'ameublement.",A discuter,30 Apr-11:42,https://www.marocannonces.com/categorie/309/Offres-emploi/annonce/10372278/Commercial-Showroom.html
Messagerie & transport / casablanca,Confidentiel,Transport / Achat / Logistique,Tout le Maroc,"s recherches : commerciaux / agents de terrain responsables logistique chauffeurs livreurs agents de chargement et de dechargement pointeurs / taxateurs magasiniers inventoristes controleurs logistiques objectif : developper un reseau solide et diversifie afin dameliorer nos services de livraison, distribution et logistique. zone : casablanca et d'autre",dans le transport/logistique est un plus,A discuter,1 Apr-16:21,https://www.marocannonces.com/categorie/309/Offres-emploi/annonce/10352256/Messagerie-et-transport-casablanca.html
Commercial terrain rabat/ /kenitra et environs,Wafr,Commercial / Vente,Salé,,,A discuter,2 May-13:25,https://www.marocannonces.com/categorie/309/Offres-emploi/annonce/10370114/Commercial-terrain-rabatsalékenitra-et-environs.html
Commercial terrain besoin immédiat,Wafr,Commercial / Vente,Marrakech,,,A discuter,2 May-13:20,https://www.marocannonces.com/categorie/309/Offres-emploi/annonce/10370108/Commercial-terrain-Marrakech-Besoin-immédiat.html
Commercial terrain besoin immédiat,Wafr,Commercial / Vente,Tanger,,,A discuter,2 May-13:20,https://www.marocannonces.com/categorie/309/Offres-emploi/annonce/10370101/Commercial-terrain-Tanger-Besoin-immédiat.html
IngÉnieur commercial ( electrique ),SARL,Industrie / Ingénierie / Energie,Deroua,ingenieur en genie electrique ou equivalent. minimum 2 ans d'experience dans le reseau electrique. poste base a zone industrielle sapino - deroua disponibilite,dans le reseau electrique. poste base a zone industrielle sapino - deroua disponibilite,CDI,2 May-13:20,https://www.marocannonces.com/categorie/309/Offres-emploi/annonce/10364380/INGÉNIEUR-COMMERCIAL-(-ELECTRIQUE-).html
Commercial terrain besoin immédiat,Wafr,Commercial / Vente,Casablanca,,,A discuter,2 May-13:15,https://www.marocannonces.com/categorie/309/Offres-emploi/annonce/10370096/Commercial-terrain-casablanca-besoin-immédiat.html
Magasinier,entreprise,Autre,Casablanca,,,,2 May-13:15,https://www.marocannonces.com/categorie/309/Offres-emploi/annonce/10369015/MAGASINIER.html
Ingénieur Électricité / ingén fluide / modeleur proj,GETB INGENIERIE,Construction / Btp,Casablanca,"(commun aux trois postes) diplome en adequation avec le poste vise (ingenieur detat pour les postes dingenieur). experience de 2 ans minimum sur des projets batiment tce (debutants motives etudies pour le poste de projeteur). bonne maitrise du francais, a lecrit comme a loral. sens de lorganisation, esprit danalyse et capacite a travailler en mode projet. disponibilite, rigueur technique et aptitude au travail en equipe pluridisciplinaire - candidature merci dadresser votre cv accompagne dune lettre de motivation, en precisant clairement le poste vise dans lobjet du message via ce site.","en etudes cfo/cfa maitrise de caneco, dialux, autocad dimensionnement tgbt, eclairage, courants faibles redaction cctp, dpgf, notes de calcul ingenieur fluides / thermique diplome dingenieur detat en genie climatique / energetique etudes cvc, plomberie, desenfumage, protection incendie maitrise de pleiades, cfd, autocad bilans thermiques et calculs de deperditions connaissance rtcm et normes marocaines modeleur-projeteur cad/revit - diplome en genie civil, electricite ou fluides maitrise imperative de revit (mep / archi / struct) bonne pratique dautocad 2d/3d production de plans dexecution et syntheses bim rigueur, autonomie, esprit dequipe",CDI,2 May-13:15,https://www.marocannonces.com/categorie/309/Offres-emploi/annonce/10365347/Ingénieur-Électricité-ingén-fluide-modeleur-proj.html
Mécanicien poids lourd,Confidentiel,Transport / Achat / Logistique,Tanger,"- experience en mecanique poids lourd (obligatoire) - connaissances en systemes mecaniques, electriques et pneumatiques - autonomie, rigueur et sens des responsabilites","en mecanique poids lourd (obligatoire) - connaissances en systemes mecaniques, electriques et pneumatiques - autonomie, rigueur et sens des responsabilites",CDI,2 May-13:10,https://www.marocannonces.com/categorie/309/Offres-emploi/annonce/10371658/Mécanicien-Poids-Lourd.html
Vendeur / vendeuse,SOCIÉTÉ,Commercial / Vente,Casablanca,"serieux(se), organise(e) et dynamique bon sens relationnel (surtout pour le poste de vendeur(se)) experience souhaitee (un plus) esprit dequipe poste base a casablanca ( maarif , bd al quds ,morocco mall , oulfa )","souhaitee (un plus) esprit dequipe poste base a casablanca ( maarif , bd al quds ,morocco mall , oulfa )",A discuter,2 May-13:05,https://www.marocannonces.com/categorie/309/Offres-emploi/annonce/10372333/VENDEUR-VENDEUSE.html
Operateur de traitement des donnees a,MARECORDS,Services aux Entreprises / Formation,Casablanca,,dans le meme,CDD,2 May-13:05,https://www.marocannonces.com/categorie/309/Offres-emploi/annonce/10372331/OPERATEUR-DE-TRAITEMENT-DES-DONNEES-A-CASABLANCA.html
Commercial(e) en ameublement /,TANKIT,Commercial / Vente,Tanger,"bac+2/3 en commerce ou equivalent experience en vente, idealement en ameublement ou decoration excellent sens du service et relationnel gout pour le design et lamenagement interieur dynamisme, persuasion et esprit commercial - nous offrons : un cadre de travail motivant une remuneration attractive avec com","en vente, idealement en ameublement ou decoration excellent sens du service et relationnel gout pour le design et lamenagement interieur dynamisme, persuasion et esprit commercial - nous offrons : un cadre de travail motivant une remuneration attractive avec com",CDI,2 May-13:05,https://www.marocannonces.com/categorie/309/Offres-emploi/annonce/10368442/Commercial(e)-en-ameublement-tanger.html
Contrôleur(se) de caméras / vidéosurveillance,Entreprise (franchise de coffee shop),Sécurité / Surveillance / Gardiennage,Casablanca,"experience en surveillance, securite ou telesurveillance - excellente capacite dattention et danalyse - maitrise des outils de videosurveillance - discretion, rigueur et respect des procedures internes lieu : casablanca interesse(e) ? postulez des maintenant en envoyant votre cv via ce site","en surveillance, securite ou telesurveillance - excellente capacite dattention et danalyse - maitrise des outils de videosurveillance - discretion, rigueur et respect des procedures internes lieu : casablanca interesse(e) ? postulez des maintenant en envoyant votre cv via ce site",,2 May-13:01,https://www.marocannonces.com/categorie/309/Offres-emploi/annonce/10373215/Contrôleur(se)-de-Caméras-Vidéosurveillance.html
Chargé (e) de compte commercial,SARL,Transport / Achat / Logistique,Casablanca,"bac+3 a bac+5 (commerce, logistique ou equivalent) experience minimum de 3 ans en commercial b2b (transport/logistique est un plus) excellentes capacites de communication et de negociation sens du resultat et orientation performance esprit analytique et capacite dadaptation autonomie et proactivite - ce que nous offrons environnement dynamique et en forte croissance opportunites devolution rapide remuneration attractive (fixe + variable)",minimum de 3 ans en commercial b2b (transport/logistique est un plus) excellentes capacites de communication et de negociation sens du resultat et orientation performance esprit analytique et capacite dadaptation autonomie et proactivite - ce que nous offrons environnement dynamique et en forte croissance opportunites devolution rapide remuneration attractive (fixe + variable),CDI,2 May-13:00,https://www.marocannonces.com/categorie/309/Offres-emploi/annonce/10370076/chargé-(e)-de-compte-commercial.html
Assistant(e) rh / chargé(e) de recrutement,TANKIT,Ressources Humaines / Recrutement / Intérim,Tanger,"- bac+2/3 en ressources humaines ou equivalent - premiere experience en recrutement souhaitee - excellentes capacites de communication et decoute - sens de lorganisation et gestion des priorites - dynamisme, reactivite et esprit dequipe nous offrons : - un environnement de travail professionnel et dynamique - une experience enrichissante dans les ressources humaines - des perspectives devolution poste base a : tanger - disponibilite : immediate","en recrutement souhaitee - excellentes capacites de communication et decoute - sens de lorganisation et gestion des priorites - dynamisme, reactivite et esprit dequipe nous offrons : - un environnement de travail professionnel et dynamique - une experience enrichissante dans les ressources humaines - des perspectives devolution poste base a : tanger - disponibilite : immediate",CDI,2 May-13:00,https://www.marocannonces.com/categorie/309/Offres-emploi/annonce/10368432/Assistant(e)-RH-Chargé(e)-de-Recrutement.html
Administrateur des ventes,SAFE JOB,Industrie / Ingénierie / Energie,Casablanca,de notre client base a sidi maarouf casablanca des adv administrateurs de vente. merci de nous envoyer votre cv pour une selection.,,Interim,2 May-13:00,https://www.marocannonces.com/categorie/309/Offres-emploi/annonce/10367710/Administrateur-des-ventes.html
Responsable marketing & développement commercial,Cabo azul,Marketing / Communication / Publicité / Rp,Casablanca,experience en marketing immobilier ou generation de leads bonne maitrise du digital marketing et des outils dacquisition esprit oriente resultats et ventes excellent relationnel et capacite a developper un reseau de partenaires,en marketing immobilier ou generation de leads bonne maitrise du digital marketing et des outils dacquisition esprit oriente resultats et ventes excellent relationnel et capacite a developper un reseau de partenaires,A discuter,2 May-12:55,https://www.marocannonces.com/categorie/309/Offres-emploi/annonce/10366942/Responsable-Marketing-et-Développement-Commercial.html
Un agent de tracking / shift nuit /,transport logistique,Transport / Achat / Logistique,Tanger,,,A discuter,2 May-12:55,https://www.marocannonces.com/categorie/309/Offres-emploi/annonce/10366172/Un-agent-de-tracking-shift-nuit-Tanger.html
Commercial industriel,SMARTIMA AUTOMATION,Commercial / Vente,Casablanca,"experience confirmee en vente b2b idealement dans le secteur industriel bonne connaissance du materiel electrique, pneumatique, hydraulique ou automatisme excellent relationnel et sens de la negociation dynamique, autonome et oriente resultats permis de conduire souhaite nous offrons","confirmee en vente b2b idealement dans le secteur industriel bonne connaissance du materiel electrique, pneumatique, hydraulique ou automatisme excellent relationnel et sens de la negociation dynamique, autonome et oriente resultats permis de conduire souhaite nous offrons",A discuter,2 May-12:50,https://www.marocannonces.com/categorie/309/Offres-emploi/annonce/10371643/COMMERCIAL-INDUSTRIEL.html
Développeuse web,,Informatique / Multimédia / Internet,Casablanca,,apres la,A discuter,2 May-12:45,https://www.marocannonces.com/categorie/309/Offres-emploi/annonce/10368423/Développeuse-web-–-casablanca.html
Kinésithérapeutes aéroport & marrakech,Centre de bien être,Santé / Médical,Casablanca,"diplome en kinesitherapie * bon niveau en francais et en anglais * sens du service, serieux et presentation soignee conditions :",,Anapec,2 May-12:45,https://www.marocannonces.com/categorie/309/Offres-emploi/annonce/10367682/Kinésithérapeutes-Aéroport-Casablanca-et-Marrakech.html
Charge (e) marketing digital,,Marketing / Communication / Publicité / Rp,Casablanca,"requises : - bonne maitrise du marketing digital ; - gestion de reseaux sociaux : bonne maitrise de google ads/ bonne maitrise de meta pour lancement des campagnes publicitaires. - aisance redactionnelle ; - gestion de site web e-commerce (wordpress) , - referencement seo...; - bonne maitrise des outils bureautiques, caneva... ; - bonne elocution en francais ; profil : bac+5 dans une ecole de commerce avec une specialite marketing et 3 ans d'experience en tant que responsable marketing digital. si vous vous retrouvez dans ce profil, ecrivez nous vite.",dans un poste similaire et un esprit creatif.,A discuter,2 May-12:25,https://www.marocannonces.com/categorie/309/Offres-emploi/annonce/10370891/Charge-(e)-Marketing-Digital.html
Technicien cfo/cfa,INVITECH SOLUTIONS,Informatique / Multimédia / Internet,Agadir,"cles : autonomie, rigueur, bonnes relations clients. capacite a lire des plans, maitrise des outils de mesure. connaissances des technologies evolutives. securite : systemes d'alarme (intrusion, incendie), videosurveillance, controle d'acces (lecteurs de badges, motorisations). communication : telephonie, reseaux informatiques (vdi), interphonie, domotique.",2-5 ans d'experience minimum,CDI,2 May-12:20,https://www.marocannonces.com/categorie/309/Offres-emploi/annonce/10372311/Technicien-CFOCFA.html
Comptable expérimentée,GEO4NET,Informatique / Multimédia / Internet,Casablanca,"formation bac+3 ou bac+5 en comptabilite ou equivalent experience minimum de 3 ans, idealement en cabinet dexpertise comptable ou en","minimum de 3 ans, idealement en cabinet dexpertise comptable ou en",A discuter,2 May-12:20,https://www.marocannonces.com/categorie/309/Offres-emploi/annonce/10364330/Comptable-expérimentée.html
Responsable des ressources humaines (h/f),Confidentiel,Comptabilité / Gestion / Audit,Kénitra,,"requise : minimum 5 ans - secteur : agro-alimentaire - disponibilite : poste a pourvoir rapidement dans le cadre dun renforcement de ses equipes, une",CDI,2 May-12:10,https://www.marocannonces.com/categorie/309/Offres-emploi/annonce/10366894/Responsable-des-Ressources-Humaines-(HF).html
Technico commercial(e) h/f / magasinier industriel,Confidentiel,Industrie / Ingénierie / Energie,Casablanca,"-experience en pose de menuiserie industrielle ( portes, placardes) -excellent relationnel, rigueur technique et sens de l'organisation, bonne communication et prise de contact, redaction des pv -permis b requis ( deplacements frequents ) -bac+2 avec plus de 3 ans d'experiences magasinier industriel (homme)","en pose de menuiserie industrielle ( portes, placardes) -excellent relationnel, rigueur technique et sens de l'organisation, bonne communication et prise de contact, redaction des pv -permis b requis ( deplacements frequents ) -bac+2 avec plus de 3 ans d'experiences magasinier industriel (homme)",A discuter,2 May-12:05,https://www.marocannonces.com/categorie/309/Offres-emploi/annonce/10368379/Technico-Commercial(e)-HF-Magasinier-industriel.html
Assistante administatif & comptable,entreprise,Comptabilité / Gestion / Audit,Casablanca,,,,2 May-12:05,https://www.marocannonces.com/categorie/309/Offres-emploi/annonce/10367641/assistante-administatif-et-comptable.html
Comptable expérimenté,Fiduciaire Internationale,Comptabilité / Gestion / Audit,Casablanca,"maitrise des normes comptables et fiscales locales et internationales. qualites personnelles : rigueur, sens de lorganisation et esprit analytique. autonomie et capacite a travailler efficacement en equipe. excellentes","minimum 2 ans dexperience reussie en comptabilite, idealement au sein dun cabinet dexpertise comptable.",A discuter,2 May-12:05,https://www.marocannonces.com/categorie/309/Offres-emploi/annonce/10366123/Comptable-Expérimenté.html
Assistante achat,equipement industrielle,Industrie / Ingénierie / Energie,Casablanca,la communication ecrite et parlante en francais et si vous avez l'esprit d'equipe veuillez nous envoyer votre cv,,CDD,2 May-12:00,https://www.marocannonces.com/categorie/309/Offres-emploi/annonce/10370852/assistante-achat.html
Technicien de maintenance électricité,SOCIETE ANONYME,Maintenance / Entretien,Tout le Maroc,"formation en electricite, maintenance industrielle ou genie climatique experience souhaitee dans un poste similaire rigueur, autonomie et esprit dequipe - lieu : tanger / rabat / casa","souhaitee dans un poste similaire rigueur, autonomie et esprit dequipe - lieu : tanger / rabat / casa",A discuter,2 May-11:55,https://www.marocannonces.com/categorie/309/Offres-emploi/annonce/10371601/Technicien-de-maintenance-électricité.html
Commerciale bureau,AM PROD,Commercial / Vente,Casablanca,,"au moins 2 ans , les interesses envoient leurs cv , merci",CDI,2 May-11:55,https://www.marocannonces.com/categorie/309/Offres-emploi/annonce/10368364/Commerciale-Bureau.html
Technico commerciaux / et casablanca,Confidentiel,Industrie / Ingénierie / Energie,Mohammedia,,"reussie de 3 a 8 ans dans un poste similaire ou proche, en matiere de commercialisation soit dequipements, de consommables industrielles, de produits chimiques, ou projets techniques. ainsi, vos activites principales seront de : identifier de nouvelles opportunites commerciales dans les secteurs cibles. construire et developper un portefeuille clients durable via une prospection structuree et ciblee. organiser des visites clients regulieres afin de comprendre leurs besoins et proposer des solutions adaptees. assurer une presence terrain importante et developper une relation de proximite avec les clients. elaborer les offres commerciales et propositions techniques en collaboration avec lequipe avant-vente. assurer une veille concurrentielle active et proposer des actions damelioration des services. communiquer des reportings hebdomadaires sur les actions commerciales. package attractif",CDI,2 May-11:55,https://www.marocannonces.com/categorie/309/Offres-emploi/annonce/10368363/Technico-Commerciaux-Mohammedia-et-Casablanca.html
Coursier administratif moto ain sebaa,xxxx,Autre,Casablanca,,,Interim,2 May-11:46,https://www.marocannonces.com/categorie/309/Offres-emploi/annonce/10373169/Coursier-Administratif-MOTO-Ain-sebaa.html
Vendeuse expérimentée /,,Commercial / Vente,Casablanca,"excellent sens du relationnel et du service client. presentation soignee et attitude professionnelle. esprit dequipe, dynamisme et polyvalence","client unique. vous accueillez, conseillez et accompagnez la clientele dans ses achats, tout en veillant a la mise en valeur des produits et au maintien de limage raffinee du magasin.",Interim,2 May-11:46,https://www.marocannonces.com/categorie/309/Offres-emploi/annonce/10258937/Vendeuse-expérimentée-casablanca.html
Comptable pour un cabinet fiduciaire /,Pj,Comptabilité / Gestion / Audit,Casablanca,,"souhaitee, notamment dans letablissement du bilan.",CDI,2 May-11:46,https://www.marocannonces.com/categorie/309/Offres-emploi/annonce/10171317/Comptable-pour-un-cabinet-fiduciaire-casablanca.html
Assistante rh en intérim,PJ,Accueil / Secrétariat / Administration,Casablanca,gerer les priorites dans un environnement dynamique. - bonnes,"en administration du personnel. - autonome, organise(e) et capable de gerer les priorites dans un environnement dynamique. - bonnes",Interim,2 May-11:46,https://www.marocannonces.com/categorie/309/Offres-emploi/annonce/10343518/Assistante-RH-en-intérim.html
Stagiaire en comptabilité / / bac+2,PJ,Comptabilité / Gestion / Audit,Casablanca,"formation en comptabilite / gestion (bac+2 ou plus) bonne maitrise dexcel rigueur, confidentialite et sens des responsabilites motivation pour evoluer en cabinet fiduciaire nous offrons : stage remunere encadrement et apprentissage pratique possibilite dintegration apres le stage",,Stage,2 May-11:46,https://www.marocannonces.com/categorie/309/Offres-emploi/annonce/10160158/Stagiaire-en-comptabilité-casablanca-bac2.html
dessinateur projeteur,PJ,Industrie / Ingénierie / Energie,Casablanca,"- diplome en genie mecanique, construction metallique ou dessin industriel - maitrise des logiciels de conception (autocad, sketchup ou equivalent) - experience souhaitee dans un poste similaire - rigueur, precision et esprit dequipe - capacite danalyse et sens de lorganisation","souhaitee dans un poste similaire - rigueur, precision et esprit dequipe - capacite danalyse et sens de lorganisation",Interim,2 May-11:45,https://www.marocannonces.com/categorie/309/Offres-emploi/annonce/10371541/DESSINATEUR-PROJETEUR.html
Infirmière préleveuse laboratoire d'analyses médic,IMMCELL,Santé / Médical,Rabat,la langue francaise. poste cdi apres periode d'essai.,"confirmee des prelevements adultes, enfants et nouveaux nes ainsi que des enregistrements de dossiers de patients de preference sur le logiciel kalisil. la candidate doit avoir une excellente capacite relationnelle, une presentation impeccable et maitriser la langue francaise. poste cdi apres periode d'essai.",A discuter,2 May-11:45,https://www.marocannonces.com/categorie/309/Offres-emploi/annonce/10368950/Infirmière-préleveuse-Laboratoire-dAnalyses-Médic.html
Electricien,TRAVAUX,Construction / Btp,Marrakech,"les installations electriques, notamment le cablage et les armoires electriques, il devra etre capable de lire et dinterpreter des plans electriques, assurer linstallation, la mise en service, la maintenance et le depannage des equipements, tout en respectant les normes de securite en vigueur. nous recherchons une personne serieuse, autonome et ayant un bon esprit dequipe. le poste est a pourvoir des que possible, avec des conditions a definir selon le profil.",minimum de 3 ans dans le,CDI,2 May-11:40,https://www.marocannonces.com/categorie/309/Offres-emploi/annonce/10372770/ELECTRICIEN.html
Support it,distra,Informatique / Multimédia / Internet,Deroua,"-bac +3 / bac +5 en informatique, reseaux ou systemes. -minimum 2 ans dexperience dans un poste similaire.",dans un poste similaire.,A discuter,2 May-11:40,https://www.marocannonces.com/categorie/309/Offres-emploi/annonce/10372270/Support-IT.html
Commercial pro b2b,,Commercial / Vente,Casablanca,,,A discuter,2 May-11:40,https://www.marocannonces.com/categorie/309/Offres-emploi/annonce/10372266/COMMERCIAL-PRO-B2B.html
Ingénieur chargé des appels d’offres & développement,confidentiel,Maintenance / Entretien,Rabat,- ingenieur en genie electrique. - maitrise du metier de la maintenance multi-technique - minimum 2 ans dexperience dans le,dans le,A discuter,2 May-11:40,https://www.marocannonces.com/categorie/309/Offres-emploi/annonce/10371582/Ingénieur-chargé-des-appels-d’offres-et-développement-rabat.html
Assistante import,confidentiel,Entreprise / Import / Export,Casablanca,diplome : bac+4 en commerce international - experience : minimum 2 ans dans le,minimum 2 ans dans le,A discuter,2 May-11:35,https://www.marocannonces.com/categorie/309/Offres-emploi/annonce/10370817/assistante-import.html
Candidature technicien topographe,foncière alia,Immobilier,Rabat,formation en topographie (technicien specialise ou equivalent) 3 ans dexperience minimum en topographie ou vrd qualites requises rigueur et precision autonomie sur le terrain sens de lanalyse reactivite et capacite a remonter les in,minimum en topographie ou vrd qualites requises rigueur et precision autonomie sur le terrain sens de lanalyse reactivite et capacite a remonter les in,CDI,2 May-11:35,https://www.marocannonces.com/categorie/309/Offres-emploi/annonce/10366063/Candidature-Technicien-Topographe.html
Commis/coursier en douane,TRANSPORTEC,Entreprise / Import / Export,Casablanca,- experience confirmee dans le,confirmee dans le,CDI,2 May-11:30,https://www.marocannonces.com/categorie/309/Offres-emploi/annonce/10366843/COMMISCOURSIER-EN-DOUANE.html
Chargée des opérations,Z-Evolution,Santé / Médical,Rabat,s recherches: - bac+2 en secretariat - bonne presentation - bonne elocution en francais,s de moins d'un an sur la,Anapec,2 May-11:25,https://www.marocannonces.com/categorie/309/Offres-emploi/annonce/10368320/Chargée-des-opérations.html
Chargé des méthodes,confidentiel,Maintenance / Entretien,Rabat,"-bac +2 / bac +3 / bac +5 en maintenance industrielle, electrotechnique, electromecanique, genie industriel ou methodes -minimum 5 ans dexperience dans un poste similaire, idealement en maintenance multitechnique ou facility management -bonne maitrise des processus de maintenance preventive et corrective -maitrise dune gmao (planification, suivi des interventions) -capacite danalyse des indicateurs de performance -connaissances de base en electromecanique, electricite batiment, plomberie, climatisation - poste base a rabat","dans un poste similaire, idealement en maintenance multitechnique ou facility management -bonne maitrise des processus de maintenance preventive et corrective -maitrise dune gmao (planification, suivi des interventions) -capacite danalyse des indicateurs de performance -connaissances de base en electromecanique, electricite batiment, plomberie, climatisation - poste base a rabat",A discuter,2 May-11:10,https://www.marocannonces.com/categorie/309/Offres-emploi/annonce/10370783/Chargé-des-Méthodes-–-Rabat.html
Chef projet marketing,TAGANA,Marketing / Communication / Publicité / Rp,Marrakech,formation: master en marketing experience: 2 a 5 ans la maitrise du francais est obligatoire,2 a 5 ans la maitrise du francais est obligatoire,CDI,2 May-11:10,https://www.marocannonces.com/categorie/309/Offres-emploi/annonce/10368301/CHEF-PROJET-MARKETING.html
Agent de guichet femme,Bureau de change,Banque / Finance / Assurance,Casablanca,"-femme, presentation soignee et excellent sens du relationnel - niveau bac +2 minimum (commerce, gestion ou equivalent) - experience en caisse fortement souhaitee - serieuse, rigoureuse et a laise avec les chiffres - bonne gestion du stress et sens du service client - bonne maitrise de la langue francaise merci denvoyer votre cv avec photo","en caisse fortement souhaitee - serieuse, rigoureuse et a laise avec les chiffres - bonne gestion du stress et sens du service client - bonne maitrise de la langue francaise merci denvoyer votre cv avec photo",CDI,2 May-11:05,https://www.marocannonces.com/categorie/309/Offres-emploi/annonce/10368281/Agent-de-Guichet-Femme.html
responsable moyens généraux,LYS IMMO,Immobilier,Marrakech,"bac+3 en gestion, logistique ou equivalent experience dans un poste similaire (souhaitee) bonne capacite dorganisation et de gestion des priorites sens du service et reactivite maitrise des outils bureautiques conditions : poste base a marrakech",dans un poste similaire (souhaitee) bonne capacite dorganisation et de gestion des priorites sens du service et reactivite maitrise des outils bureautiques conditions : poste base a marrakech,,2 May-11:03,https://www.marocannonces.com/categorie/309/Offres-emploi/annonce/10373151/Responsable-Moyens-Généraux.html
Jardinier / gardien,anonyme,Sécurité / Surveillance / Gardiennage,Mohammedia,"experience en jardinage souhaitee serieux, ponctuel et responsable autonomie et sens de lorganisation bonne condition physique sens du service et vigilance - conditions : lieu de travail : mohammedia type de","en jardinage souhaitee serieux, ponctuel et responsable autonomie et sens de lorganisation bonne condition physique sens du service et vigilance - conditions : lieu de travail : mohammedia type de",A discuter,2 May-11:00,https://www.marocannonces.com/categorie/309/Offres-emploi/annonce/10371535/JARDINIER-GARDIEN-MOHAMMEDIA.html
Comptable expérimentée,SARL,Comptabilité / Gestion / Audit,Casablanca,"diplome en comptabilite, gestion ou finance. experience minimale de 8 ans dans un poste similaire. bonne maitrise des logiciels comptables (sage ou equivalent). maitrise des outils bureautiques (excel, word). rigueur, sens de lorganisation et esprit danalyse. bon relationnel et capacite a travailler en equipe. lieu : casablanca remuneration : selon profil","minimale de 8 ans dans un poste similaire. bonne maitrise des logiciels comptables (sage ou equivalent). maitrise des outils bureautiques (excel, word). rigueur, sens de lorganisation et esprit danalyse. bon relationnel et capacite a travailler en equipe. lieu : casablanca remuneration : selon profil",A discuter,2 May-10:55,https://www.marocannonces.com/categorie/309/Offres-emploi/annonce/10372227/Comptable-expérimentée.html
Responsable achats,GDH,Transport / Achat / Logistique,Casablanca,"bac + 3 ou plus en commerce, gestion ou logistique","dans un poste similaire, idealement dans le secteur de la restauration ou agroalimentaire. bonne connaissance des circuits dapprovisionnement et des produits lies a la restauration. maitrise des outils de gestion des stocks et des achats. sens de lorganisation, rigueur et capacite de negociation. reactivite et aptitude a gerer les priorites dans un environnement dynamique",CDI,2 May-10:55,https://www.marocannonces.com/categorie/309/Offres-emploi/annonce/10369845/RESPONSABLE-ACHATS.html
Ingénieur agronome (production végétale),ANONYME,Agriculture / Environnement / Espaces Verts,Berrechid,suivre les instructions motive pour apprendre et evoluer a laise sur terrain,"est un plus) personne a lecoute, serieuse, disciplinee et capable de suivre les instructions motive pour apprendre et evoluer a laise sur terrain",A discuter,2 May-10:55,https://www.marocannonces.com/categorie/309/Offres-emploi/annonce/10369806/Ingénieur-Agronome-(Production-Végétale).html
Comptable confirme,Confidentielle,Comptabilité / Gestion / Audit,Casablanca,- maitriser le pack office - maitriser les outils informatiques - connaissances des dispositions legales et reglementaires en vigueur dans le pays - connaissance en droit fiscal et droit des societes - avoir une parfaite m,minimum de 5 ans de preference dans le secteur industriel et ayant realise 3 saisons fiscales. vous aurez comme principales,CDI,2 May-10:55,https://www.marocannonces.com/categorie/309/Offres-emploi/annonce/10366786/COMPTABLE-CONFIRME.html
Charge(e) rh,RH,Ressources Humaines / Recrutement / Intérim,El jadida,(,"de 3 ans dans un poste similaire bonne connaissance du droit du travail marocain maitrise des outils bureautiques (excel, word, etc.) maitrise les systemes de la paie (ex : sage-maropaie-odoo) maitrise la declaration et la teledeclaration au portail cnss sens de lecoute, discretion et rigueur bon relationnel et esprit dequipe ________________________________________ conditions : type de",A discuter,2 May-10:53,https://www.marocannonces.com/categorie/309/Offres-emploi/annonce/10373149/CHARGE(E)-RH.html
Poste formaticien,,Informatique / Multimédia / Internet,Marrakech,,,CDI,2 May-10:50,https://www.marocannonces.com/categorie/309/Offres-emploi/annonce/10368273/Poste-Formaticien.html
Chauffeur livreur magasinier (h),OMEGA TEXTILE MAROC,Autre,Casablanca,supporter la manutention de charges. habitude du travail dans un environnement commercial a flux rapide.,"significative de la conduite en zone urbaine (casablanca). excellente connaissance du quartier de derb omar et des zones commerciales environnantes. sens des responsabilites, honnetete et ponctualite rigoureuse. bonne condition physique. conditions : lieu de travail : derb omar, casablanca. horaires : selon le planning du magasin. disponibilite : immediate. magasinier de stock (h/) vos",A discuter,2 May-13:45,https://www.marocannonces.com/categorie/309/Offres-emploi/annonce/10372359/Chauffeur-Livreur-Magasinier-(H).html
Responsable de pâtisserie adjoint,La Terrasse des épices,Tourisme / Hôtellerie / Restauration,Marrakech,experience probante dans la meme,probante dans la meme,A discuter,2 May-13:45,https://www.marocannonces.com/categorie/309/Offres-emploi/annonce/10365374/Responsable-de-pâtisserie-adjoint.html
Responsable ressources humaines,,Ressources Humaines / Recrutement / Intérim,El jadida,"bac+5 en ressources humaines, management ou equivalent minimum 5 ans dexperience confirmee en rh expertise en recrutement et",confirmee en rh expertise en recrutement et,A discuter,2 May-13:40,https://www.marocannonces.com/categorie/309/Offres-emploi/annonce/10372802/Responsable-Ressources-humaines.html
Chargé clientèle et traitement de conformité,Olfcenter,Autre,Casablanca,"- excellente maitrise du francais a loral (critere obligatoire et eliminatoire) - tres bonne elocution et capacite a tenir une conversation professionnelle fluide - aisance telephonique et sens de lecoute - rigueur et sens du detail - maitrise des outils informatiques de base - serieux(se), ponctuel(le) et professionnel(le) nous offrons : - un environnement de travail structure et professionnel - une",,CDI,2 May-13:40,https://www.marocannonces.com/categorie/309/Offres-emploi/annonce/10365356/Chargé-clientèle-et-traitement-de-conformité.html
Magasinière,x,Entreprise / Import / Export,Casablanca,"rigueur, sens de l'organisation et esprit d'equipe",,A discuter,2 May-13:35,https://www.marocannonces.com/categorie/309/Offres-emploi/annonce/10371675/Magasinière.html
Agent de production de parfums à sidi maarouf,Sentel,Industrie / Ingénierie / Energie,Casablanca,experience en production appreciee * rigueur et sens du detail * capacite a travailler en equipe et sous pression poste base a casablanca sidi maarouf. disponibilite immediate souhaitee.,en production appreciee * rigueur et sens du detail * capacite a travailler en equipe et sous pression poste base a casablanca sidi maarouf. disponibilite immediate souhaitee.,CDI,2 May-13:30,https://www.marocannonces.com/categorie/309/Offres-emploi/annonce/10369384/Agent-de-production-de-parfums-à-Sidi-maarouf.html
Assistante import export,,Transport / Achat / Logistique,Casablanca,,de deux ans minimum en transport international,A discuter,2 May-13:30,https://www.marocannonces.com/categorie/309/Offres-emploi/annonce/10367741/ASSISTANTE-IMPORT-EXPORT.html
Comptable,,Comptabilité / Gestion / Audit,Casablanca,"formation bac+3en comptabilite, gestion ou finance premiere experience en cabinet souhaitee bonne maitrise des outils comptables (sage, excel...) connaissance de la reglementation fiscale marocaine rigueur, organisation et esprit danalyse","en cabinet souhaitee bonne maitrise des outils comptables (sage, excel...) connaissance de la reglementation fiscale marocaine rigueur, organisation et esprit danalyse",CDI,2 May-12:45,https://www.marocannonces.com/categorie/309/Offres-emploi/annonce/10366159/Comptable.html
Commercial immobilier,JALIL,Commercial / Vente,Casablanca,"formation en commerce, immobilier ou equivalent experience en vente appreciee excellent sens du relationnel et de la negociation autonomie, motivation et esprit commercial bonne presentation","en vente appreciee excellent sens du relationnel et de la negociation autonomie, motivation et esprit commercial bonne presentation",CDI,2 May-12:40,https://www.marocannonces.com/categorie/309/Offres-emploi/annonce/10366155/commercial-immobilier.html
Infographiste/assistante polyvalente,MEDICALEX,Santé / Médical,Casablanca,"formation en infographie, design graphique ou equivalent maitrise des logiciels : adobe photoshop, illustrator, indesign maitrise des outils bureautiques creativite, sens du detail et respect des delais capacite a travailler en equipe et autonomie in",,CDI,2 May-12:30,https://www.marocannonces.com/categorie/309/Offres-emploi/annonce/10370900/INFOGRAPHISTEASSISTANTE-POLYVALENTE.html
Vendeur(se) à l’aéroport d’ &casablanca,Cosmétique bio,Commercial / Vente,Agadir,- experience en vente obligatoire - etre motorise(e) (obligatoire) - bonne maitrise du francais et de langlais - presentation soignee et sens du service client - disponible en horaires flexibles - capable dassurer des shifts de nuit nous offrons,en vente obligatoire - etre motorise(e) (obligatoire) - bonne maitrise du francais et de langlais - presentation soignee et sens du service client - disponible en horaires flexibles - capable dassurer des shifts de nuit nous offrons,Anapec,2 May-12:30,https://www.marocannonces.com/categorie/309/Offres-emploi/annonce/10370038/Vendeur(se)-à-l’aéroport-d’Agadir-et-Casablanca.html
Assistante technique (tÉlÉcom / gÉnie civil),FIBROTRAV,Construction / Btp,Tanger,obligatoires - maitrise dautocad (dessin 2d) obligatoire. - tres bonne maitrise dexcel obligatoire. bonne maitrise de word. connaissances en suivi de travaux et calcul des metres. experience - minimum 1 an dexperience obligatoire dans le,minimum 1 an dexperience obligatoire dans le,CDD,2 May-10:50,https://www.marocannonces.com/categorie/309/Offres-emploi/annonce/10365210/ASSISTANTE-TECHNIQUE-(TÉLÉCOM-GÉNIE-CIVIL).html
Chauffeur transport du personnel (permis d),Linkup Value,Transport / Achat / Logistique,Casablanca,requises,"confirmee en transport de personnel ou conduite de poids lourds. - residence a casablanca ou peripherie obligatoire. - sens des responsabilites, discipline et bon relationnel. poste base a casablanca.",CDI,2 May-10:45,https://www.marocannonces.com/categorie/309/Offres-emploi/annonce/10370673/Chauffeur-Transport-du-personnel-–-(Permis-D).html
Chauffeur camion assistante de direction,GOLD LERA,Autre,Temara,"-longue experience confirmee en conduite de camions . -permis poids lourd (toutes categories / tous risques) exige. -serieux, ponctuel et responsable. residant a temara. 2/ assistante de direction (femme)","confirmee en conduite de camions . -permis poids lourd (toutes categories / tous risques) exige. -serieux, ponctuel et responsable. residant a temara. 2/ assistante de direction (femme)",A discuter,2 May-10:35,"https://www.marocannonces.com/categorie/309/Offres-emploi/annonce/10367523/Chauffeur-camion-,-assistante-de-direction.html"
Chargé d’exploitation transport (h/f),Confidentiel,Transport / Achat / Logistique,Tanger,informatiques : maitrise du pack office et des outils de gestion lies au transport/logistique,minimum 2 ans dans un poste similaire (obligatoire) dans une societe de transport international.,CDI,2 May-10:25,https://www.marocannonces.com/categorie/309/Offres-emploi/annonce/10371502/Chargé-d’exploitation-Transport-(HF).html
Employé polyvalent,Riad / Maison d'hote,Tourisme / Hôtellerie / Restauration,Marrakech,,,A discuter,2 May-10:20,https://www.marocannonces.com/categorie/309/Offres-emploi/annonce/10369868/Employé-polyvalent.html
Coordinateur pédagogique,Ihb art media,Services aux Entreprises / Formation,Casablanca,bac +3 (licence) minimum avec 5 ans dexperience dans la,dans la,CDI,2 May-10:20,https://www.marocannonces.com/categorie/309/Offres-emploi/annonce/10365978/Coordinateur-pédagogique.html
Commercial en immobilier,TAGANA,Immobilier,Marrakech,,"minimum et obligatoire dans la commercialisation de biens immobiliers. - excellente maitrise du marche immobilier a marrakech. - tres bon relationnel, force de proposition et rigueur. - maitrise des outils crm et techniques de negociation.",CDI,2 May-10:10,https://www.marocannonces.com/categorie/309/Offres-emploi/annonce/10365167/COMMERCIAL-EN-IMMOBILIER.html
Plongeur,,,Casablanca,"rigueur dans le respect des protocoles dhygiene et de securite alimentaire (haccp) savoir-etre : serieux, rapidite dexecution, organisation, esprit dequipe et discretion disponibilite et flexibilite horaire : travail en soiree, week-ends et jours feries",,,2 May-10:09,https://www.marocannonces.com/categorie/309/Offres-emploi/annonce/10373128/Plongeur.html
Night auditor,HOTIN,Tourisme / Hôtellerie / Restauration,Marrakech,"experience en reception d'hotel, idealement en night audit rigueur, autonomie et maitrise des outils pms et excel francais et anglais courants conditions","en reception d'hotel, idealement en night audit rigueur, autonomie et maitrise des outils pms et excel francais et anglais courants conditions",A discuter,2 May-10:08,https://www.marocannonces.com/categorie/309/Offres-emploi/annonce/10373123/Night-auditor.html
Responsable logistique,HOTIN,Industrie / Ingénierie / Energie,Casablanca,bac+5 en supply chain / logistique experience confirmee en management logistique maitrise erp / wms et excel avance conditions,confirmee en management logistique maitrise erp / wms et excel avance conditions,A discuter,2 May-10:08,https://www.marocannonces.com/categorie/309/Offres-emploi/annonce/10373120/Responsable-logistique.html
Veilleur de nuit / night audit,RIAD,Tourisme / Hôtellerie / Restauration,Marrakech,experience souhaitee dans un poste similaire (hotellerie/riad est un plus) sens des responsabilites et de la discretion bonne presentation et bon relationnel notions de base en francais (langlais est un atout) disponibilite pour travail de nuit,souhaitee dans un poste similaire (hotellerie/riad est un plus) sens des responsabilites et de la discretion bonne presentation et bon relationnel notions de base en francais (langlais est un atout) disponibilite pour travail de nuit,A discuter,2 May-10:08,https://www.marocannonces.com/categorie/309/Offres-emploi/annonce/10358598/VEILLEUR-DE-NUIT-NIGHT-AUDIT.html
Infographiste j/f,WALLDESIGN,Informatique / Multimédia / Internet,Casablanca,"maitrise des logiciels pao (photoshop, illustrator, indesign...) sens de la creativite et du design passion pour lunivers de la decoration dinterieur esprit dinitiative et travail en equipe poste base a maarif casablanca - merci denvoyer votre cv via ce site",,CDI,2 May-9:55,https://www.marocannonces.com/categorie/309/Offres-emploi/annonce/10371220/Infographiste-jf-casablanca.html
Commercial senior et comptable junior,,Immobilier,Casablanca,"- minimum 10 ans dexperience confirmee dans la vente immobiliere - solide expertise commerciale et capacite a conclure des ventes a forte valeur - maitrise avancee des outils digitaux et des strategies de generation de leads - sens du relationnel, autonomie et culture du resultat - un comptable junior","confirmee dans la vente immobiliere - solide expertise commerciale et capacite a conclure des ventes a forte valeur - maitrise avancee des outils digitaux et des strategies de generation de leads - sens du relationnel, autonomie et culture du resultat - un comptable junior",CDI,2 May-9:50,https://www.marocannonces.com/categorie/309/Offres-emploi/annonce/10367478/Commercial-senior-et-comptable-junior.html
Opérateurs de production / h tit melil,confidentiel,Industrie / Ingénierie / Energie,Casablanca,"requises : - solides connaissances en production industrielle, mecanique ou electromecanique - rigueur, ponctualite et bon esprit dequipe","minimum 1 an dans un poste similaire, idealement en milieu industriel - lieu de travail : tit melil - disponibilite : immediate souhaitee",A discuter,2 May-9:45,https://www.marocannonces.com/categorie/309/Offres-emploi/annonce/10365124/Opérateurs-de-production-h-tit-melil.html
Responsable commercial villas de luxe à,Bali Signature,Commercial / Vente,Marrakech,"- excellente presentation et sens du relationnel - experience confirmee dans la vente, idealement dans limmobilier ou le - haut de gamme - maitrise parfaite du francais (langlais est un atout) - sens de lecoute, organisation et rigueur - esprit commercial, perseverance et orientation resultats - bonne maitrise des outils informatiques localisation : marrakech (sur site bureau de vente du projet) type de",haut de gamme - organiser et realiser les visites des villas temoins et du projet - repondre aux appels telephoniques et aux demandes din,CDD,2 May-9:40,https://www.marocannonces.com/categorie/309/Offres-emploi/annonce/10372148/Responsable-commercial-villas-de-luxe-à-Marrakech.html
Agent de recouvrement terrain (h/f),confidentiel,Industrie / Ingénierie / Energie,Casablanca,"(obligatoire) bac+2 / bac+3 en gestion, comptabilite ou",dans un poste similaire.,A discuter,2 May-9:30,https://www.marocannonces.com/categorie/309/Offres-emploi/annonce/10369796/Agent-de-recouvrement-terrain-(HF).html
Technicien froid/energie/,sarl,Industrie / Ingénierie / Energie,Casablanca,,de 2 ans dans un poste similaire. le poste est base a casablanca.,Interim,2 May-9:25,https://www.marocannonces.com/categorie/309/Offres-emploi/annonce/10371438/Technicien-froidEnergie.html
Réceptionniste agence immobilière,Action Tng,Accueil / Secrétariat / Administration,Tanger,serieux(se) et presentable * bon relationnel * francais correct (anglais est un plus) poste a tanger,,CDD,2 May-9:11,https://www.marocannonces.com/categorie/309/Offres-emploi/annonce/10373080/Réceptionniste-–-Agence-immobilière.html
Magasinier sur,HOTIN,Industrie / Ingénierie / Energie,Tanger,"experience en magasinage / gestion de stock rigueur, organisation et maitrise d'un outil de gestion caces apprecie conditions","en magasinage / gestion de stock rigueur, organisation et maitrise d'un outil de gestion caces apprecie conditions",A discuter,2 May-9:11,https://www.marocannonces.com/categorie/309/Offres-emploi/annonce/10373064/MAGASINIER-SUR-TANGER.html
Opérateur de production à,Action Tanger,Industrie / Ingénierie / Energie,Tanger,"experience en milieu industriel souhaitee (menuiserie, usine, cnc... selon ton cas) * bonne condition physique et capacite a travailler en equipe * sens de lorganisation et attention aux details * ponctualite et serieux","en milieu industriel souhaitee (menuiserie, usine, cnc... selon ton cas) * bonne condition physique et capacite a travailler en equipe * sens de lorganisation et attention aux details * ponctualite et serieux",CDD,2 May-8:50,https://www.marocannonces.com/categorie/309/Offres-emploi/annonce/10365874/Opérateur-de-production-à-Tanger.html
Directeur technique hôtel de luxe,Hôtel 5 étoiles,Maintenance / Entretien,Tanger,maitrise approfondie des outils de gmao et des systemes de gtb (gestion technique du batiment).,"minimum 5 a 8 ans sur un poste similaire, imperativement dans l'hotellerie de luxe (5*) ou au sein de complexes immobiliers de haut standing.",CDI,2 May-8:45,https://www.marocannonces.com/categorie/309/Offres-emploi/annonce/10371423/Directeur-Technique-Hôtel-de-Luxe.html
Comptable opérationnel h/f,Omniserv Solutions sarl,Comptabilité / Gestion / Audit,Marrakech,"essentielles : maitrise complete de la saisie comptable (achats, ventes, banques, operations diverses). rapprochements bancaires maitrises. *gestion rigoureuse des comptes clients et fournisseurs. tres bonne comprehension du cycle comptable et des pieces justificatives. atouts supplementaires : experience en comptabilite europeenne (francaise, belge ou luxembourgeoise). experience en rappels clients / relances de paiements, utile pour le suivi des comptes clients.",2 a 3 ans minimum en comptabilite ; une experience en fiduciaire ou cabinet constitue un reel atout.,CDI,2 May-8:20,https://www.marocannonces.com/categorie/309/Offres-emploi/annonce/10372040/Comptable-opérationnel-HF.html
Offre emploi une comptable (f) a,CASA FIDUCIAIRE,Comptabilité / Gestion / Audit,Casablanca,,dans fiduciaires maitrisant la comptabilite jusquau bilan et les logiciels de comptabilite et connaissance dans le juridique et la fiscalite.,CDI,2 May-8:20,https://www.marocannonces.com/categorie/309/Offres-emploi/annonce/10371398/OFFRE-EMPLOI-UNE-COMPTABLE-(F)-A-CASABLANCA.html
Offre hôtesses d'accueil & conseillères,viva academy,Accueil / Secrétariat / Administration,Casablanca,"excellente presentation et sens du relationnel bonne communication en francais (larabe est un plus) motivation, serieux et esprit dequipe debutantes acceptees (",,CDI,2 May-8:20,https://www.marocannonces.com/categorie/309/Offres-emploi/annonce/10369667/Offre-–-Hôtesses-daccueil-et-Conseillères.html
Commercial immobilier,Ayad Developpement,Immobilier,Casablanca,"experience en centre d'appel obligatoire excellent sens de la communication et de la negociation oriente(e) resultats, organise(e) et autonome ce que nous offrons",en centre d'appel ? rejoignez notre equipe specialisee dans l'immobilier haut de gamme ! vos,CDI,1 May-23:00,https://www.marocannonces.com/categorie/309/Offres-emploi/annonce/10365790/Commercial-immobilier.html
Community manager,LE 25 IMMOBILIER,Informatique / Multimédia / Internet,Marrakech,"en photo, video et montage (canva, capcut, adobe, etc.) * creatif(ve), dynamique et force de proposition * sens esthetique developpe et interet pour limmobilier * bonne communication en francais (langlais est un plus) ce que nous offrons * un environnement de travail jeune, dynamique et entrepreneurial * lopportunite de participer au developpement digital dune agence en pleine croissance * un cadre de travail stimulant au cur de marrakech * des projets creatifs et des possibilites devolution",en community management ou creation de contenu appreciee * bonne maitrise des reseaux sociaux et des tendances digitales,Anapec,1 May-22:50,https://www.marocannonces.com/categorie/309/Offres-emploi/annonce/10365009/COMMUNITY-MANAGER.html
Directeur technique ingénieur en électricité,Smart Electro Rafik,Industrie / Ingénierie / Energie,Casablanca,"pour le poste : directeur technique - ingenieur d'etat en electricite, laureat d'une grande ecole d'ingenieur en genie electrique, vous justifiez d'une experience significative au moins 10 ans dans la gestion des grandes projets en ingenierie electrique (bt/mt/hta), homme de terrain, votre rigueur, votre sens de l'organisation et votre esprit d'equipe sont des qualites qui vous permettront de reussir a ce poste. - rejoignez notre equipe en tant que directeur technique et vivez une experience enrichissante, postulez a cette offre et envoyez votre cv + photo par ce site marocannonces.","significative au moins 10 ans dans la gestion des grandes projets en ingenierie electrique (bt/mt/hta), homme de terrain, votre rigueur, votre sens de l'organisation et votre esprit d'equipe sont des qualites qui vous permettront de reussir a ce poste. - rejoignez notre equipe en tant que directeur technique et vivez une experience enrichissante, postulez a cette offre et envoyez votre cv + photo par ce site marocannonces.",A discuter,1 May-21:40,https://www.marocannonces.com/categorie/309/Offres-emploi/annonce/10369242/Directeur-technique-ingénieur-en-électricité.html
Un(e) responsable des appels d'offres,Smart Electro Service,Accueil / Secrétariat / Administration,Casablanca,,"justifiee plus de 10 ans dans le meme poste propose, qui seras responsable des appels d'offres concernant les marches publics et prives pour le pilotage et le suivi des appels d'offres des projets electriques, ayant un esprit organisationnel, qui maitrise parfaitement la gestion des appels d'offres (les dossiers administratifs, techniques et financiers). - vous aurez comme principale",A discuter,1 May-21:05,https://www.marocannonces.com/categorie/309/Offres-emploi/annonce/10369231/un(e)-Responsable-des-appels-doffres.html
Agence d'assurance cherche aide comptable,ASSURANCES NESMAOUI,Banque / Finance / Assurance,Casablanca,,,A discuter,1 May-20:50,https://www.marocannonces.com/categorie/309/Offres-emploi/annonce/10370487/AGENCE-DASSURANCE-CHERCHE-AIDE-COMPTABLE.html
Ecole recrute plusieurs profils pour 2026 2027,ECOLE PRIVEE,Education / Social / Petite Enfance,Casablanca,,,A discuter,1 May-20:45,https://www.marocannonces.com/categorie/309/Offres-emploi/annonce/10364097/Ecole-recrute-plusieurs-profils-pour-2026-2027.html
Agence d'assurance cherche des apporteurs d'affair,ASSURANCES NESMAOUI,Banque / Finance / Assurance,Casablanca,,,A discuter,1 May-20:40,https://www.marocannonces.com/categorie/309/Offres-emploi/annonce/10370478/AGENCE-DASSURANCE-CHERCHE-DES-APPORTEURS-DAFFAIR.html
Responsable commercial gms/moderne,,Commercial / Vente,Casablanca,"bac+3/5, avec une experience minumum de 5 ans en tant que responsable commercial.","dans les produits emballages/sacs. profil: bac+3/5, avec une experience minumum de 5 ans en tant que responsable commercial.",CDI,1 May-20:37,https://www.marocannonces.com/categorie/309/Offres-emploi/annonce/10355931/Responsable-commercial-GMSModerne.html
Operateur anassi,.,Autre,Casablanca,"requis : - bac+2 en electricite, maintenance industrielle, fabrication mecanique, plasturgie ou equivalent - une premiere experience dans un environnement de production serait un atout.",dans un environnement de production serait un atout.,Interim,1 May-20:37,https://www.marocannonces.com/categorie/309/Offres-emploi/annonce/10168971/OPERATEUR-CASABLANCA-ANASSI.html
Chargée logistique (f) sidi maarouf,DAMA,Banque / Finance / Assurance,Casablanca,"bac+3 a bac+5 en logistique ou equivalent minimum 2 ans dexperience dans un poste similaire maitrise des outils informatiques (erp type sage, excel...) rigueur, sens de lorganisation et reactivite","dans un poste similaire maitrise des outils informatiques (erp type sage, excel...) rigueur, sens de lorganisation et reactivite",Interim,1 May-20:37,https://www.marocannonces.com/categorie/309/Offres-emploi/annonce/10367425/Chargée-logistique-(f)-casablanca-sidi-maarouf.html
Chargée rh (cfc),Dama,Autre,Casablanca,s - prise de contact avec les candidats et organisation des entretiens - participation aux entretiens avec les managers ou rh - suivi de lintegration des nouveaux collaborateurs (onboarding) 3.,de 2ans a 3 ans reussie autant que assistante rh ou dans un poste similaire. - excellente communication ecrite et orale en francais,Interim,1 May-20:37,https://www.marocannonces.com/categorie/309/Offres-emploi/annonce/10363249/Chargée-RH-Casablanca-(CFC).html
Technicien laboratoire (bouskoura),VARUN BEVERAGES MOROCCO,Biologie / Chimie / Pharmaceutique,Casablanca,"bac+3 en chimie industrielle, biologie ou equivalent avec une experience dans l'agroalimentaire. nb : transport est assure",dans l'agroalimentaire. nb : transport est assure,A discuter,1 May-20:31,https://www.marocannonces.com/categorie/309/Offres-emploi/annonce/10350835/Technicien-laboratoire-(BOUSKOURA).html
Agence d'assurance cherche gestionnaire production,AGENCE WAFA ASSURANCE BOUSKOURA,Banque / Finance / Assurance,Casablanca,,dans le,A discuter,1 May-20:20,https://www.marocannonces.com/categorie/309/Offres-emploi/annonce/10370470/AGENCE-DASSURANCE-CHERCHE-GESTIONNAIRE-PRODUCTION.html
Chargée de la relation client whatsapp maroc/dubai,LA FONDA,Commercial / Vente,Tout le Maroc,"reactivite, rigueur, elegance, empathie exigence la fonda : savoir valoriser un produit premium adapter son discours a une clientele exigeante (maroc & international) creer une experience client fluide et qualitative positionnement : ce nest pas un agent call center cest un profil commercial premium, capable de vendre avec intelligence et elegance. merci denvoyer votre candidature a : recrutement@lafonda.ma avec la reference : maducrc-01",premium et en transformant chaque echange en vente. role relation client haut de gamme vente digitale representation de la marque objectif : convertir une conversation en commande,CDI,1 May-19:45,https://www.marocannonces.com/categorie/309/Offres-emploi/annonce/10367236/Chargée-de-la-relation-client-Whatsapp-MarocDubai.html
Superviseur / chef d'équipe / agent de néttoyage,ARTIS ENVIRONNEMENT,Sécurité / Surveillance / Gardiennage,Marrakech,s suivants : 1.superviseur nettoyage : encadrer et organiser les equipes assurer la qualite des prestations gerer les plannings et les besoins en personnel etre linterlocuteur du client 2.chef dequipe nettoyage : superviser une equipe dagents sur site repartir les taches et controler leur execution veiller au respect des consignes et des normes dhygiene 3.agent de nettoyage : assurer le nettoyage et lentretien des locaux respecter les protocoles dhygiene et de securite utiliser correctement les produits et equipements,souhaitee dans le nettoyage ou un poste similaire,CDD,1 May-19:45,https://www.marocannonces.com/categorie/309/Offres-emploi/annonce/10364063/Superviseur-Chef-déquipe-Agent-de-néttoyage.html
Commerciale / vendeuse magasin,Librairie à Marrakech,Commercial / Vente,Marrakech,s souhaites: bonne maitrise du francais (obligatoire) une premiere experience en vente maitrise des outils informatique sage et caisse (souhaitee) presentation soignee personne interessee veuillez envoyer votre cv avec photo,en vente maitrise des outils informatique sage et caisse (souhaitee) presentation soignee personne interessee veuillez envoyer votre cv avec photo,CDI,1 May-19:30,https://www.marocannonces.com/categorie/309/Offres-emploi/annonce/10367246/Commerciale-Vendeuse-magasin.html
Vendeuse/ assistante manager,,Commercial / Vente,Casablanca,- bonne presentation - sens de laccueil et du service client - experience en vente - capacite a travailler en equipe - ponctualite et sens des responsabilites,en vente - capacite a travailler en equipe - ponctualite et sens des responsabilites,A discuter,1 May-19:00,https://www.marocannonces.com/categorie/309/Offres-emploi/annonce/10371253/VENDEUSE-ASSISTANTE-MANAGER.html
Gestionnaire point de vente,LA FONDA,Commercial / Vente,Tout le Maroc,"experience confirmee en gestion de point de vente (idealement alimentaire / retail) forte capacite manageriale et sens du leadership maitrise des operations (stock, caisse, hygiene, organisation) sens du commerce et orientation resultats rigueur, autonomie et sens des responsabilites capacite a travailler sous pression et a gerer des equipes terrain poste base a casablanca/rabat/tanger/fes/marrakech merci denvoyer votre candidature par emailavec la reference : gestpv-01","confirmee en gestion de point de vente (idealement alimentaire / retail) forte capacite manageriale et sens du leadership maitrise des operations (stock, caisse, hygiene, organisation) sens du commerce et orientation resultats rigueur, autonomie et sens des responsabilites capacite a travailler sous pression et a gerer des equipes terrain poste base a casablanca/rabat/tanger/fes/marrakech merci denvoyer votre candidature par emailavec la reference : gestpv-01",CDI,1 May-18:55,https://www.marocannonces.com/categorie/309/Offres-emploi/annonce/10367216/Gestionnaire-Point-de-vente.html
Boucher(e),LA FONDA,Autre,Tout le Maroc,"experience en boucherie souhaitee maitrise des techniques de base de decoupe rigueur, discipline et sens du detail capacite a travailler en equipe sens des responsabilites et respect des normes horaires de travail de 08h a 21h00 ( 8h par jour ) poste base a casablanca/rabat/tanger/fes/marrakech merci denvoyer par emailavec la reference : bouch-01","en boucherie souhaitee maitrise des techniques de base de decoupe rigueur, discipline et sens du detail capacite a travailler en equipe sens des responsabilites et respect des normes horaires de travail de 08h a 21h00 ( 8h par jour ) poste base a casablanca/rabat/tanger/fes/marrakech merci denvoyer par emailavec la reference : bouch-01",Interim,1 May-18:50,https://www.marocannonces.com/categorie/309/Offres-emploi/annonce/10367213/Boucher(e).html
Caissier(e),LA FONDA,Autre,Tout le Maroc,"experience en caisse et en relation client souhaitee sens du service, excellent relationnel rigueur, fiabilite et honnetete irreprochable gerer son stress presentation soignee et attitude professionnelle poste base a : casablanca/rabat/tanger/fes/marrakech candidature a envoyer par email avec la reference : cais-01","en caisse et en relation client souhaitee sens du service, excellent relationnel rigueur, fiabilite et honnetete irreprochable gerer son stress presentation soignee et attitude professionnelle poste base a : casablanca/rabat/tanger/fes/marrakech candidature a envoyer par email avec la reference : cais-01",Interim,1 May-18:45,https://www.marocannonces.com/categorie/309/Offres-emploi/annonce/10367210/Caissier(e).html
Magasinier / assistant commerciale / habillages,SKYMAX,Entreprise / Import / Export,Casablanca,"serieux , motive et dynamique svp, envoyez vos cv avec photo sur maroc annonce","en commerce necessaires, le",A discuter,1 May-18:30,https://www.marocannonces.com/categorie/309/Offres-emploi/annonce/10372557/magasinier-assistant-commerciale-habillages.html
Responsable marketing & développement site web,OUSSAAD NEGOCE,Marketing / Communication / Publicité / Rp,Casablanca,"(souhaitees) creation/optimisation landing pages gestion tracking (pixel, conversion, evenements) gestion cms et integration notions ux/ui (parcours, wireframes simples, a/b tests si possible)","utilisateur (ux/ui) et la performance (vitesse, accessibilite) assurer le suivi via analytics (kpi, conversion, comportement utilisateurs) pilotage & coordination travailler avec les equipes internes et/ou prestataires (design, dev, agence, graphisme) gerer le planning, les priorites et les livrables maintenir la documentation et les bonnes pratiques (tracking, deploiements, versions)",CDI,1 May-18:30,https://www.marocannonces.com/categorie/309/Offres-emploi/annonce/10366434/Responsable-Marketing-et-Développement-Site-Web.html
Commercial grands comptes b2b,OUSSAAD NEGOCE,Commercial / Vente,Casablanca,"experience confirmee en b2b grands comptes autonomie et reelle capacite a gerer un cycle de vente jusquau closing excellente communication, negociation et orientation resultats maitrise des outils commerciaux (crm, reporting) critere obligatoire (tres important) la candidate doit disposer de son propre portefeuille client actif (grands comptes / comptes strategiques).","confirmee en b2b grands comptes autonomie et reelle capacite a gerer un cycle de vente jusquau closing excellente communication, negociation et orientation resultats maitrise des outils commerciaux (crm, reporting) critere obligatoire (tres important) la candidate doit disposer de son propre portefeuille client actif (grands comptes / comptes strategiques).",CDI,1 May-18:30,https://www.marocannonces.com/categorie/309/Offres-emploi/annonce/10366430/COMMERCIAL-GRANDS-COMPTES-B2B.html
Chargée de réservation & relation client,DIAMONDS BLUE AUTO,Automobile,Casablanca,en prospection btob / btoc. * permis b apprecie. conditions : * horaires fixes : 10h a 19h * disponibilite ponctuelle hors horaires selon besoins.,de 1 a 3 ans minimum sur un poste similaire souhaitee.,CDI,1 May-18:25,https://www.marocannonces.com/categorie/309/Offres-emploi/annonce/10367973/Chargée-de-Réservation-et-Relation-Client.html
Manager restauration (h/f),confidentiel,Tourisme / Hôtellerie / Restauration,Marrakech,"en management, organisation et gestion operationnelle. poste a pourvoir rapidement.","confirmee dans un poste similaire, avec de solides",CDI,1 May-18:22,https://www.marocannonces.com/categorie/309/Offres-emploi/annonce/10372961/Manager-Restauration-(HF)-Marrakech.html
Electricien specialise en autocars,,Transport / Achat / Logistique,Tetouan,,dans un poste similaire (autocars ou poids lourds) -maitrise des systemes electriques et electroniques,,1 May-18:20,https://www.marocannonces.com/categorie/309/Offres-emploi/annonce/10364518/ELECTRICIEN-SPECIALISE-EN-AUTOCARS.html
Chauffeur autocar (permis d),,Transport / Achat / Logistique,Tout le Maroc,- titulaire du permis d valide - experience souhaitee (minimum 2 ans ) - bonne connaissance du reseau routier,souhaitee (minimum 2 ans ) - bonne connaissance du reseau routier,,1 May-18:20,https://www.marocannonces.com/categorie/309/Offres-emploi/annonce/10364511/CHAUFFEUR-AUTOCAR-(Permis-D).html
Pharmacie demande stagiaire,pharmacie,Biologie / Chimie / Pharmaceutique,Agadir,,"36 ans pour un stage pe embauche remunere a 3000 dh/moi, quelle soit residente a hay salam , bensergao ou al wifak 0637879834",Stage,1 May-18:05,https://www.marocannonces.com/categorie/309/Offres-emploi/annonce/10367188/pharmacie-demande-stagiaire.html
Assistante commerciale / polyvalente / admission,école privé,Accueil / Secrétariat / Administration,Casablanca,,professionnelle dau moins 2 ans dans un poste similaire. merci denvoyer votre cv en precisant clairement en objet le poste pour lequel vous postulez.,A discuter,1 May-17:55,https://www.marocannonces.com/categorie/309/Offres-emploi/annonce/10366415/Assistante-commerciale-polyvalente-admission.html
Agent commercial call center,Gastro,Commercial / Vente,Marrakech,s motives avec bon niveau en francais et sens commercial.,,CDI,1 May-17:55,https://www.marocannonces.com/categorie/309/Offres-emploi/annonce/10365279/Agent-commercial-call-center.html
Coordinateur de maintenance (parc auto),Confidentiel,Transport / Achat / Logistique,Tanger,"bac+2/3 bts experience en maintenance automobile, idealement sur parc auto. bon relationnel pour gerer les interactions avec clients et prestataires. organisation, rigueur et capacite a gerer plusieurs taches simultanement. sens de linitiative et esprit dequipe","en maintenance automobile, idealement sur parc auto. bon relationnel pour gerer les interactions avec clients et prestataires. organisation, rigueur et capacite a gerer plusieurs taches simultanement. sens de linitiative et esprit dequipe",A discuter,1 May-17:50,https://www.marocannonces.com/categorie/309/Offres-emploi/annonce/10372939/Coordinateur-de-Maintenance-(parc-auto)-Tanger.html
Chauffeur de transport personnel /,Confidentiel,Transport / Achat / Logistique,Mohammedia,,dans le,A discuter,1 May-17:50,https://www.marocannonces.com/categorie/309/Offres-emploi/annonce/10372938/Chauffeur-de-transport-personnel-mohammedia.html
Taxateur / pointeur,Confidentiel,Transport / Achat / Logistique,Casablanca,"niveau bac minimum experience en logistique, messagerie ou poste similaire souhaitee bonne maitrise des outils informatiques rigueur, precision et sens du detail organisation et reactivite esprit dequipe","en logistique, messagerie ou poste similaire souhaitee bonne maitrise des outils informatiques rigueur, precision et sens du detail organisation et reactivite esprit dequipe",A discuter,1 May-17:49,https://www.marocannonces.com/categorie/309/Offres-emploi/annonce/10372935/Taxateur-Pointeur-–-Casablanca.html
Cariste à pince avec permis caces à tit melil,Confidentiel,Transport / Achat / Logistique,Mediouna,,,A discuter,1 May-17:49,https://www.marocannonces.com/categorie/309/Offres-emploi/annonce/10372933/Cariste-à-pince-avec-permis-caces-à-tit-melil.html
Contrôleur logistique,Confidentiel,Transport / Achat / Logistique,Casablanca,niveau detudes : bac + 2 ou plus.,,A discuter,1 May-17:49,https://www.marocannonces.com/categorie/309/Offres-emploi/annonce/10372931/Contrôleur-Logistique-Casablanca.html
Contrôleur opérationnel logistique,OZONEXPRESS,Transport / Achat / Logistique,Casablanca,"bac +2 / bac +3 en logistique, transport, gestion ou equivalent experience dans un poste similaire (logistique, exploitation, controle, messagerie) excellente maitrise des processus logistiques et de livraison aisance relationnelle et capacite a travailler avec des equipes terrain maitrise des outils informatiques (excel, outils de suivi logistique) permis de conduire valide (obligatoire) forte disponibilite pour des deplacements frequents a lechelle nationale","dans un poste similaire (logistique, exploitation, controle, messagerie) excellente maitrise des processus logistiques et de livraison aisance relationnelle et capacite a travailler avec des equipes terrain maitrise des outils informatiques (excel, outils de suivi logistique) permis de conduire valide (obligatoire) forte disponibilite pour des deplacements frequents a lechelle nationale",CDI,1 May-17:49,https://www.marocannonces.com/categorie/309/Offres-emploi/annonce/10372930/Contrôleur-Opérationnel-Logistique.html
Manutentionnaire à,Confidentiel,Transport / Achat / Logistique,Casablanca,"bonne condition physique (travail debout, port de charges) serieux, ponctuel, dynamique disponible immediatement",,A discuter,1 May-17:49,https://www.marocannonces.com/categorie/309/Offres-emploi/annonce/10372942/Manutentionnaire-à-Casablanca.html
Chauffeur experimenté,OZONEXPRESS,Transport / Achat / Logistique,Casablanca,niveau scolaire : pas important experience : une experience de +2ans dans le,une experience de +2ans dans le,CDI,1 May-17:49,https://www.marocannonces.com/categorie/309/Offres-emploi/annonce/10372916/Chauffeur-Experimenté.html
Technicien maintenance,Gastro,Maintenance / Entretien,Marrakech,,,CDI,1 May-17:45,https://www.marocannonces.com/categorie/309/Offres-emploi/annonce/10365283/Technicien-maintenance.html
Offre d’emploi opérateur de saisie (transit & do,T.O.A.T,Transport / Achat / Logistique,Casablanca,"minimum 2 ans dexperience dans un poste similaire (transit/douane) maitrise obligatoire du systeme badr maitrise du systeme portnet bonne connaissance des procedures douanieres marocaines rigueur, organisation et sens des responsabilites capacite a travailler sous pression - nous offrons un environnement professionnel dynamique une evolution au sein dune structure reconnue dans le secteur du transit poste base a casablanca candidature merci denvoyer votre cv via ce site marocannonces (en precisant en objet : candidature operateur de saisie)","dans un poste similaire (transit/douane) maitrise obligatoire du systeme badr maitrise du systeme portnet bonne connaissance des procedures douanieres marocaines rigueur, organisation et sens des responsabilites capacite a travailler sous pression - nous offrons un environnement professionnel dynamique une evolution au sein dune structure reconnue dans le secteur du transit poste base a casablanca candidature merci denvoyer votre cv via ce site marocannonces (en precisant en objet : candidature operateur de saisie)",CDI,1 May-17:35,https://www.marocannonces.com/categorie/309/Offres-emploi/annonce/10371204/Offre-d’emploi-–-Opérateur-de-saisie-(Transit-et-Do.html
Vendeur (se) / caissier (e),INTERNATIONAL DUTTY FREE SHOPS,Commercial / Vente,Fès,,,Anapec,1 May-17:30,https://www.marocannonces.com/categorie/309/Offres-emploi/annonce/10370376/Vendeur-(se)-caissier-(e).html
Nous recherchons une assistante commerciale,Zeltra,Commercial / Vente,Marrakech,en communication et en relations interpersonnelles *les langue francaise et anglaises (tres importantes) (lire ecrire et parler) - la maitrise bien les outils informatiques. - preparation des devis et des situations des clients. - suivis paiement avec clients. - des,,CDI,1 May-17:25,https://www.marocannonces.com/categorie/309/Offres-emploi/annonce/10370374/Nous-recherchons-une-Assistante-Commerciale.html
Inventoriste,INVOLYS,Informatique / Multimédia / Internet,Casablanca,"- bac+3 et plus/ (licence) en gestion comptable, gestion informatique - bonne maitrise de (excel) - experience : souhaitable en inventaire physique des immobilisations - disponibilite immediate type de",souhaitable en inventaire physique des immobilisations - disponibilite immediate type de,CDI,1 May-17:25,https://www.marocannonces.com/categorie/309/Offres-emploi/annonce/10370371/Inventoriste.html
Chauffeur,INTERNATIONAL DUTTY FREE SHOPS,Commercial / Vente,Tanger,,au niveau de la conduite du transport de personnelles et ayant un permis d. n'hesitez pas de nous envoyer votre candidature,Anapec,1 May-17:25,https://www.marocannonces.com/categorie/309/Offres-emploi/annonce/10370368/CHAUFFEUR.html
Responsable imports,Hydrosystemes,Construction / Btp,Casablanca,"bac +3 minimum en commerce ou gestion -3+ min annees d'experience en imports -anglais operationnel requis -a l'aise sur excel et les outils de gestion (sage) -rigoureux(se), organise(e), avec un bon sens du relationne lieu du poste : en presentiel","en imports -anglais operationnel requis -a l'aise sur excel et les outils de gestion (sage) -rigoureux(se), organise(e), avec un bon sens du relationne lieu du poste : en presentiel",CDI,1 May-17:15,https://www.marocannonces.com/categorie/309/Offres-emploi/annonce/10365614/Responsable-imports.html
Recrutement assistante administrative (ain chkaf),,Accueil / Secrétariat / Administration,Fès,,,A discuter,1 May-17:10,https://www.marocannonces.com/categorie/309/Offres-emploi/annonce/10368629/Recrutement-assistante-administrative-(ain-chkaf).html
Secrétaire/assitant(e) ville verte,,Santé / Médical,Bouskoura,,dans le,,1 May-17:00,https://www.marocannonces.com/categorie/309/Offres-emploi/annonce/10371854/SecrétaireAssitant(e)-Ville-Verte.html
Commercial terrain,,Commercial / Vente,Casablanca,"- experience confirmee en vente terrain (idealement dans lagroalimentaire) - bon sens du relationnel et de la negociation - dynamique, autonome et oriente resultats conditions : - remuneration attractive : fixe + variable - evolution possible selon performances si vous etes motive(e) et pret(e) a relever un nouveau challenge, merci denvoyer votre candidature.","confirmee en vente terrain (idealement dans lagroalimentaire) - bon sens du relationnel et de la negociation - dynamique, autonome et oriente resultats conditions : - remuneration attractive : fixe + variable - evolution possible selon performances si vous etes motive(e) et pret(e) a relever un nouveau challenge, merci denvoyer votre candidature.",A discuter,1 May-16:55,https://www.marocannonces.com/categorie/309/Offres-emploi/annonce/10368618/Commercial-terrain.html
Technicien spécialisé en Électricité,PERLOVA SARL AU,Construction / Btp,Temara,diplome de technicien specialise en electricite experience souhaitee dans le,souhaitee dans le,A discuter,1 May-16:50,https://www.marocannonces.com/categorie/309/Offres-emploi/annonce/10371849/Technicien-Spécialisé-en-Électricité.html
Chargée administrative et de facturation gestion immobilière,OFFSHORING BACK OFFICE SERVICES MAROC,Comptabilité / Gestion / Audit,Tanger,"niveau bac+2 (gestion, administration, finance ou equivalent) fraichement diplome / avec ou sans experience bonne maitrise du francais, a loral comme a lecrit aisance avec les chiffres et excel sens de lorganisation, rigueur et capacite a travailler de maniere autonome - conditions : poste base a tanger","bonne maitrise du francais, a loral comme a lecrit aisance avec les chiffres et excel sens de lorganisation, rigueur et capacite a travailler de maniere autonome - conditions : poste base a tanger",A discuter,1 May-16:50,https://www.marocannonces.com/categorie/309/Offres-emploi/annonce/10368613/Chargée-administrative-et-de-facturation-–-gestion-immobilière.html
Ingénieur d'État en fluide & ingénieur d'État en,Ste Imilchil SARL,Construction / Btp,Rabat,"requises : - maitrise des outils : autocad, ms project et autres logiciels techniques necessaires. - bonne capacite de gestion, sens de l'organisation, autonomie et esprit d",en modelisation cfd et optimisation energetique. 2-ingenieur d'etat en beton arme expertise en calcul de structures en beton arme. connaissance des normes de construction marocaines.,CDI,1 May-16:45,https://www.marocannonces.com/categorie/309/Offres-emploi/annonce/10367915/Ingénieur-dÉtat-en-Fluide-et-Ingénieur-dÉtat-en.html
Magasinier,Oxynord,Industrie / Ingénierie / Energie,Tanger,personnelles requises : - serieux et sens des responsabilites - dynamisme et reactivite - esprit dequipe - autonomie et polyvalence - ponctualite et discipline - capacite a travailler sous pression - sens du detail et precision - bon relationnel et esprit collaboratif lieu : casablanca merci denvoyer votre candidature (cv) via ce site marocannonces,"en magasinage, logistique ou gestion de stock souhaitee - bonne maitrise des operations de reception, stockage et inventaire - connaissance des outils de gestion de stock (erp ou excel) - sens de lorganisation et rigueur dans le travail",A discuter,1 May-16:40,https://www.marocannonces.com/categorie/309/Offres-emploi/annonce/10370323/Magasinier.html
Enseignants et surveillants,GROUPE SCOLAIRE,Education / Social / Petite Enfance,Casablanca,"diplome universitaire requis, experience probante en milieu scolaire, dynamisme et excellente maitrise pedagogique. rejoignez une equipe engagee dans l'excellence educative. envoyez votre dossier de candidature (cv + photo)","probante en milieu scolaire, dynamisme et excellente maitrise pedagogique. rejoignez une equipe engagee dans l'excellence educative. envoyez votre dossier de candidature (cv + photo)",A discuter,1 May-16:40,https://www.marocannonces.com/categorie/309/Offres-emploi/annonce/10370303/Enseignants-et-surveillants.html
Chef de projets Électriques,Triangle Énergie E.W.V,Industrie / Ingénierie / Energie,Casablanca,"requises en bt et hta, vous etes autonome; organise; rigoureux; et avez un tres bon relationnel, envoyer vos candidatures (cv+photo+experiences) via ce site.",") en genie electrique ou equivalent en electrotechnique, dynamique, polyvalent, et ayant une experience d'au moins 10 ans acquises dans le secteur de lingenierie electrique hta - bt..., pour etudier et realiser nos projets d'electrification urbaine et rural, produire et controler les documents techniques et administratifs metiers des appels d'offres relatifs a nos projets electriques, effectuer des plans et des schemas et faire le suivi de la realisation des travaux sur chantier jusqu'a reception, organiser les reunions et assister nos equipes des chantiers, suivre l'avancement des travaux en respectant les delais exiges. si vous avez des",A discuter,1 May-16:40,https://www.marocannonces.com/categorie/309/Offres-emploi/annonce/10369502/Chef-de-Projets-Électriques.html
Comptable junior/confirmé comptabilité française,OFFSHORING BACK OFFICE SERVICES MAROC,Comptabilité / Gestion / Audit,Tanger,"niveau minimum bac+2 (gestion comptable) maitrise des regles comptables marocaines (equivalentes a celles demandees pour le poste) fraichement diplome / avec ou sans experience (experience en cabinet serait un plus) bonne maitrise du francais, a loral comme a lecrit aisance avec les chiffres et excel sens de lorganisation, rigueur et capacite a travailler de maniere autonome - conditions : poste base a tanger","(experience en cabinet serait un plus) bonne maitrise du francais, a loral comme a lecrit aisance avec les chiffres et excel sens de lorganisation, rigueur et capacite a travailler de maniere autonome - conditions : poste base a tanger",A discuter,1 May-16:40,https://www.marocannonces.com/categorie/309/Offres-emploi/annonce/10368612/Comptable-Juniorconfirmé-–-Comptabilité-Française.html
Assistante dentaire,,Santé / Médical,Casablanca,,dans le,,1 May-16:30,https://www.marocannonces.com/categorie/309/Offres-emploi/annonce/10365568/ASSISTANTE-DENTAIRE.html
Agent contrôle de gestion (h),Société Industriel,Comptabilité / Gestion / Audit,Kénitra,"formation bac+2 / bac+3 en gestion, comptabilite ou finance.experience souhaitee dans un poste similaire bonne maitrise des outils informatiques (excel avance, erp souhaite) esprit danalyse, rigueur et sens de lorganisation bon relationnel et capacite a travailler en equipe. - conditions :poste base a kenitra - type de","souhaitee dans un poste similaire bonne maitrise des outils informatiques (excel avance, erp souhaite) esprit danalyse, rigueur et sens de lorganisation bon relationnel et capacite a travailler en equipe. - conditions :poste base a kenitra - type de",CDD,1 May-16:25,https://www.marocannonces.com/categorie/309/Offres-emploi/annonce/10368590/Agent-Contrôle-de-Gestion-(H).html
Assistante polyvalente / assistante administration,Raha fer,Accueil / Secrétariat / Administration,Casablanca,"requises : - bonne maitrise des outils bureautiques (word, excel, outlook) - sens de lorganisation et capacite a gerer plusieurs taches simultanement - aisance relationnelle et bonne communication ecrite et orale - rigueur, discretion et fiabilite - autonomie et esprit dinitiative - connaissances en administration des ventes et suivi commercial appreciees","prealable dans un poste similaire souhaitee - capacite dadaptation et polyvalence - maitrise du francais indispensable (autres langues appreciees) objectif du poste : assurer un soutien efficace a la direction et a lequipe commerciale, garantir un suivi rigoureux des ventes et contribuer a la sa",Stage,1 May-16:25,https://www.marocannonces.com/categorie/309/Offres-emploi/annonce/10367898/assistante-polyvalente-assistante-administration.html
Designer 3d (3ds max),confidentiel,Marketing / Communication / Publicité / Rp,Rabat,travailler en equipe,"de 2 a 5 ans minimum. - maitrise avancee de 3ds max (obligatoire) - sens aigu du volume, de lespace et de la mise en scene - creatif(ve), autonome, rigoureux(se) et capable de travailler en equipe",CDI,1 May-16:25,https://www.marocannonces.com/categorie/309/Offres-emploi/annonce/10367895/Designer-3D-(3Ds-Max).html
Assistante de direction,Agence immo elite consulting,Accueil / Secrétariat / Administration,Marrakech,"formation en gestion, administration ou comptabilite experience souhaitee dans un poste similaire maitrise des outils bureautiques (excel, word...) sens de lorganisation, rigueur et discretion excellente presentation et sens du relationnel participer activement a la bonne image de l'agence maitrise parfaite du francais (ecrit et oral).",", est specialisee dans limmobilier a marrakech : achat, vente, location, gestion de patrimoine, consulting et conseil en investissement. dans le cadre de notre developpement, nous recrutons une assistante administrative polyvalente.",A discuter,1 May-16:15,https://www.marocannonces.com/categorie/309/Offres-emploi/annonce/10371122/Assistante-de-direction.html
Technicienne de laboratoire d’analyses mÉdicales,LABO,Santé / Médical,Oujda,"requises : - licence en biologie medicale ou equivalent. - experience prealable de 1 an minimum dans un laboratoire danalyses medicales . - connaissance des techniques de laboratoire et des normes de qualite. - rigueur, precision et sens de l'organisation. - capacite a travailler en equipe.","prealable de 1 an minimum dans un laboratoire danalyses medicales . - connaissance des techniques de laboratoire et des normes de qualite. - rigueur, precision et sens de l'organisation. - capacite a travailler en equipe.",A discuter,1 May-16:15,https://www.marocannonces.com/categorie/309/Offres-emploi/annonce/10368581/TECHNICIENNE-DE-LABORATOIRE-D’ANALYSES-MÉDICALES.html
Commercial sedentaire et achat,technique equipement,Industrie / Ingénierie / Energie,Casablanca,,,CDD,1 May-16:15,https://www.marocannonces.com/categorie/309/Offres-emploi/annonce/10367882/COMMERCIAL-SEDENTAIRE-ET-ACHAT.html
Dessinateur autocad/revit construction metalliques,COMPACT bureau d'etudes,Construction / Btp,Tanger,"et vos ambitions, vous pourrez egalement participer a la realisation de modeles de calcul 3d. - exigences de l'offre : diplome minimum bac +2 en construction metallique / bim. experience de plus de 3 ans bonne maitrise dautocad avec un bon sens technique bonne maitrise de revit connaissances en modelisation bim solides bases techniques en structures",de plus de 3 ans bonne maitrise dautocad avec un bon sens technique bonne maitrise de revit connaissances en modelisation bim solides bases techniques en structures,A discuter,1 May-16:15,https://www.marocannonces.com/categorie/309/Offres-emploi/annonce/10367109/Dessinateur-AutocadRevit-Construction-Metalliques.html
Agent de production opérateur,APTIV SERVICES MAROC TANGER - M2,Automobile,Tanger,,,CDI,1 May-16:10,https://www.marocannonces.com/categorie/309/Offres-emploi/annonce/10370271/Agent-de-production-Opérateur.html
Assistante ressources humaines a,SOCIETE,Immobilier,Casablanca,,au moins de 3 ans dans un poste similaire. vos principales,A discuter,1 May-16:00,https://www.marocannonces.com/categorie/309/Offres-emploi/annonce/10367085/Assistante-Ressources-Humaines-A-CASABLANCA.html
Chef de chantier btp avec équipe,sergab,Construction / Btp,Casablanca,,exigee.,A discuter,1 May-16:00,https://www.marocannonces.com/categorie/309/Offres-emploi/annonce/10363898/Chef-de-Chantier-BTP-avec-équipe.html
Assistant(e) contrôleur de gestion,,Comptabilité / Gestion / Audit,Agadir,"formation en finance, comptabilite ou controle de gestion minimum 5 ans dexperience dans un poste similaire excellente maitrise de la comptabilite analytique bonne connaissance des systemes sage et idealement sap business one (b1) experience dans le secteur agricole ou agro-industriel fortement appreciee solides capacites danalyse, rigueur et sens de lorganisation autonomie et capacite a travailler en interaction avec plusieurs departements - conditions poste base a agadir disponibilite immediate ou a convenir remuneration attractive selon profil et experience","dans un poste similaire excellente maitrise de la comptabilite analytique bonne connaissance des systemes sage et idealement sap business one (b1) experience dans le secteur agricole ou agro-industriel fortement appreciee solides capacites danalyse, rigueur et sens de lorganisation autonomie et capacite a travailler en interaction avec plusieurs departements - conditions poste base a agadir disponibilite immediate ou a convenir remuneration attractive selon profil et experience",A discuter,1 May-15:55,https://www.marocannonces.com/categorie/309/Offres-emploi/annonce/10371105/Assistant(e)-Contrôleur-de-Gestion.html
Techniciens Électriciens,Volet watt Énergie,Autre,Casablanca,,confirmee en la matiere plus 5ans dans le,A discuter,1 May-15:55,https://www.marocannonces.com/categorie/309/Offres-emploi/annonce/10369491/Techniciens-Électriciens.html
Resp. adv et recouvrement en immobilier,SOCIETE,Immobilier,Casablanca,,de 5 ans minimum dans un poste similaire.,CDI,1 May-15:55,https://www.marocannonces.com/categorie/309/Offres-emploi/annonce/10367083/Resp-ADV-et-Recouvrement-en-Immobilier.html
Chargé(e) de recouvrement & facturation,Confidentiel,Transport / Achat / Logistique,Tanger,"- bac+2 a bac+5 en gestion, finance, comptabilite ou equivalent - experience en recouvrement & facturation idealement dans une societe de transport internationale - bonne maitrise des outils bureautiques - bon relationnel et aisance en communication poste base a tanger",en recouvrement & facturation idealement dans une societe de transport internationale - bonne maitrise des outils bureautiques - bon relationnel et aisance en communication poste base a tanger,CDI,1 May-15:50,https://www.marocannonces.com/categorie/309/Offres-emploi/annonce/10366343/Chargé(e)-de-Recouvrement-et-Facturation-–-Tanger.html
Comptable /,Société GÉNÉRAL BUREAU,Comptabilité / Gestion / Audit,Casablanca,"bac +3 en comptabilite, finance ou equivalent experience minimum de 5 ans dans un poste similaire bonne maitrise des outils comptables et informatiques rigueur, organisation et sens de la confidentialite capacite a travailler en equipe et a respecter les delais","minimum de 5 ans dans un poste similaire bonne maitrise des outils comptables et informatiques rigueur, organisation et sens de la confidentialite capacite a travailler en equipe et a respecter les delais",CDI,1 May-15:45,https://www.marocannonces.com/categorie/309/Offres-emploi/annonce/10367078/Comptable-casablanca.html
Acheteuse en btp confirmée,Ste Imilchil SARL,Construction / Btp,Rabat,-experience obligatoire de minimum 5 ans dans les achats btp,probante dau moins 5 ans dans les achats en btp.,CDI,1 May-15:45,https://www.marocannonces.com/categorie/309/Offres-emploi/annonce/10366333/Acheteuse-en-BTP-Confirmée.html
Assistante administrative commerciale,Laboratoire de métrologie,Commercial / Vente,Casablanca,"experience obligatoire dans un poste similaire bac+2 / bac+3 en gestion, commerce ou administration excellente maitrise de word, excel et outlook bon niveau en francais (ecrit et oral) sens de lorganisation, autonomie et rigueur bonne presentation et aisance relationnelle - poste base a : casablanca ( roches noires ) - pour postuler : merci denvoyer votre cv via ce site marocannonces","obligatoire dans un poste similaire bac+2 / bac+3 en gestion, commerce ou administration excellente maitrise de word, excel et outlook bon niveau en francais (ecrit et oral) sens de lorganisation, autonomie et rigueur bonne presentation et aisance relationnelle - poste base a : casablanca ( roches noires ) - pour postuler : merci denvoyer votre cv via ce site marocannonces",A discuter,1 May-15:40,https://www.marocannonces.com/categorie/309/Offres-emploi/annonce/10371793/Assistante-administrative-commerciale.html
Chargée de communication,Groupe EIPMC,Marketing / Communication / Publicité / Rp,Marrakech,en redaction et en communication verbale. - maitrise des outils de communication numerique et des reseaux sociaux. -etre flexible et apte de travailler sous pression - capacite a travailler de maniere autonome et en equipe. qualites recherchees : - sens de lorganisation et gestion efficace du temps. - excellent relationnel et aptitude a travailler avec des personnes de differents horizons. nous offrons : - un environnement de travail dynamique et stimulant. - des opportunites de developpement professionnel. - un,professionnelle de 2 a 5 ans dans un poste similaire. - excellentes,A discuter,1 May-15:35,https://www.marocannonces.com/categorie/309/Offres-emploi/annonce/10370229/Chargée-de-communication.html
Enseignantes d'anglais maternelle et primaire,,Education / Social / Petite Enfance,Rabat,"et qualites : sens pedagogique adapte aux jeunes enfants creativite, dynamisme et esprit dinitiative patience, bienveillance et capacite decoute maitrise des methodes denseignement ludiques (jeux, chansons, activites interactives) capacite a travailler en equipe et a sadapter aux differents niveaux disponibilite souhaitee : immediate si notre offre correspond a votre profil, merci de nous faire parvenir votre cv.",dau moins 3 ans dans un poste similaire.,,1 May-15:30,https://www.marocannonces.com/categorie/309/Offres-emploi/annonce/10366311/Enseignantes-danglais-maternelle-et-primaire.html
Receptioniste,hotel,Tourisme / Hôtellerie / Restauration,Marrakech,,,CDI,1 May-15:30,https://www.marocannonces.com/categorie/309/Offres-emploi/annonce/10365480/Receptioniste.html
Technico commercial rabat / marrakech,SIRMEL,Commercial / Vente,Casablanca,,,CDI,1 May-15:30,https://www.marocannonces.com/categorie/309/Offres-emploi/annonce/10363864/Technico-commercial-Rabat-Marrakech.html
Mechanical industrial deisgner,Confidentiel,Industrie / Ingénierie / Energie,Casablanca,,"in mechanical product design, very skilled in product design using solidworks / pdm. with a very good level in english.",CDI,1 May-15:25,https://www.marocannonces.com/categorie/309/Offres-emploi/annonce/10371772/Mechanical-Industrial-Deisgner.html
Magasinier,IPA,Transport / Achat / Logistique,Casablanca,"niveau bac minimum (souhaite) sens de lorganisation, rigueur et esprit dequipe dynamisme et capacite a travailler dans un environnement structure - lieu de travail : sidi bernoussi casablanca",,A discuter,1 May-15:25,https://www.marocannonces.com/categorie/309/Offres-emploi/annonce/10366303/Magasinier.html
Magasinier coupe câble,SIRMEL,Transport / Achat / Logistique,Casablanca,,dans la coupe de cable. savoir lire et ecrire travail en equipe permis caces,CDI,1 May-15:25,https://www.marocannonces.com/categorie/309/Offres-emploi/annonce/10363861/Magasinier-coupe-câble.html
Responsable logistique,Oxynord,Transport / Achat / Logistique,Casablanca,"personnelles : - leadership et esprit dequipe - reactivite et capacite a gerer les imprevus - sens de lanalyse et de la resolution de problemes - rigueur, autonomie et sens des priorites nous offrons : - un environnement de travail stimulant - des perspectives devolution - remuneration attractive selon profil","de 3 ans confirmee dans un poste similaire - bonne maitrise des outils de gestion logistique (erp, excel...) - sens de responsabilite et de lorganisation",A discuter,1 May-15:25,https://www.marocannonces.com/categorie/309/Offres-emploi/annonce/10363860/Responsable-Logistique.html
Responsable ressources humaines,Oxynord,Industrie / Ingénierie / Energie,Tanger,des collaborateurs (plans de,de 2 ans dans un poste similaire est souhaitable - bonne maitrise du droit du travail - excellentes capacites relationnelles et organisationnelles - sens de la confidentialite et de lecoute,A discuter,1 May-15:25,https://www.marocannonces.com/categorie/309/Offres-emploi/annonce/10363855/Responsable-Ressources-Humaines.html
Agent / femme de sécurité,La Terrasse des épices,Tourisme / Hôtellerie / Restauration,Marrakech,un premiere experience dans la securite avec au moins une bonne maitrise de la langue francaise. nous acceptons les profils debutants. merci d'envoyer vos cv's directement a travers marocannonces.,dans la securite avec au moins une bonne maitrise de la langue francaise. nous acceptons les profils debutants. merci d'envoyer vos cv's directement a travers marocannonces.,CDD,1 May-15:15,https://www.marocannonces.com/categorie/309/Offres-emploi/annonce/10371072/Agent-Femme-de-Sécurité.html
OpÉrateur machine dÉcoupe laser cnc,SARL,Industrie / Ingénierie / Energie,Deroua,"- lecture et interpretation de plans techniques et de documents de fabrication - maitrise des reglages de base de machines a commande numerique - connaissances en metrologie, controle qualite et securite industrielle qualites personnelles : - rigueur dans le respect des consignes et des tolerances - forte autonomie dans le travail quotidien - sens des responsabilites et de la securite - bonne capacite a travailler en equipe",- une premiere experience reussie sur machines de decoupe laser fibre et/ou plasma cnc est souhaitee,CDI,1 May-15:15,https://www.marocannonces.com/categorie/309/Offres-emploi/annonce/10366294/OPÉRATEUR-MACHINE-DÉCOUPE-LASER-CNC.html
Electricien maintenance,société agroalimentaire,Industrie / Ingénierie / Energie,Casablanca,,3 ans a 4 ans similaire poste transport non assure,CDD,1 May-15:10,https://www.marocannonces.com/categorie/309/Offres-emploi/annonce/10367813/electricien-maintenance.html
4 commis de cuisine et 2 serveuses,KMC Company,Tourisme / Hôtellerie / Restauration,Rabat,,,CDI,1 May-15:00,https://www.marocannonces.com/categorie/309/Offres-emploi/annonce/10372399/4-Commis-de-cuisine-et-2-serveuses.html
Chef de carriere,CARRIERE BENGURIR,Construction / Btp,Benguerir,,,CDI,1 May-15:00,https://www.marocannonces.com/categorie/309/Offres-emploi/annonce/10371695/CHEF-DE-CARRIERE.html
Chef d’Équipe production industrie textile (h/f),OMEGA TEXTILE MAROC,Industrie / Ingénierie / Energie,Casablanca,"fortes capacites de leadership, rigueur, et sens de lorganisation.",minimum 1 an d'experience reussie dans un poste similaire en milieu industriel (l'experience dans le textile/chaussettes est un grand avantage).,A discuter,1 May-14:55,https://www.marocannonces.com/categorie/309/Offres-emploi/annonce/10372410/Chef-d’Équipe-Production-–-Industrie-Textile-(HF).html
Pré vendeur à (food),SAPLINCO,Commercial / Vente,Tanger,"correspond aux criteres demandes, priere de nous transmettre votre candidature via ce site. dans l'attente de vous lire.",probante dans le,A discuter,1 May-14:48,https://www.marocannonces.com/categorie/309/Offres-emploi/annonce/10322315/Pré-vendeur-à-Tanger-(Food).html
Infirmiere medicale,LABORATOIRE ANALYSES MEDICALES,Biologie / Chimie / Pharmaceutique,Marrakech,,exigee maitrise de la prise de sang,CDI,1 May-14:45,https://www.marocannonces.com/categorie/309/Offres-emploi/annonce/10368497/INFIRMIERE-MEDICALE.html
Technicien de laboratoire experimente,LABORATOIRE ANALYSES MEDICALES,Santé / Médical,Marrakech,,3ans minimum maitrise de toutes les paillasses poste sur marrakech,CDI,1 May-14:45,https://www.marocannonces.com/categorie/309/Offres-emploi/annonce/10368495/TECHNICIEN-DE-LABORATOIRE-EXPERIMENTE.html
Ingénieur qa (cypress) 2 ans d’expérience minimum,ALTER IPSO,Informatique / Multimédia / Internet,Marrakech,"requises - experience obligatoire en automatisation de tests e2e avec cypress - maitrise obligatoire de git (gestion de versions, branches, merge, pull request) - bonne maitrise de docker (pull, push, execution de commandes shell) - connaissances solides en sql (requetes, validation de donnees) - experience en environnement saas avec cycles de deploiement frequents - familiarite avec aws (ec2) - aisance avec ssh et les environnements linux - experience avec les pipelines ci/cd, notamment github actions (yaml) - maitrise doutils de test dapi (postman, bruno ou equivalent) - excellentes","obligatoire en automatisation de tests e2e avec cypress - maitrise obligatoire de git (gestion de versions, branches, merge, pull request) - bonne maitrise de docker (pull, push, execution de commandes shell) - connaissances solides en sql (requetes, validation de donnees) - experience en environnement saas avec cycles de deploiement frequents - familiarite avec aws (ec2) - aisance avec ssh et les environnements linux - experience avec les pipelines ci/cd, notamment github actions (yaml) - maitrise doutils de test dapi (postman, bruno ou equivalent) - excellentes",CDI,1 May-14:45,https://www.marocannonces.com/categorie/309/Offres-emploi/annonce/10367791/Ingénieur-QA-(Cypress)–-2-ans-d’expérience-minimum.html
Assistante commerciale/administrative,TOPOTRADE,Industrie / Ingénierie / Energie,Casablanca,"experience confirmee en vente b2b idealement dans le secteur industriel bonne connaissance du materiel electrique, pneumatique, hydraulique ou automatisme excellent relationnel et sens de la negociation dynamique, autonome et oriente resultats permis de conduire souhaite nous offrons","confirmee en vente b2b idealement dans le secteur industriel bonne connaissance du materiel electrique, pneumatique, hydraulique ou automatisme excellent relationnel et sens de la negociation dynamique, autonome et oriente resultats permis de conduire souhaite nous offrons",CDI,1 May-14:45,https://www.marocannonces.com/categorie/309/Offres-emploi/annonce/10367786/ASSISTANTE-COMMERCIALEADMINISTRATIVE.html
Enseignante francais primaire,GROUPE SCOLAIRE TRILINGUE ANFA,Education / Social / Petite Enfance,Casablanca,"creer une atmosphere dapprentissage positive afin dinciter les eleves a penser et agir de maniere autonome. vous faites preuve dempathie et dune grande capacite a communiquer et transmettre. vous mettez en place des activites ludiques et creatives pour favoriser les apprentissages. vous maitrisez les outils informatiques (du type word, excel et powerpoint) et etes a laise pour travailler dans un environnement numerique.","s ou plus vous maitrisez le francais dans le cadre de son enseignement. vous avez des qualites dadaptation aux differents temperament des eleves. vous etes capable de creer une atmosphere dapprentissage positive afin dinciter les eleves a penser et agir de maniere autonome. vous faites preuve dempathie et dune grande capacite a communiquer et transmettre. vous mettez en place des activites ludiques et creatives pour favoriser les apprentissages. vous maitrisez les outils informatiques (du type word, excel et powerpoint) et etes a laise pour travailler dans un environnement numerique.",CDI,1 May-14:45,https://www.marocannonces.com/categorie/309/Offres-emploi/annonce/10366259/ENSEIGNANTE-FRANCAIS-PRIMAIRE.html
Aide comptable,Artser maroc,Comptabilité / Gestion / Audit,Casablanca,,,CDI,1 May-14:45,https://www.marocannonces.com/categorie/309/Offres-emploi/annonce/10366243/Aide-comptable.html
Chargé(e) d’approvisionnement,AKSAM,Transport / Achat / Logistique,Casablanca,"diplome bac+3 en logistique, gestion ou equivalent 1ere experience souhaitee bon niveau en informatique (maitrise des outils bureautiques et systemes de gestion type erp) sens de lorganisation, rigueur et reactivite bon esprit dequipe et capacite de coordination","souhaitee bon niveau en informatique (maitrise des outils bureautiques et systemes de gestion type erp) sens de lorganisation, rigueur et reactivite bon esprit dequipe et capacite de coordination",A discuter,1 May-14:40,https://www.marocannonces.com/categorie/309/Offres-emploi/annonce/10365402/Chargé(e)-d’approvisionnement.html
Commercial terrain maroc,MAXAB,Commercial / Vente,Tout le Maroc,,,A discuter,1 May-14:40,https://www.marocannonces.com/categorie/309/Offres-emploi/annonce/10365400/Commercial-Terrain-Maroc.html
Declarant en douane,entreprise,Entreprise / Import / Export,Casablanca,"bac+5 avec experience de 3 a 5 ans en tant que declarant(e) en douane. maitrise du systeme badr et bonne connaissance de la reglementation douaniere marocaine. sens de lorganisation, rigueur et reactivite. excellentes capacites de communication et esprit dequipe.","de 3 a 5 ans en tant que declarant(e) en douane. maitrise du systeme badr et bonne connaissance de la reglementation douaniere marocaine. sens de lorganisation, rigueur et reactivite. excellentes capacites de communication et esprit dequipe.",CDI,1 May-14:40,https://www.marocannonces.com/categorie/309/Offres-emploi/annonce/10363815/DECLARANT-EN-DOUANE.html
Full stack .net developer,Confidentiel,Industrie / Ingénierie / Energie,Casablanca,,,CDI,1 May-14:35,https://www.marocannonces.com/categorie/309/Offres-emploi/annonce/10371726/Full-Stack-NET-Developer.html
Gestionnaire administrative et financière,SOBOMO,Comptabilité / Gestion / Audit,Agadir,"rigueur, sens de lorganisation et fiabilite bonne maitrise des outils informatiques (notamment excel) connaissances de base en comptabilite esprit danalyse et sens des responsabilites",,CDI,1 May-14:35,https://www.marocannonces.com/categorie/309/Offres-emploi/annonce/10370154/Gestionnaire-Administrative-et-Financière.html
Responsable logistique,,Entreprise / Import / Export,Tanger,bac+5 en logistique ou equivalent experience de 10 ans minimum en gestion logistique bonne maitrise des incoterms et procedures douanieres maitrise dexcel et des erp bon niveau en francais (anglais souhaitable),de 10 ans minimum en gestion logistique bonne maitrise des incoterms et procedures douanieres maitrise dexcel et des erp bon niveau en francais (anglais souhaitable),CDI,1 May-14:25,https://www.marocannonces.com/categorie/309/Offres-emploi/annonce/10368479/Responsable-Logistique.html
Pré vendeur détail à ain sbaa,Confidentiel,Grande Distribution,Casablanca,- niveau bac+2 ou equivalent. - experience minimale de 2 ans dans le,minimale de 2 ans dans le,CDI,1 May-14:15,https://www.marocannonces.com/categorie/309/Offres-emploi/annonce/10372843/Pré-vendeur-détail-à-casablanca-ain-sbaa.html
Aide livreur permis c à,Confidentiel,Grande Distribution,Casablanca,- niveau bac ou plus - permis de conduire type c - experience obligatoire dans un poste similaire nhesitez pas a envoyer vos cv.,obligatoire dans un poste similaire nhesitez pas a envoyer vos cv.,A discuter,1 May-14:15,https://www.marocannonces.com/categorie/309/Offres-emploi/annonce/10372839/Aide-livreur-permis-C-à-Casablanca.html
Responsable logistique,Confidentiel,Grande Distribution,Casablanca,"en organisation, planification et gestion des priorites. capacite a piloter des equipes et a travailler en transversal. sens de lanalyse, reactivite et orientation resultats.","confirmee dans un poste similaire (idealement en grande distribution). bonne maitrise des outils informatiques, notamment excel (tcd, analyse de donnees). solides",A discuter,1 May-14:15,https://www.marocannonces.com/categorie/309/Offres-emploi/annonce/10372838/Responsable-Logistique.html
Superviseur de vente détail,Confidentiel,Grande Distribution,Agadir,demande,,CDI,1 May-14:15,https://www.marocannonces.com/categorie/309/Offres-emploi/annonce/10372841/Superviseur-de-vente-détail-Agadir.html
Agent de livraison et recuperation a,Marrakech Location Voiture,Automobile,Marrakech,,,A discuter,1 May-14:15,https://www.marocannonces.com/categorie/309/Offres-emploi/annonce/10369051/AGENT-DE-LIVRAISON-ET-RECUPERATION-A-MARRAKECH.html
Planificateur logistique,Confidentiel,Grande Distribution,Casablanca,"bac+2 a bac+5 en logistique, transport ou gestion. premiere experience souhaitee dans un poste similaire. bonne maitrise dexcel et sens de lorganisation.",souhaitee dans un poste similaire. bonne maitrise dexcel et sens de lorganisation.,CDI,1 May-14:14,https://www.marocannonces.com/categorie/309/Offres-emploi/annonce/10372837/Planificateur-Logistique.html
Aide livreur permis c à,Confidentiel,Grande Distribution,Rabat,- niveau bac ou plus - permis de conduire type c - experience obligatoire dans un poste similaire nhesitez pas a envoyer vos cv.,obligatoire dans un poste similaire nhesitez pas a envoyer vos cv.,A discuter,1 May-14:14,https://www.marocannonces.com/categorie/309/Offres-emploi/annonce/10372840/Aide-livreur-permis-C-à-Rabat.html
Assistante,MPI,Comptabilité / Gestion / Audit,Casablanca,bac+3 (gestion) maitrise avancee d'excel (test au recrutement) rigueur et autonomie. - commercial(e) terrain b2b (secteur chr),vente exigee profil oriente resultats (remuneration et moyens evolutifs selon performance). pourquoi nous rejoindre ?,A discuter,2 May-13:50,https://www.marocannonces.com/categorie/309/Offres-emploi/annonce/10363788/Assistante.html
Chef de chantier btp expérimenté (h/f) avec équi,Atelier Reyad,Construction / Btp,Casablanca,"- experience +10 ans en btp (projets publics et prives) - capacite a gerer une equipe remuneration : 10 000 a 15 000 dh, negociable selon experience et profil localisation : casablanca -maroc","+10 ans en btp (projets publics et prives) - capacite a gerer une equipe remuneration : 10 000 a 15 000 dh, negociable selon experience et profil localisation : casablanca -maroc",CDI,1 May-14:55,https://www.marocannonces.com/categorie/309/Offres-emploi/annonce/10364809/Chef-de-Chantier-BTP-expérimenté-(HF)-–-Avec-équi.html
Chef de projet technicien génie civil,Atelier Reyad,Construction / Btp,Casablanca,"formation genie civil experience +10 ans en btp remuneration : 8 000 a 12 000 dh, negociable selon experience localisation : casablanca-maroc","+10 ans en btp remuneration : 8 000 a 12 000 dh, negociable selon experience localisation : casablanca-maroc",CDI,1 May-14:55,https://www.marocannonces.com/categorie/309/Offres-emploi/annonce/10364808/Chef-de-projet-technicien-génie-civil.html
Agent contrôle qualité,Société Industriel,Industrie / Ingénierie / Energie,Kénitra,formation : bac+2 ou bac+3 technique (construction metallique ou traitement de surface) ; bonne maitrise de la langue francaise et des outils informatiques ; bonne maitrise des outils qualite ; experience : minimum 1 an dans le secteur industriel ; disponibilite : immediate.,minimum 1 an dans le secteur industriel ; disponibilite : immediate.,A discuter,1 May-14:50,https://www.marocannonces.com/categorie/309/Offres-emploi/annonce/10370190/Agent-Contrôle-qualité.html
Infirmier(e) polyvalent(e) en hémodialyse,Centre d'Hémodialyse Ain Aouda,Santé / Médical,Tout le Maroc,- bac+3 avec une experience de 3 ans - excellentes aptitudes relationnelles - capacite a gerer les situations difficiles - ponctualite - l'hygiene et la securite des patients. merci denvoyer vos candidatures par mail via ce site marocannonces,"minimale de 3 ans, pour rejoindre notre equipe et assurer les responsabilites liees a ce poste.",A discuter,1 May-14:50,https://www.marocannonces.com/categorie/309/Offres-emploi/annonce/10367015/Infirmier(e)-polyvalent(e)-en-Hémodialyse.html
Agent téléassistante,Groupe Multi-Laboratoire LC2A,Accueil / Secrétariat / Administration,Mohammedia,"bac+2 minimum (gestion, commerce ou equivalent) excellente communication en francais (oral et ecrit) sens de lecoute et du service maitrise des outils informatiques une premiere experience en centre dappel est un atout conditions : poste base a mohammedia",en centre dappel est un atout conditions : poste base a mohammedia,A discuter,2 May-15:13,https://www.marocannonces.com/categorie/309/Offres-emploi/annonce/10373111/Agent-Téléassistante.html
Opérateur de machine / ain sbaa,DominoRH,Industrie / Ingénierie / Energie,Casablanca,,dans un poste similaire niveau bac+diplome transport non assure,Interim,4 May-13:29,https://www.marocannonces.com/categorie/309/Offres-emploi/annonce/10352189/Opérateur-de-machine-ain-sbaa-casablanca.html
Opérateur d’emballage transport assuré,Dama,Autre,Had Soualem,"niveau bac ou qualification professionnelle une premiere experience en industrie ou en conditionnement est souhaitable bonne capacite a travailler sur une ligne de production connaissance des regles dhygiene, de securite et de qualite capacite a suivre les consignes et procedures","en industrie ou en conditionnement est souhaitable bonne capacite a travailler sur une ligne de production connaissance des regles dhygiene, de securite et de qualite capacite a suivre les consignes et procedures",Interim,4 May-13:29,https://www.marocannonces.com/categorie/309/Offres-emploi/annonce/10374253/Opérateur-d’emballage-had-soualem-transport-assuré.html
Femmes de chambre et des valet de chambre,ManpowerGroupe,Tourisme / Hôtellerie / Restauration,Rabat,,de 3 ans dans un poste similaire pour un,Interim,4 May-13:29,https://www.marocannonces.com/categorie/309/Offres-emploi/annonce/10374252/Femmes-de-chambre-et-des-Valet-de-chambre-Rabat.html
Commercial en textile & produits finis,AMA AMENAGEMENT,Commercial / Vente,Casablanca,sou,,A discuter,4 May-13:29,https://www.marocannonces.com/categorie/309/Offres-emploi/annonce/10374250/COMMERCIAL-EN-TEXTILE-et-PRODUITS-FINIS.html
Recrutement collaborateurs polyvalent,LABELVIE SA,Grande Distribution,Casablanca,-bac ou bien diplome (qualification t technicien ) -sens de service et esprit d'equipe,,Anapec,4 May-13:10,https://www.marocannonces.com/categorie/309/Offres-emploi/annonce/10374242/RECRUTEMENT-COLLABORATEURS-POLYVALENT.html
Receptionniste,BestProfil,Tourisme / Hôtellerie / Restauration,Marrakech,"en communication et en service client connaissance d'une autre langue (arabe, espagnol, etc.) experience dans le secteur hotelier ou touristique connaissances de base en comptabilite","en accueil ou en secretariat excellente maitrise du francais et de l'anglais (oral et ecrit) connaissances de base en gestion administrative maitrise des outils bureautiques (word, excel, etc.) sens de l'organisation et rigueur excellentes",Interim,4 May-12:53,https://www.marocannonces.com/categorie/309/Offres-emploi/annonce/10374231/RECEPTIONNISTE-MARRAKECH.html
Agent de nettoyage,BEINTERIM,Tourisme / Hôtellerie / Restauration,Essaouira,,dans un poste similaire souhaitee capacite a travailler en autonomie,Interim,4 May-12:53,https://www.marocannonces.com/categorie/309/Offres-emploi/annonce/10374230/AGENT-DE-NETTOYAGE.html
Caissières à,AFRICA STAFFING,Commercial / Vente,Casablanca,"experience souhaitee dans un poste similaire (distribution, restauration, commerce) presentation soignee, sens du service et bonne communication serieux(se), organise(e) et ponctuel(le) maitrise de base des outils de caisse",client.,Interim,4 May-12:49,https://www.marocannonces.com/categorie/309/Offres-emploi/annonce/10339760/Caissières-à-casablanca.html
Agent scheduler,,Transport / Achat / Logistique,Casablanca,". bac +3 en transport et logistique . diplome dune ecole specialisee (type istl / ofppt ou equivalent) . une experience confirmee dans un poste similaire . bonne maitrise des techniques de planification et dordonnancement . sens de lorganisation, rigueur et reactivite . esprit dequipe et bonne capacite de communication . bonne maitrise des outils informatiques (excel, logiciels logistiques...)","confirmee dans un poste similaire . bonne maitrise des techniques de planification et dordonnancement . sens de lorganisation, rigueur et reactivite . esprit dequipe et bonne capacite de communication . bonne maitrise des outils informatiques (excel, logiciels logistiques...)",A discuter,4 May-12:49,https://www.marocannonces.com/categorie/309/Offres-emploi/annonce/10374228/Agent-scheduler.html
Receptioniste spa,BEINTERIM,Tourisme / Hôtellerie / Restauration,Al hoceima,,dans un poste similaire ou en hotellerie souhaitee,Interim,4 May-12:49,https://www.marocannonces.com/categorie/309/Offres-emploi/annonce/10374227/RECEPTIONISTE-SPA.html
Recrutement contrôleur de nuit,,Sécurité / Surveillance / Gardiennage,Marrakech,"- niveau detudes : bac+2 - experience en surveillance ou securite souhaitee - serieux, ponctuel et discipline - capacite a travailler de nuit - bonne condition physique et sens de lorganisation lieu : marrakech merci denvoyer votre cv via lannonce ou de nous contacter pour postuler.","en surveillance ou securite souhaitee - serieux, ponctuel et discipline - capacite a travailler de nuit - bonne condition physique et sens de lorganisation lieu : marrakech merci denvoyer votre cv via lannonce ou de nous contacter pour postuler.",A discuter,4 May-12:39,https://www.marocannonces.com/categorie/309/Offres-emploi/annonce/10348796/Recrutement-Contrôleur-de-Nuit-–-Marrakech.html
Gérant magasin prêt à porter,sarl,Commercial / Vente,Tanger,,"en retail, minimum de 5 ans . notre magasin est specialise en vente d'article pour femme et homme. - nous recrutons une personne dynamique et serieuse avec un bon contact client. - personne interessee, veuillez, envoyer votre cv avec photo.",A discuter,4 May-12:29,https://www.marocannonces.com/categorie/309/Offres-emploi/annonce/10370744/Gérant-magasin-Prêt-à-porter-Tanger.html
Assistante administrative et commerciale,Centre Académique Privé de la Formation professionnelle CAFP,Autre,Casablanca,"bac +3 en gestion, commerce ou equivalent bonne maitrise des outils informatiques (word, excel, email) bon niveau en francais (oral et ecrit) sens de laccueil, organisation et serieux esprit commercial et bonne communication une premiere experience est souhaitable",est souhaitable,A discuter,4 May-12:17,https://www.marocannonces.com/categorie/309/Offres-emploi/annonce/10374197/Assistante-Administrative-et-Commerciale.html
Responsable maintenance jorf lasfar ( ),SMM SOCODAM DAVUM,Construction / Btp,El jadida,"cles : sens de lorganisation, methode et rigueur. dynamisme, reactivite et flexibilite. capacite a encadrer des equipes et a gerer plusieurs projets simultanement. connaissance approfondie des normes de maintenance preventive et corrective.",minimum 5 ans dans un poste similaire avec une forte experience dans la gestion de chantiers et la conduite des travaux.,CDI,4 May-12:15,https://www.marocannonces.com/categorie/309/Offres-emploi/annonce/10374191/Responsable-Maintenance-Jorf-Lasfar-(El-Jadida).html
Assistante gouvernante,BestProfil,Tourisme / Hôtellerie / Restauration,Marrakech,en communication et en service client. sens des responsabilites et discretion. capacite a s'adapter a un environnement multiculturel.,"averee en gestion de maison, idealement dans un contexte international ou haut de gamme. excellente maitrise du francais et de l'anglais, une autre langue est un atout. capacite a gerer plusieurs taches simultanement et a travailler de maniere autonome. sens aigu du detail, rigueur et organisation. disponibilite et flexibilite pour des horaires variables. excellentes",Interim,4 May-12:12,https://www.marocannonces.com/categorie/309/Offres-emploi/annonce/10367433/ASSISTANTE-GOUVERNANTE-MARRAKECH.html
Standardiste,BestProfil,Tourisme / Hôtellerie / Restauration,Marrakech,en communication ecrite et orale. capacite a travailler de maniere autonome et en equipe. sens aigu du detail et de l'organisation. connaissance des normes iso ou d'autres systemes de gestion de la qualite est un atout.,"prealable dans un role similaire, idealement dans le secteur de l'hotellerie ou des services. excellentes",Interim,4 May-12:12,https://www.marocannonces.com/categorie/309/Offres-emploi/annonce/10374188/STANDARDISTE-MARRAKECH.html
Stagiaire rh chellalate,Maroc Express,Ressources Humaines / Recrutement / Intérim,Casablanca,,"3 a 6 mois, debut des que possible",Stage,4 May-12:11,https://www.marocannonces.com/categorie/309/Offres-emploi/annonce/10374186/Stagiaire-RH-Chellalate.html
Agent de suivi de flotte gps,OZONEXPRESS,Transport / Achat / Logistique,Casablanca,"experience terrain obligatoire (suivi de flotte, transport, logistique ou","terrain obligatoire (suivi de flotte, transport, logistique ou",A discuter,4 May-12:06,https://www.marocannonces.com/categorie/309/Offres-emploi/annonce/10374173/Agent-de-Suivi-de-Flotte-GPS.html
Commercial terrain,STG TELEMATICS MOROCCO,Commercial / Vente,Tanger,"bac+3 en commerce, gestion ou","souhaitee en vente terrain ou b2b excellent sens relationnel et fibre commerciale capacite de negociation et orientation resultats autonomie, organisation et perseverance bonne connaissance de la region de tanger permis b",A discuter,4 May-12:02,https://www.marocannonces.com/categorie/309/Offres-emploi/annonce/10374169/Commercial-Terrain-–-Tanger.html
Agent de pointage hay mohammadi,OZONEXPRESS,Transport / Achat / Logistique,Casablanca,- age : 21 ans et plus - niveau scolaire : niveau bac-bac - experience : non exigee debutant bienvenu - residence : casablanca-region hay mohammadi (obligatoire) - a laise avec les systemes informatique vos,non exigee debutant bienvenu - residence : casablanca-region hay mohammadi (obligatoire) - a laise avec les systemes informatique vos,A discuter,4 May-12:02,https://www.marocannonces.com/categorie/309/Offres-emploi/annonce/10374164/Agent-de-pointage-Hay-mohammadi.html
chargé de clientèle d'agence,DEKRA,Banque / Finance / Assurance,Oujda,,merci d'envoyer vos candidature,Interim,4 May-12:02,"https://www.marocannonces.com/categorie/309/Offres-emploi/annonce/10374161/,-chargé-de-clientèle-dagence-Oujda.html"
Microbiologistes et chimistes cdi,Groupe Multi-Laboratoire LC2A,Santé / Médical,Agadir,- bac+3/5 en biologie microbiologie ou,"s en tant que technicien laboratoire ou dans un poste similaire - bonne maitrise des techniques danalyses microbiologiques - serieux, organise et esprit dequipe - poste base a agadir merci d'envoyer votre cv via ce site marocannonces bonne chance a tous",A discuter,4 May-11:50,https://www.marocannonces.com/categorie/309/Offres-emploi/annonce/10374139/Microbiologistes-et-Chimistes-CDI.html
Chargé de clientèle d'agence,DEKRA,Banque / Finance / Assurance,Fès,,merci d'envoyer vos candidature,Interim,4 May-11:50,https://www.marocannonces.com/categorie/309/Offres-emploi/annonce/10374136/Chargé-de-clientèle-dagence-Fès.html
chargé de clientèle d'agence casa,DEKRA,Banque / Finance / Assurance,Casablanca,,merci d'envoyer vos candidature,Interim,4 May-11:49,"https://www.marocannonces.com/categorie/309/Offres-emploi/annonce/10374132/,-chargé-de-clientèle-dagence-Casa.html"
Plusieurs postes restaurant à,GROUPE RESTAURANTS,Tourisme / Hôtellerie / Restauration,Marrakech,"s qualifies pour renforcer ses equipes en cuisine. nous recrutons pour les postes suivants : chef de partie snack chef de partie chaud chef de partie garde-manger sushi man les candidats retenus devront faire preuve de rigueur, de creativite et d'une solide experience en restauration. une bonne maitrise des techniques culinaires propres a chaque poste est indispensable.",en restauration. une bonne maitrise des techniques culinaires propres a chaque poste est indispensable.,Interim,4 May-11:26,https://www.marocannonces.com/categorie/309/Offres-emploi/annonce/10373411/Plusieurs-postes-–-restaurant-à-marrakech.html
Charge de caisse,prestation de service,Banque / Finance / Assurance,Marrakech,"charge de caisse titulaire d'un bac+3 en eco et gestion, commerce, avec au moins un an d'experience dans le",dans le,A discuter,4 May-11:26,https://www.marocannonces.com/categorie/309/Offres-emploi/annonce/10335144/Charge-de-caisse-marrakech.html
Gestionnaire de stock,prestation de service,Transport / Achat / Logistique,Berrechid,"bac +2 en logistique / gestion de stock minimum 1 an dexperience maitrise des outils informatique organisation, rigueur, communication pour les interesses, merci de nous envoyer votre candidature. salutations.","maitrise des outils informatique organisation, rigueur, communication pour les interesses, merci de nous envoyer votre candidature. salutations.",CDD,4 May-11:21,https://www.marocannonces.com/categorie/309/Offres-emploi/annonce/10374106/Gestionnaire-de-stock-–-Berrechid.html
Manager h/f mohammedia,McDonald's,Tourisme / Hôtellerie / Restauration,Casablanca,"comportementales, manageriales et operationnelles, il pourra evoluer vers le poste de 1er assistant apres avoir rempli les criteres pour passer le conseil de nomination et decrocher eventuellement le poste de directeur de restaurant une fois ses","en management, relation client, vente, etc...est souhaitable , bonne maitrise de la relation client animation d'equipe pratique professionnelle de la langue francaise.",CDI,4 May-11:21,https://www.marocannonces.com/categorie/309/Offres-emploi/annonce/10372465/Manager-HF-Mohammedia.html
Manager (h/f),McDonald's,Tourisme / Hôtellerie / Restauration,Rabat,"comportementales, manageriales et operationnelles, il pourra evoluer vers le poste de 1er assistant apres avoir rempli les criteres pour passer le conseil de nomination et decrocher eventuellement le poste de directeur de restaurant une fois ses","en management, relation client, vente, etc...est souhaitable , bonne maitrise de la relation client animation d'equipe pratique professionnelle de la langue francaise.",CDI,4 May-11:21,https://www.marocannonces.com/categorie/309/Offres-emploi/annonce/10331574/Manager-(hf)-rabat.html
Infirmière / technicien climatisation,a domicile,Santé / Médical,Casablanca,,+ 06 ans.,A discuter,4 May-11:21,https://www.marocannonces.com/categorie/309/Offres-emploi/annonce/10374110/Infirmière-technicien-climatisation.html
Manager h/f,McDonald's,Tourisme / Hôtellerie / Restauration,Kénitra,"comportementales, manageriales et operationnelles, il pourra evoluer vers le poste de 1er assistant apres avoir rempli les criteres pour passer le conseil de nomination et decrocher eventuellement le poste de directeur de restaurant une fois ses","en management, relation client, vente, etc...est souhaitable , bonne maitrise de la relation client animation d'equipe pratique professionnelle de la langue francaise.",CDI,4 May-11:21,https://www.marocannonces.com/categorie/309/Offres-emploi/annonce/10344080/Manager-HF-Kénitra.html
Manager h/f,McDonald's,Tourisme / Hôtellerie / Restauration,Salé,"comportementales, manageriales et operationnelles, il pourra evoluer vers le poste de 1er assistant apres avoir rempli les criteres pour passer le conseil de nomination et decrocher eventuellement le poste de directeur de restaurant une fois ses","en management, relation client, vente, etc...est souhaitable , bonne maitrise de la relation client animation d'equipe pratique professionnelle de la langue francaise.",CDI,4 May-11:20,https://www.marocannonces.com/categorie/309/Offres-emploi/annonce/10343629/Manager-HF-Salé.html
Chef de personnel,Confidentiel,Autre,Salé,"bac+3 a bac+5 en gestion des ressources humaines, droit social ou equivalent minimum 8 a 10 ans dexperience, idealement dans le secteur textile ou industriel excellente maitrise de la legislation sociale marocaine sens de lorganisation, rigueur et confidentialite bon relationnel et capacite a gerer des situations sensibles poste base a sale - merci dadresser votre candidature via ce site marocannonces",", idealement dans le secteur textile ou industriel excellente maitrise de la legislation sociale marocaine sens de lorganisation, rigueur et confidentialite bon relationnel et capacite a gerer des situations sensibles poste base a sale - merci dadresser votre candidature via ce site marocannonces",CDI,4 May-11:20,https://www.marocannonces.com/categorie/309/Offres-emploi/annonce/10374102/Chef-de-personnel.html
Grutier skhirat,MAROC FORCE EMPLOI,Construction / Btp,Temara,grutier : caces grue (ou equivalent) obligatoire + permis c/ec souhaite pour grue mobile,,Interim,4 May-11:20,https://www.marocannonces.com/categorie/309/Offres-emploi/annonce/10374098/GRUTIER-SKHIRAT.html
Technicien informatique & développement,PC MAROC,Informatique / Multimédia / Internet,Casablanca,,dans les solutions de caisse est un plus,CDI,4 May-11:14,https://www.marocannonces.com/categorie/309/Offres-emploi/annonce/10373829/Technicien-Informatique-et-Développement.html
Chargé(e) organisation & process,RH,Entreprise / Import / Export,Casablanca,"formation superieure bac +3 a bac +5 en management, qualite, audit, organisation ou equivalent experience de 3 a 5 ans minimum dans une",de 3 a 5 ans minimum dans une,CDI,4 May-11:13,https://www.marocannonces.com/categorie/309/Offres-emploi/annonce/10340625/Chargé(e)-Organisation-et-Process.html
Responsable exploitation logistique /,recrute,Transport / Achat / Logistique,Casablanca,"formation superieure en logistique, supply chain ou gestion experience significative dans un poste similaire forte capacite dorganisation et de leadership maitrise des outils de gestion de stock et dexcel rigueur, reactivite et sens des responsabilites","significative dans un poste similaire forte capacite dorganisation et de leadership maitrise des outils de gestion de stock et dexcel rigueur, reactivite et sens des responsabilites",CDI,4 May-11:13,https://www.marocannonces.com/categorie/309/Offres-emploi/annonce/10336092/Responsable-exploitation-logistique-casablanca.html
Assistante commerciale agence tanger,GROUP LE MATIN,Édition / Imprimerie / Journalisme,Casablanca,"- bac+2 a bac+4 en commerce, gestion ou equivalent - premiere experience dans une",dans une,CDI,4 May-11:13,https://www.marocannonces.com/categorie/309/Offres-emploi/annonce/10374096/Assistante-Commerciale-Agence-Tanger.html
Comptable confirmé(e),société,Autre,Casablanca,"diplome en comptabilite, finance ou gestion ; minimum 5 ans dexperience dans un poste similaire ; bonne maitrise des outils bureautiques (excel, logiciels comptables, erp) ; connaissance solide des normes comptables et fiscales locales ; esprit danalyse, rigueur, autonomie et sens de la confidentialite ; bon relationnel et capacite a travailler en equipe.","dans un poste similaire ; bonne maitrise des outils bureautiques (excel, logiciels comptables, erp) ; connaissance solide des normes comptables et fiscales locales ; esprit danalyse, rigueur, autonomie et sens de la confidentialite ; bon relationnel et capacite a travailler en equipe.",CDI,4 May-11:13,https://www.marocannonces.com/categorie/309/Offres-emploi/annonce/10262955/Comptable-Confirmé(e).html
Pré vendeur à (food),SAPLINCO,Commercial / Vente,Meknès,niveau bac a bac+2 en commerce ou equivalent. experience souhaitee dans la vente ou la distribution de produits alimentaires (food). bonne connaissance de la,souhaitee dans la vente ou la distribution de produits alimentaires (food). bonne connaissance de la,A discuter,4 May-11:12,https://www.marocannonces.com/categorie/309/Offres-emploi/annonce/10342877/Pré-vendeur-à-Meknès-(Food).html
Trade marketing & merchandising ( retail ),Multinational,Mode / Luxe / Beauté,Casablanca,- bac+5 en marketing / communication - experience de 3 a 5 ans en trade marketing / retail / fmcg - bonne maitrise du merchandising et de lanalyse commerciale - excellentes capacites organisationnelles et esprit analytique - leadership transversal et orientation resultats,de 3 a 5 ans en trade marketing / retail / fmcg - bonne maitrise du merchandising et de lanalyse commerciale - excellentes capacites organisationnelles et esprit analytique - leadership transversal et orientation resultats,CDI,4 May-11:12,https://www.marocannonces.com/categorie/309/Offres-emploi/annonce/10374091/Trade-Marketing-et-Merchandising-(-Retail-).html
Responsable relation client,Multinational,Mode / Luxe / Beauté,Casablanca,relationnelles et organisationnelles,client cross-canal - superviser la qualite et la conformite des donnees clients,CDI,4 May-11:05,https://www.marocannonces.com/categorie/309/Offres-emploi/annonce/10374079/Responsable-Relation-client-Casablanca.html
Chaudronnier,manpower,Autre,Berrechid,"diplome en chaudronnerie, construction metallique ou equivalent experience souhaitee dans un environnement industriel, idealement automobile bonne maitrise des techniques de soudure et des outils de fabrication rigueur, autonomie et esprit dequipe","souhaitee dans un environnement industriel, idealement automobile bonne maitrise des techniques de soudure et des outils de fabrication rigueur, autonomie et esprit dequipe",Interim,4 May-11:04,"https://www.marocannonces.com/categorie/309/Offres-emploi/annonce/10374078/chaudronnier-,-berrechid.html"
Techniciens Électromécanique Électrotechnique,manpower,Autre,Berrechid,"diplome de technicien specialise en electromecanique ou electrotechnique experience souhaitee dans un environnement industriel (idealement automobile) bonnes connaissances en electricite industrielle, automatisme et mecanique esprit danalyse, rigueur et sens des responsabilites capacite a travailler en equipe conditions","souhaitee dans un environnement industriel (idealement automobile) bonnes connaissances en electricite industrielle, automatisme et mecanique esprit danalyse, rigueur et sens des responsabilites capacite a travailler en equipe conditions",Interim,4 May-11:03,https://www.marocannonces.com/categorie/309/Offres-emploi/annonce/10374076/Techniciens-Électromécanique-Électrotechnique.html
Consultant comptable stage pré embauche (rémunéré),Cabinet d'expertise comptable,Comptabilité / Gestion / Audit,Casablanca,linguistiques.,"reussie (stage) au sein dun cabinet comptable ; - solides connaissances en comptabilite generale et fiscalite ; - bonne maitrise du francais a lecrit comme a loral ; - rigueur, sens de lorganisation et esprit dequipe. conditions - stage remunere selon profil ; - embauche a lissue du stage ; - environnement de travail professionnel et formateur",CDI,4 May-10:56,https://www.marocannonces.com/categorie/309/Offres-emploi/annonce/10374068/Consultant-Comptable-Stage-Pré-Embauche-(rémunéré).html
Cherchons electromecanicien,,Édition / Imprimerie / Journalisme,Casablanca,,,A discuter,4 May-10:56,https://www.marocannonces.com/categorie/309/Offres-emploi/annonce/10374062/CHERCHONS-ELECTROMECANICIEN.html
Cuisinier chawarma / serveurs/ commis de cuisine,agha,Tourisme / Hôtellerie / Restauration,Rabat,s suivants: - cuisinier chawarma - serveurs - commis de cuisine,,A discuter,4 May-10:56,https://www.marocannonces.com/categorie/309/Offres-emploi/annonce/10374061/Cuisinier-chawarma-serveurs-commis-de-cuisine.html
Technicien laboratoire clinique,AKDITAL,Santé / Médical,Casablanca,"- licence en biologie (ou diplome equivalent). - experience dans un laboratoire danalyses medicales souhaitee. - rigueur, sens de lorganisation et esprit dequipe. - connaissance des regles de qualite, hygiene et securite.","dans un laboratoire danalyses medicales souhaitee. - rigueur, sens de lorganisation et esprit dequipe. - connaissance des regles de qualite, hygiene et securite.",CDI,4 May-10:49,https://www.marocannonces.com/categorie/309/Offres-emploi/annonce/10374055/Technicien-Laboratoire-Clinique-Casablanca.html
Manutentionnaire ain harrouda transport assuré,Confidentiel,Industrie / Ingénierie / Energie,Casablanca,,,Interim,4 May-10:49,https://www.marocannonces.com/categorie/309/Offres-emploi/annonce/10346285/Manutentionnaire-Ain-Harrouda-Transport-assuré.html
Réceptionniste d'hotel,,Tourisme / Hôtellerie / Restauration,Agadir,,,,4 May-10:45,https://www.marocannonces.com/categorie/309/Offres-emploi/annonce/10373355/Réceptionniste-dhotel.html
Chef de partie pâtisserie rejoignez notre brigad,Charif,Tourisme / Hôtellerie / Restauration,Casablanca,"2+ ans dexperience en patisserie pro. creativite, rigueur et esprit dequipe. horaires matinaux precoces (des 6h) : obligatoires, aucun probleme ! avantages","en patisserie pro. creativite, rigueur et esprit dequipe. horaires matinaux precoces (des 6h) : obligatoires, aucun probleme ! avantages",CDI,4 May-10:45,https://www.marocannonces.com/categorie/309/Offres-emploi/annonce/10373545/Chef-de-Partie-Pâtisserie-–-Rejoignez-notre-brigad.html
Préparatrice de commande à sidi maarouf,Sentel,Industrie / Ingénierie / Energie,Casablanca,"- serieuse, rapide et organisee - bonne capacite a travailler en equipe - experience en preparation de commandes ou en production est un plus - respect des regles dhygiene et de qualite lieu : - sidi maarouf",en preparation de commandes ou en production est un plus - respect des regles dhygiene et de qualite lieu : - sidi maarouf,CDI,4 May-10:41,https://www.marocannonces.com/categorie/309/Offres-emploi/annonce/10374050/Préparatrice-de-commande-à-sidi-maarouf.html
Aide comptable,FIMADIS,Comptabilité / Gestion / Audit,Casablanca,(criteres obligatoires),une experience prealable en fiduciaire est indispensable. outils : maitrise parfaite de sage 100 comptabilite. qualites attendues : rigueur exemplaire dans le traitement des donnees. sens de l'organisation.,,4 May-10:41,https://www.marocannonces.com/categorie/309/Offres-emploi/annonce/10374049/Aide-comptable.html
Assistante médicale,Cabînet médical,Accueil / Secrétariat / Administration,Casablanca,sens de contact et de communication,,A discuter,4 May-10:37,https://www.marocannonces.com/categorie/309/Offres-emploi/annonce/10374041/Assistante-médicale.html
Expert fleet services,BEST PROFIL,Autre,Casablanca,"recrute pour son client des agents expert fleet services -casablanca poste taches et responsabilites principales relations au groupe : decliner la politique et les regles/outils/procedures du groupe localement quand cest possible et adapte au cas darval maroc. suivi de lactivite : gerer les appels entrants et sortants : fournisseurs. gerer les emails entrants et sortants : fournisseurs. enregistrer les evenements dans lapplication interne. etablir les bons de commandes destines aux fournisseurs pour les repartions (mecanique (smr), carrosserie, pneus). gestion permanente de la relation avec les prestataires arval pour toute intervention technique. amelioration continue de la qualite de service livre aux clients darval suivi des reparations sinistres : prendre en charge la reparation des vehicules sinistres declares sur systeme. sassurer du passage de lexpert dans la journee. demander et valider les devis de reparation sur le systeme din",,Interim,4 May-10:37,https://www.marocannonces.com/categorie/309/Offres-emploi/annonce/10357177/Expert-fleet-services-casablanca.html
Infirmière polyvalente,MAROC FORCE EMPLOI,Automobile,Tanger,,,Interim,4 May-10:20,https://www.marocannonces.com/categorie/309/Offres-emploi/annonce/10374023/Infirmière-Polyvalente-–-Tanger.html
Cariste,Dama,Autre,Casablanca,,"anterieure en tant que cariste, de preference dans un environnement d'entrepot ou de logistique. - maitrise de l'utilisation d'engins de manutention, y compris les chariots elevateurs. - connaissance des regles de securite en entrepot et respect strict de ces regles. - capacite a travailler en equipe, a communiquer efficacement et a suivre les instructions. - sens de l'organisation, rigueur et souci du detail. - disponibilite pour travailler selon des horaires flexibles.",Interim,4 May-10:15,https://www.marocannonces.com/categorie/309/Offres-emploi/annonce/10373332/CARISTE-CASABLANCA.html
Pompiste,RH,Autre,Bouskoura,,dans un poste similaire.,Interim,4 May-10:15,https://www.marocannonces.com/categorie/309/Offres-emploi/annonce/10334449/Pompiste-Bouskoura.html
Assistante de direction,Confidentiel,Autre,Marrakech,"bac+2 / bac+3 en assistanat de direction, gestion ou comptabilite experience de 2 ans minimum dans un poste similaire bonnes connaissances en comptabilite excellente maitrise du francais (ecrit et oral) maitrise des outils bureautiques (excel, word) rigueur, sens de lorganisation et discretion bon relationnel et capacite a gerer plusieurs taches - conditions : poste base a marrakech (gueliz)","de 2 ans minimum dans un poste similaire bonnes connaissances en comptabilite excellente maitrise du francais (ecrit et oral) maitrise des outils bureautiques (excel, word) rigueur, sens de lorganisation et discretion bon relationnel et capacite a gerer plusieurs taches - conditions : poste base a marrakech (gueliz)",CDI,4 May-10:13,https://www.marocannonces.com/categorie/309/Offres-emploi/annonce/10371739/Assistante-de-direction-Marrakech.html
Chef d'équipe,CONFIDENTIEL,Automobile,Tifelt,"bac+2 / bac+3 en industrie, textile ou equivalent experience confirmee dans un poste similaire, idealement en textile automobile bon leadership et sens de lorganisation capacite a gerer une equipe et a travailler sous pression maitrise des outils de production et des indicateurs de performance.","confirmee dans un poste similaire, idealement en textile automobile bon leadership et sens de lorganisation capacite a gerer une equipe et a travailler sous pression maitrise des outils de production et des indicateurs de performance.",A discuter,4 May-10:12,https://www.marocannonces.com/categorie/309/Offres-emploi/annonce/10374005/CHEF-DéQUIPE.html
Technicien plombier tata,Anonyme,Construction / Btp,Zagora,"formation en plomberie ou experience equivalente experience en chantier souhaitee serieux, autonomie et sens du travail en equipe budget : 5 000 dhs logement : sur place","equivalente experience en chantier souhaitee serieux, autonomie et sens du travail en equipe budget : 5 000 dhs logement : sur place",Interim,4 May-10:11,https://www.marocannonces.com/categorie/309/Offres-emploi/annonce/10371474/Technicien-Plombier-TATA.html
Electricien de bâtiment,Confidentiel,Construction / Btp,Agadir,,,Interim,4 May-10:11,https://www.marocannonces.com/categorie/309/Offres-emploi/annonce/10365120/Electricien-de-Bâtiment-Agadir.html
Commercial b2b dar bouazza,BEST PROFIL,Commercial / Vente,Casablanca,experience en vente b2b (idealement industrie / equipement) bon relationnel et sens de negociation autonomie et rigueur lieu : dar bouazza casablanca,en vente b2b (idealement industrie / equipement) bon relationnel et sens de negociation autonomie et rigueur lieu : dar bouazza casablanca,CDI,4 May-9:59,https://www.marocannonces.com/categorie/309/Offres-emploi/annonce/10362760/Commercial-B2B-–-Dar-Bouazza.html
Commerciale b2b régie publicitaire ( ),BEST PROFIL,Commercial / Vente,Casablanca,- bac+5 en commerce / marketing / communication - 1 a 2 ans dexperience en commercial b2b (idealement en agence de communication ou marketing) - motorisee (obligatoire) - excellente maitrise du francais - bonne maitrise des techniques de vente et de negociation - tres bon relationnel et orientation resultats,en commercial b2b (idealement en agence de communication ou marketing) - motorisee (obligatoire) - excellente maitrise du francais - bonne maitrise des techniques de vente et de negociation - tres bon relationnel et orientation resultats,CDI,4 May-9:59,https://www.marocannonces.com/categorie/309/Offres-emploi/annonce/10370752/Commerciale-B2B-–-Régie-publicitaire-(Casablanca).html
Ingénieur structure bureau de contrôle technique,BEST PROFIL,Construction / Btp,Casablanca,"- ingenieur en genie civil - experience minimum de 5 ans en bureau de controle technique - maitrise du controle des structures : beton arme, charpente metallique, vrd - bonne connaissance des normes de construction - capacite danalyse et redaction de rapports techniques - serieux, rigueur et autonomie","minimum de 5 ans en bureau de controle technique - maitrise du controle des structures : beton arme, charpente metallique, vrd - bonne connaissance des normes de construction - capacite danalyse et redaction de rapports techniques - serieux, rigueur et autonomie",CDI,4 May-9:59,https://www.marocannonces.com/categorie/309/Offres-emploi/annonce/10366654/Ingénieur-Structure-–-Bureau-de-Contrôle-Technique.html
Serveuse,BEINTERIM,Tourisme / Hôtellerie / Restauration,Marrakech,"e rechercher ; accueillir chaleureusement les clients prendre les commandes et assurer le service en salle veiller a la satisfaction des clients assurer la mise en place et le nettoyage des tables respecter les regles dhygiene et de securite bonne presentation et sens du relationnel rapide, organisee et souriante experience dans un poste similaire souhaitee esprit dequipe et sens du service",dans un poste similaire souhaitee esprit dequipe et sens du service,Interim,4 May-9:56,https://www.marocannonces.com/categorie/309/Offres-emploi/annonce/10373993/SERVEUSE.html
Resp. développement commercial btp,Société d'industrie manufacturière,Construction / Btp,Agadir,"-ingenieur en genie civil ou equivalent -3 a 5 ans dexperience en developpement commercial idealement dans le btp -a laise avec les outils crm -excellent relationnel, sens du business et gout du challenge -autonome, terrain et oriente resultats","en developpement commercial idealement dans le btp -a laise avec les outils crm -excellent relationnel, sens du business et gout du challenge -autonome, terrain et oriente resultats",CDI,4 May-9:56,https://www.marocannonces.com/categorie/309/Offres-emploi/annonce/10372433/Resp-Développement-Commercial-BTP-Agadir.html
ChargÉ(e) d’appels d’offres bac+5,,Industrie / Ingénierie / Energie,Casablanca,requises : - rigueur et organisation - capacite danalyse et de synthese - gestion des priorites et respect des delais - esprit de coordination et travail en equipe - bonne maitrise dexcel (odoo est un atout),"de 2 a 5 ans dans un poste similaire - bonne maitrise de la reglementation des marches publics au maroc - maitrise des outils bureautiques (word, excel, pdf) et des plateformes dediees - excellentes capacites redactionnelles",Interim,4 May-9:51,https://www.marocannonces.com/categorie/309/Offres-emploi/annonce/10371517/CHARGÉ(E)-D’APPELS-D’OFFRES-BAC5.html
Responsable / coordinateur logistique,PJ,Industrie / Ingénierie / Energie,Casablanca,"- bac+3 en logistique, gestion ou equivalent - minimum 3 ans dexperience en logistique ou gestion dequipes - sens de lorganisation, rigueur et capacite a gerer plusieurs priorites - bonne maitrise dexcel (connaissance dodoo souhaitee)","en logistique ou gestion dequipes - sens de lorganisation, rigueur et capacite a gerer plusieurs priorites - bonne maitrise dexcel (connaissance dodoo souhaitee)",Interim,4 May-9:51,https://www.marocannonces.com/categorie/309/Offres-emploi/annonce/10371528/RESPONSABLE-COORDINATEUR-LOGISTIQUE.html
Commercial(e) b2b / bac+4,PJ,Commercial / Vente,Casablanca,"relationnelles et de negociation - autonomie, rigueur et esprit dinitiative - bonne maitrise du francais (anglais souhaite) - permis de conduire recommande conditions : - remuneration fixe + com","en vente b2b, idealement dans le rayonnage, lequipement industriel ou lamenagement professionnel - excellentes",Interim,4 May-9:51,https://www.marocannonces.com/categorie/309/Offres-emploi/annonce/10371522/Commercial(e)-b2b-bac4.html
Assistante logistique internationale,,Construction / Btp,Casablanca,maitrise des procedures d'importation et des incoterms.,,Interim,4 May-9:51,https://www.marocannonces.com/categorie/309/Offres-emploi/annonce/10340098/Assistante-logistique-internationale.html
Électromécanicien (Électrogènes),Confidentiel,Maintenance / Entretien,Marrakech,.,"souhaitee en maintenance de groupes electrogenes . mobile et disponible pour des deplacements frequents . serieux, rigoureux et autonome",Interim,4 May-9:51,https://www.marocannonces.com/categorie/309/Offres-emploi/annonce/10373982/Électromécanicien-(Électrogènes)-Marrakech.html
Receptionniste hotel,,,Marrakech,"premiere experience en hotellerie ou en accueil souhaitee excellente presentation, sens du service et du relationnel organisation, autonomie et rigueur maitrise du francais et de langlais (une 3e langue est un plus) connaissance dun logiciel de reservation (pms) appreciee ce que nous offrons : un environnement de travail convivial une equipe soudee et bienveillante possibilites devolution au sein de lhotel","en hotellerie ou en accueil souhaitee excellente presentation, sens du service et du relationnel organisation, autonomie et rigueur maitrise du francais et de langlais (une 3e langue est un plus) connaissance dun logiciel de reservation (pms) appreciee ce que nous offrons : un environnement de travail convivial une equipe soudee et bienveillante possibilites devolution au sein de lhotel",,4 May-9:50,https://www.marocannonces.com/categorie/309/Offres-emploi/annonce/10170443/RECEPTIONNISTE-HOTEL-MARRAKECH.html
Gestionnaire de production en assurance,BEST PROFIL,Banque / Finance / Assurance,Casablanca,"bac+2 a bac+3 en assurance, gestion ou equivalent experience prealable obligatoire dans un poste similaire bonne maitrise des produits dassurance et des procedures de souscription a laise avec les outils informatiques rigueur, organisation et sens du detail bon relationnel condition importante : resider a proximite de sidi bernoussi (critere indispensable).","prealable obligatoire dans un poste similaire bonne maitrise des produits dassurance et des procedures de souscription a laise avec les outils informatiques rigueur, organisation et sens du detail bon relationnel condition importante : resider a proximite de sidi bernoussi (critere indispensable).",Interim,4 May-9:50,https://www.marocannonces.com/categorie/309/Offres-emploi/annonce/10373978/Gestionnaire-de-Production-en-Assurance.html
Regional transport & empty packaging coordinator,Multinational,Grande Distribution,Salé,manageriales et force de conviction,"en logistique - excellente maitrise du francais et de langlais - bonne capacite dadaptation dans un environnement dynamique et complexe - esprit danalyse, rigueur et sens de lanticipation - forte capacite de communication et de coordination transverse",Interim,4 May-9:50,https://www.marocannonces.com/categorie/309/Offres-emploi/annonce/10373970/Regional-Transport-et-Empty-Packaging-Coordinator.html
Chargée de clientèle arabophone (f),CL,Commercial / Vente,Casablanca,s dynamiques avec une forte energie positive pour un poste de prise de rendez-vous et suivi client. votre role : contacter les prospects avec enthousiasme creer un echange positif avec les clients assurer le suivi et la planification des rendez-vous,,CDI,4 May-9:50,https://www.marocannonces.com/categorie/309/Offres-emploi/annonce/10357811/Chargée-de-Clientèle-Arabophone-(F).html
Infirmier anesthésiste bloc //,AKD,Santé / Médical,Khouribga,,,CDI,4 May-9:50,https://www.marocannonces.com/categorie/309/Offres-emploi/annonce/10373965/Infirmier-anesthésiste-BLOC-Khouribga.html
Infirmiers polyvalents //,AKD,Santé / Médical,Tanger,,,CDI,4 May-9:50,https://www.marocannonces.com/categorie/309/Offres-emploi/annonce/10373961/Infirmiers-polyvalents-Tanger.html
Chargé(e) de clientèle sur la région tahla.,Société marocaine,Grande Distribution,Fès,requises : -connaissance des techniques de vente et de negociation. -bonne expression orale et ecrite. -sens de lecoute et de la communication. -orientation client et sens du service. -esprit dequipe et rigueur. -capacite a gerer les priorites et le stress.,"-bac +2 / bac +3 en commerce, gestion, marketing, ou equivalent. -1 a 2 ans dans une",CDI,4 May-9:49,https://www.marocannonces.com/categorie/309/Offres-emploi/annonce/10373959/Chargé(e)-de-clientèle-sur-la-région-Tahla.html
Manutentionnaire à ain harrouda,Confidentiel,Transport / Achat / Logistique,Casablanca,"correspond aux criteres demandes, priere de nous transmettre votre candidature via ce site. dans l'attente de vous lire","en entrepot est un plus (non obligatoire).nous vous proposons un cadre de travail agreable et challengeant, avec une gestion de carriere au point et une declaration aupres des organismes sociaux a partir du 1er mois d'integration. si votre profil correspond aux criteres demandes, priere de nous transmettre votre candidature via ce site. dans l'attente de vous lire",A discuter,4 May-9:48,https://www.marocannonces.com/categorie/309/Offres-emploi/annonce/10295398/Manutentionnaire-à-Ain-Harrouda.html
Manutentionnaire à,Confidentiel,Transport / Achat / Logistique,Marrakech,"correspond aux criteres demandes, priere de nous transmettre votre candidature via ce site. dans l'attente de vous lire","en entrepot est un plus (non obligatoire).nous vous proposons un cadre de travail agreable et challengeant, avec une gestion de carriere au point et une declaration aupres des organismes sociaux a partir du 1er mois d'integration. si votre profil correspond aux criteres demandes, priere de nous transmettre votre candidature via ce site. dans l'attente de vous lire",A discuter,4 May-9:48,https://www.marocannonces.com/categorie/309/Offres-emploi/annonce/10371457/Manutentionnaire-à-Marrakech.html
Agent de saisie / bon de commande bac +3,xxxx,Accueil / Secrétariat / Administration,Casablanca,,,Interim,4 May-9:47,https://www.marocannonces.com/categorie/309/Offres-emploi/annonce/10373945/Agent-de-saisie-Bon-de-commande-Bac-3.html
Chauffeur transport personnel / pemis d,Confidentiel,Transport / Achat / Logistique,Casablanca,,de 4 ans dans un poste similaire. - lieu : casablanca - disponibilite : immediate,Interim,4 May-9:47,https://www.marocannonces.com/categorie/309/Offres-emploi/annonce/10338492/Chauffeur-transport-personnel-pemis-d.html
Chargé de portefeuille,Fondation Arrawaj,Banque / Finance / Assurance,Tanger,"pour le poste : charge de portefeuille - tanger titulaire dun bac+3 minimum en comptabilite, finance, commerce ou en gestion jeune diplome ou justifiant dune premiere experience reussie comme commercial dynamique, dote dune aisance relationnelle avec un gout prononce pour les challenges bonne resistance a la pression et au stress avoir lesprit d'initiative bonne capacite dadaptation habilete a creer du lien avec les clients","reussie comme commercial dynamique, dote dune aisance relationnelle avec un gout prononce pour les challenges bonne resistance a la pression et au stress avoir lesprit d'initiative bonne capacite dadaptation habilete a creer du lien avec les clients",CDI,4 May-9:47,https://www.marocannonces.com/categorie/309/Offres-emploi/annonce/10373942/Chargé-de-Portefeuille-Tanger.html
Technicien de maintenance en automobile,SOLANO EMLPOI,Autre,Casablanca,"correspond, merci de nous envoyer vos cvs via ce site.",dans le,Interim,4 May-9:47,https://www.marocannonces.com/categorie/309/Offres-emploi/annonce/10368215/Technicien-de-maintenance-en-automobile.html
Chargé de portefeuille casa mediouna / had soualem,Fondation Arrawaj,Banque / Finance / Assurance,Casablanca,"pour le poste : charge de portefeuille - casablanca - titulaire dun bac+3 minimum en comptabilite, finance, commerce ou en gestion - jeune diplome ou justifiant dune premiere experience reussie comme commercial - dynamique, dote dune aisance relationnelle avec un gout prononce pour les challenges - bonne resistance a la pression et au stress - avoir lesprit d'initiative - bonne capacite dadaptation - habilete a creer du lien avec les clients","reussie comme commercial - dynamique, dote dune aisance relationnelle avec un gout prononce pour les challenges - bonne resistance a la pression et au stress - avoir lesprit d'initiative - bonne capacite dadaptation - habilete a creer du lien avec les clients",CDI,4 May-9:47,https://www.marocannonces.com/categorie/309/Offres-emploi/annonce/10373941/Chargé-de-portefeuille-casa-mediouna-had-soualem.html
Chargé de portefeuille,Fondation Arrawaj,Banque / Finance / Assurance,Nador,pour le poste : charge de portefeuille - nador,"reussie comme commercial dynamique, dote dune aisance relationnelle avec un gout prononce pour les challenges bonne resistance a la pression et au stress avoir lesprit d'initiative bonne capacite dadaptation habilete a creer du lien avec les clients",CDI,4 May-9:47,https://www.marocannonces.com/categorie/309/Offres-emploi/annonce/10373939/Chargé-de-Portefeuille-Nador.html
Cariste c5,SOLANO EMLPOI,Autre,Casablanca,"correspond, merci de nous envoyer vos cv via ce site.",,Interim,4 May-9:46,https://www.marocannonces.com/categorie/309/Offres-emploi/annonce/10341688/Cariste-c5.html
Mécanicien ( automobile ),SOLANO EMLPOI,Autre,Casablanca,"correspond, merci de nous envoyer vos cvs via ce site.",en mecanique automobile et poids lourds.,Interim,4 May-9:46,https://www.marocannonces.com/categorie/309/Offres-emploi/annonce/10368211/Mécanicien-(-Automobile-).html
Chef de projet en menuiserie aluminium,--,Autre,Casablanca,"requises - bonne connaissance menuiserie aluminium et facades. - lecture de plans techniques. - connaissance gammes, profils, accessoires. - methodes de pose. - notions calculs, metres et resistance des materiaux. - normes qualite et securite. - management d'equipes, organisation, priorisation. - communication, negociation, gestion du stress. logiciels - autocad - excel - ms project / planning - logiciels metier : logikal, orgadata, erp.",,CDI,4 May-9:10,https://www.marocannonces.com/categorie/309/Offres-emploi/annonce/10366839/Chef-de-Projet-en-Menuiserie-Aluminium.html
Conducteur de travaux menuiserie aluminium,---,Autre,Casablanca,"requises - connaissance menuiserie aluminium et facades. - lecture de plans. - methodes de pose. - encadrement equipes chantier. - coordination sous-traitants. - leadership, organisation, reactivite. - excel, autocad (lecture), ms project, erp.",de 3 a 10 ans,CDI,4 May-8:54,https://www.marocannonces.com/categorie/309/Offres-emploi/annonce/10366826/Conducteur-de-Travaux-Menuiserie-Aluminium.html
Agent de route,DHL,Transport / Achat / Logistique,Kénitra,"niveau bac +2 minimum permis de conduire b et/ou c obligatoire bonne capacite de communication sens du service, rigueur et reactivite experience dans la logistique ou le transport souhaitee rejoignez une equipe dynamique et contribuez a la performance dun environnement logistique exigeant et stimulant. interesse(e) ? envoyez votre candidature des maintenant",dans la logistique ou le transport souhaitee rejoignez une equipe dynamique et contribuez a la performance dun environnement logistique exigeant et stimulant. interesse(e) ? envoyez votre candidature des maintenant,A discuter,4 May-8:47,https://www.marocannonces.com/categorie/309/Offres-emploi/annonce/10373918/Agent-de-route.html
Pré vendeur à,SAPLINCO,Commercial / Vente,Salé,niveau bac a bac+2 en commerce ou equivalent. experience souhaitee dans la vente ou la distribution de produits alimentaires (food). bonne connaissance de la,souhaitee dans la vente ou la distribution de produits alimentaires (food). bonne connaissance de la,A discuter,4 May-8:47,https://www.marocannonces.com/categorie/309/Offres-emploi/annonce/10316878/Pré-vendeur-à-Salé.html
Pré vendeur à,Confidentiel,Grande Distribution,Tanger,"correspond aux criteres demandes, priere de nous transmettre votre candidature via ce site. dans l'attente de vous lire.",probante dans le,A discuter,4 May-8:47,https://www.marocannonces.com/categorie/309/Offres-emploi/annonce/10334353/Pré-vendeur-à-Tanger.html
Technicien en génie civil,BET,Construction / Btp,Nador,,dans la realisation des etudes techniques est souhaitee. disponibilite: immediate,A discuter,4 May-8:46,https://www.marocannonces.com/categorie/309/Offres-emploi/annonce/10373863/Technicien-en-génie-civil-Nador.html
Hôtesse d'accueil,Confidential,Tourisme / Hôtellerie / Restauration,Casablanca,"presentation irreprochable, excellent relationnel maitrise du francais et de l'anglais premiere experience en accueil appreciee conditions",en accueil appreciee conditions,A discuter,3 May-23:19,https://www.marocannonces.com/categorie/309/Offres-emploi/annonce/10373814/Hôtesse-daccueil.html
Contrôleur de gestion confirmé / bac+5,Cabinet de recrutement,Commercial / Vente,Casablanca,"formation bac+5 en finance, controle de gestion ou audit experience de 3 a 5 ans minimum dans un poste similaire excellente maitrise dexcel (tcd, formules avancees, analyse de donnees) bonne maitrise des outils erp esprit analytique, rigueur et sens de la confidentialite capacite a travailler avec les operationnels et a challenger les chiffres","de 3 a 5 ans minimum dans un poste similaire excellente maitrise dexcel (tcd, formules avancees, analyse de donnees) bonne maitrise des outils erp esprit analytique, rigueur et sens de la confidentialite capacite a travailler avec les operationnels et a challenger les chiffres",CDI,3 May-18:26,https://www.marocannonces.com/categorie/309/Offres-emploi/annonce/10328853/Contrôleur-de-gestion-confirmé-bac5.html
Responsable de stock /,SARL,Autre,Casablanca,"organisationnelles et manageriales autonomie, rigueur, sens de linitiative","significative dans la gestion de stock ou la logistique maitrise des outils de gestion de stock (erp, wms, excel...) bonnes",CDI,3 May-18:26,https://www.marocannonces.com/categorie/309/Offres-emploi/annonce/10214520/Responsable-de-stock-casablanca.html
Chef comptable / bac+4/5,TRANS,Comptabilité / Gestion / Audit,Casablanca,"bac+4 / bac+5 en comptabilite, finance ou gestion experience confirmee dans un poste similaire maitrise de la reglementation fiscale et comptable rigueur, sens de lorganisation et esprit danalyse capacite manageriale et sens des responsabilites","confirmee dans un poste similaire maitrise de la reglementation fiscale et comptable rigueur, sens de lorganisation et esprit danalyse capacite manageriale et sens des responsabilites",CDI,3 May-18:26,https://www.marocannonces.com/categorie/309/Offres-emploi/annonce/10331352/Chef-comptable-casablanca-bac45.html
Receptionniste sur,HOTIN,Accueil / Secrétariat / Administration,Rabat,"formation en hotellerie, tourisme ou equivalent maitrise du francais et de l'anglais (arabe et espagnol apprecies) sens de l'accueil, presentation soignee, maitrise des outils pms (opera, fols...) conditions",+ avantages,A discuter,3 May-18:25,https://www.marocannonces.com/categorie/309/Offres-emploi/annonce/10373715/RECEPTIONNISTE-SUR-RABAT.html
Ingénieur production sur casabalanca,HOTIN,Industrie / Ingénierie / Energie,Casablanca,"ingenieur en genie industriel / mecanique / electromecanique experience en industrie de 2+ ans maitrise lean, rigueur et capacite analytique conditions","en industrie de 2+ ans maitrise lean, rigueur et capacite analytique conditions",A discuter,3 May-18:25,https://www.marocannonces.com/categorie/309/Offres-emploi/annonce/10373713/Ingénieur-production-SUR-CASABALANCA.html
