titre,entreprise,secteur,localisation,competences,experience,contrat,cluster
Téléconseillère commercial cdi,-,Commercial / Vente,Mohammedia,bac+3 en gestions dadministration /commerce ou bien qualite,,CDI,1
Commercial digital (h/f) à / bac+5,PJ,Commercial / Vente,Casablanca,,"reussie sur le terrain, vous connaissez les cycles de vente - temperament : chasseur dans l'ame, excellent negociateur, sens de l'ecoute avant de postuler, assurez-vous que votre profil corresponde bien au poste",CDI,1
Commercial showroom,TECTRA,Commercial / Vente,Casablanca,"maitrise des logiciels de modelisation 3d (ex: sketchup, autocad, ou specifiques a la marque). maitrise des outils de gestion de la relation client (crm) et bureautique. excellente presentation et elocution (arabe/francais indispensable). sens aigu de l'esthetique et creativite. forte capacite de negociation et orientation resultats.","une experience de 2 a 3 ans minimum est souvent requise dans la vente de produits de luxe, de decoration ou d'ameublement.",A discuter,1
Messagerie & transport / casablanca,Confidentiel,Transport / Achat / Logistique,Tout le Maroc,"s recherches : commerciaux / agents de terrain responsables logistique chauffeurs livreurs agents de chargement et de dechargement pointeurs / taxateurs magasiniers inventoristes controleurs logistiques objectif : developper un reseau solide et diversifie afin dameliorer nos services de livraison, distribution et logistique. zone : casablanca et d'autre",dans le transport/logistique est un plus,A discuter,7
Commercial terrain rabat/ /kenitra et environs,Wafr,Commercial / Vente,Salé,,,A discuter,1
Commercial terrain besoin immédiat,Wafr,Commercial / Vente,Marrakech,,,A discuter,1
Commercial terrain besoin immédiat,Wafr,Commercial / Vente,Tanger,,,A discuter,1
IngÉnieur commercial ( electrique ),SARL,Industrie / Ingénierie / Energie,Deroua,ingenieur en genie electrique ou equivalent. minimum 2 ans d'experience dans le reseau electrique. poste base a zone industrielle sapino - deroua disponibilite,dans le reseau electrique. poste base a zone industrielle sapino - deroua disponibilite,CDI,8
Commercial terrain besoin immédiat,Wafr,Commercial / Vente,Casablanca,,,A discuter,1
Magasinier,entreprise,Autre,Casablanca,,,,3
Ingénieur Électricité / ingén fluide / modeleur proj,GETB INGENIERIE,Construction / Btp,Casablanca,"(commun aux trois postes) diplome en adequation avec le poste vise (ingenieur detat pour les postes dingenieur). experience de 2 ans minimum sur des projets batiment tce (debutants motives etudies pour le poste de projeteur). bonne maitrise du francais, a lecrit comme a loral. sens de lorganisation, esprit danalyse et capacite a travailler en mode projet. disponibilite, rigueur technique et aptitude au travail en equipe pluridisciplinaire - candidature merci dadresser votre cv accompagne dune lettre de motivation, en precisant clairement le poste vise dans lobjet du message via ce site.","en etudes cfo/cfa maitrise de caneco, dialux, autocad dimensionnement tgbt, eclairage, courants faibles redaction cctp, dpgf, notes de calcul ingenieur fluides / thermique diplome dingenieur detat en genie climatique / energetique etudes cvc, plomberie, desenfumage, protection incendie maitrise de pleiades, cfd, autocad bilans thermiques et calculs de deperditions connaissance rtcm et normes marocaines modeleur-projeteur cad/revit - diplome en genie civil, electricite ou fluides maitrise imperative de revit (mep / archi / struct) bonne pratique dautocad 2d/3d production de plans dexecution et syntheses bim rigueur, autonomie, esprit dequipe",CDI,4
Mécanicien poids lourd,Confidentiel,Transport / Achat / Logistique,Tanger,"- experience en mecanique poids lourd (obligatoire) - connaissances en systemes mecaniques, electriques et pneumatiques - autonomie, rigueur et sens des responsabilites","en mecanique poids lourd (obligatoire) - connaissances en systemes mecaniques, electriques et pneumatiques - autonomie, rigueur et sens des responsabilites",CDI,7
Vendeur / vendeuse,SOCIÉTÉ,Commercial / Vente,Casablanca,"serieux(se), organise(e) et dynamique bon sens relationnel (surtout pour le poste de vendeur(se)) experience souhaitee (un plus) esprit dequipe poste base a casablanca ( maarif , bd al quds ,morocco mall , oulfa )","souhaitee (un plus) esprit dequipe poste base a casablanca ( maarif , bd al quds ,morocco mall , oulfa )",A discuter,1
Operateur de traitement des donnees a,MARECORDS,Services aux Entreprises / Formation,Casablanca,,dans le meme,CDD,0
Commercial(e) en ameublement /,TANKIT,Commercial / Vente,Tanger,"bac+2/3 en commerce ou equivalent experience en vente, idealement en ameublement ou decoration excellent sens du service et relationnel gout pour le design et lamenagement interieur dynamisme, persuasion et esprit commercial - nous offrons : un cadre de travail motivant une remuneration attractive avec com","en vente, idealement en ameublement ou decoration excellent sens du service et relationnel gout pour le design et lamenagement interieur dynamisme, persuasion et esprit commercial - nous offrons : un cadre de travail motivant une remuneration attractive avec com",CDI,1
Contrôleur(se) de caméras / vidéosurveillance,Entreprise (franchise de coffee shop),Sécurité / Surveillance / Gardiennage,Casablanca,"experience en surveillance, securite ou telesurveillance - excellente capacite dattention et danalyse - maitrise des outils de videosurveillance - discretion, rigueur et respect des procedures internes lieu : casablanca interesse(e) ? postulez des maintenant en envoyant votre cv via ce site","en surveillance, securite ou telesurveillance - excellente capacite dattention et danalyse - maitrise des outils de videosurveillance - discretion, rigueur et respect des procedures internes lieu : casablanca interesse(e) ? postulez des maintenant en envoyant votre cv via ce site",,4
Chargé (e) de compte commercial,SARL,Transport / Achat / Logistique,Casablanca,"bac+3 a bac+5 (commerce, logistique ou equivalent) experience minimum de 3 ans en commercial b2b (transport/logistique est un plus) excellentes capacites de communication et de negociation sens du resultat et orientation performance esprit analytique et capacite dadaptation autonomie et proactivite - ce que nous offrons environnement dynamique et en forte croissance opportunites devolution rapide remuneration attractive (fixe + variable)",minimum de 3 ans en commercial b2b (transport/logistique est un plus) excellentes capacites de communication et de negociation sens du resultat et orientation performance esprit analytique et capacite dadaptation autonomie et proactivite - ce que nous offrons environnement dynamique et en forte croissance opportunites devolution rapide remuneration attractive (fixe + variable),CDI,7
Assistant(e) rh / chargé(e) de recrutement,TANKIT,Ressources Humaines / Recrutement / Intérim,Tanger,"- bac+2/3 en ressources humaines ou equivalent - premiere experience en recrutement souhaitee - excellentes capacites de communication et decoute - sens de lorganisation et gestion des priorites - dynamisme, reactivite et esprit dequipe nous offrons : - un environnement de travail professionnel et dynamique - une experience enrichissante dans les ressources humaines - des perspectives devolution poste base a : tanger - disponibilite : immediate","en recrutement souhaitee - excellentes capacites de communication et decoute - sens de lorganisation et gestion des priorites - dynamisme, reactivite et esprit dequipe nous offrons : - un environnement de travail professionnel et dynamique - une experience enrichissante dans les ressources humaines - des perspectives devolution poste base a : tanger - disponibilite : immediate",CDI,4
Administrateur des ventes,SAFE JOB,Industrie / Ingénierie / Energie,Casablanca,de notre client base a sidi maarouf casablanca des adv administrateurs de vente. merci de nous envoyer votre cv pour une selection.,,Interim,8
Responsable marketing & développement commercial,Cabo azul,Marketing / Communication / Publicité / Rp,Casablanca,experience en marketing immobilier ou generation de leads bonne maitrise du digital marketing et des outils dacquisition esprit oriente resultats et ventes excellent relationnel et capacite a developper un reseau de partenaires,en marketing immobilier ou generation de leads bonne maitrise du digital marketing et des outils dacquisition esprit oriente resultats et ventes excellent relationnel et capacite a developper un reseau de partenaires,A discuter,4
Un agent de tracking / shift nuit /,transport logistique,Transport / Achat / Logistique,Tanger,,,A discuter,7
Commercial industriel,SMARTIMA AUTOMATION,Commercial / Vente,Casablanca,"experience confirmee en vente b2b idealement dans le secteur industriel bonne connaissance du materiel electrique, pneumatique, hydraulique ou automatisme excellent relationnel et sens de la negociation dynamique, autonome et oriente resultats permis de conduire souhaite nous offrons","confirmee en vente b2b idealement dans le secteur industriel bonne connaissance du materiel electrique, pneumatique, hydraulique ou automatisme excellent relationnel et sens de la negociation dynamique, autonome et oriente resultats permis de conduire souhaite nous offrons",A discuter,1
Développeuse web,,Informatique / Multimédia / Internet,Casablanca,,apres la,A discuter,4
Kinésithérapeutes aéroport & marrakech,Centre de bien être,Santé / Médical,Casablanca,"diplome en kinesitherapie * bon niveau en francais et en anglais * sens du service, serieux et presentation soignee conditions :",,Anapec,3
Charge (e) marketing digital,,Marketing / Communication / Publicité / Rp,Casablanca,"requises : - bonne maitrise du marketing digital ; - gestion de reseaux sociaux : bonne maitrise de google ads/ bonne maitrise de meta pour lancement des campagnes publicitaires. - aisance redactionnelle ; - gestion de site web e-commerce (wordpress) , - referencement seo...; - bonne maitrise des outils bureautiques, caneva... ; - bonne elocution en francais ; profil : bac+5 dans une ecole de commerce avec une specialite marketing et 3 ans d'experience en tant que responsable marketing digital. si vous vous retrouvez dans ce profil, ecrivez nous vite.",dans un poste similaire et un esprit creatif.,A discuter,4
Technicien cfo/cfa,INVITECH SOLUTIONS,Informatique / Multimédia / Internet,Agadir,"cles : autonomie, rigueur, bonnes relations clients. capacite a lire des plans, maitrise des outils de mesure. connaissances des technologies evolutives. securite : systemes d'alarme (intrusion, incendie), videosurveillance, controle d'acces (lecteurs de badges, motorisations). communication : telephonie, reseaux informatiques (vdi), interphonie, domotique.",2-5 ans d'experience minimum,CDI,4
Comptable expérimentée,GEO4NET,Informatique / Multimédia / Internet,Casablanca,"formation bac+3 ou bac+5 en comptabilite ou equivalent experience minimum de 3 ans, idealement en cabinet dexpertise comptable ou en","minimum de 3 ans, idealement en cabinet dexpertise comptable ou en",A discuter,4
Responsable des ressources humaines (h/f),Confidentiel,Comptabilité / Gestion / Audit,Kénitra,,"requise : minimum 5 ans - secteur : agro-alimentaire - disponibilite : poste a pourvoir rapidement dans le cadre dun renforcement de ses equipes, une",CDI,2
Technico commercial(e) h/f / magasinier industriel,Confidentiel,Industrie / Ingénierie / Energie,Casablanca,"-experience en pose de menuiserie industrielle ( portes, placardes) -excellent relationnel, rigueur technique et sens de l'organisation, bonne communication et prise de contact, redaction des pv -permis b requis ( deplacements frequents ) -bac+2 avec plus de 3 ans d'experiences magasinier industriel (homme)","en pose de menuiserie industrielle ( portes, placardes) -excellent relationnel, rigueur technique et sens de l'organisation, bonne communication et prise de contact, redaction des pv -permis b requis ( deplacements frequents ) -bac+2 avec plus de 3 ans d'experiences magasinier industriel (homme)",A discuter,8
Assistante administatif & comptable,entreprise,Comptabilité / Gestion / Audit,Casablanca,,,,2
Comptable expérimenté,Fiduciaire Internationale,Comptabilité / Gestion / Audit,Casablanca,"maitrise des normes comptables et fiscales locales et internationales. qualites personnelles : rigueur, sens de lorganisation et esprit analytique. autonomie et capacite a travailler efficacement en equipe. excellentes","minimum 2 ans dexperience reussie en comptabilite, idealement au sein dun cabinet dexpertise comptable.",A discuter,2
Assistante achat,equipement industrielle,Industrie / Ingénierie / Energie,Casablanca,la communication ecrite et parlante en francais et si vous avez l'esprit d'equipe veuillez nous envoyer votre cv,,CDD,8
Technicien de maintenance électricité,SOCIETE ANONYME,Maintenance / Entretien,Tout le Maroc,"formation en electricite, maintenance industrielle ou genie climatique experience souhaitee dans un poste similaire rigueur, autonomie et esprit dequipe - lieu : tanger / rabat / casa","souhaitee dans un poste similaire rigueur, autonomie et esprit dequipe - lieu : tanger / rabat / casa",A discuter,4
Commerciale bureau,AM PROD,Commercial / Vente,Casablanca,,"au moins 2 ans , les interesses envoient leurs cv , merci",CDI,1
Technico commerciaux / et casablanca,Confidentiel,Industrie / Ingénierie / Energie,Mohammedia,,"reussie de 3 a 8 ans dans un poste similaire ou proche, en matiere de commercialisation soit dequipements, de consommables industrielles, de produits chimiques, ou projets techniques. ainsi, vos activites principales seront de : identifier de nouvelles opportunites commerciales dans les secteurs cibles. construire et developper un portefeuille clients durable via une prospection structuree et ciblee. organiser des visites clients regulieres afin de comprendre leurs besoins et proposer des solutions adaptees. assurer une presence terrain importante et developper une relation de proximite avec les clients. elaborer les offres commerciales et propositions techniques en collaboration avec lequipe avant-vente. assurer une veille concurrentielle active et proposer des actions damelioration des services. communiquer des reportings hebdomadaires sur les actions commerciales. package attractif",CDI,8
Coursier administratif moto ain sebaa,xxxx,Autre,Casablanca,,,Interim,3
Vendeuse expérimentée /,,Commercial / Vente,Casablanca,"excellent sens du relationnel et du service client. presentation soignee et attitude professionnelle. esprit dequipe, dynamisme et polyvalence","client unique. vous accueillez, conseillez et accompagnez la clientele dans ses achats, tout en veillant a la mise en valeur des produits et au maintien de limage raffinee du magasin.",Interim,1
Comptable pour un cabinet fiduciaire /,Pj,Comptabilité / Gestion / Audit,Casablanca,,"souhaitee, notamment dans letablissement du bilan.",CDI,2
Assistante rh en intérim,PJ,Accueil / Secrétariat / Administration,Casablanca,gerer les priorites dans un environnement dynamique. - bonnes,"en administration du personnel. - autonome, organise(e) et capable de gerer les priorites dans un environnement dynamique. - bonnes",Interim,4
Stagiaire en comptabilité / / bac+2,PJ,Comptabilité / Gestion / Audit,Casablanca,"formation en comptabilite / gestion (bac+2 ou plus) bonne maitrise dexcel rigueur, confidentialite et sens des responsabilites motivation pour evoluer en cabinet fiduciaire nous offrons : stage remunere encadrement et apprentissage pratique possibilite dintegration apres le stage",,Stage,2
dessinateur projeteur,PJ,Industrie / Ingénierie / Energie,Casablanca,"- diplome en genie mecanique, construction metallique ou dessin industriel - maitrise des logiciels de conception (autocad, sketchup ou equivalent) - experience souhaitee dans un poste similaire - rigueur, precision et esprit dequipe - capacite danalyse et sens de lorganisation","souhaitee dans un poste similaire - rigueur, precision et esprit dequipe - capacite danalyse et sens de lorganisation",Interim,8
Infirmière préleveuse laboratoire d'analyses médic,IMMCELL,Santé / Médical,Rabat,la langue francaise. poste cdi apres periode d'essai.,"confirmee des prelevements adultes, enfants et nouveaux nes ainsi que des enregistrements de dossiers de patients de preference sur le logiciel kalisil. la candidate doit avoir une excellente capacite relationnelle, une presentation impeccable et maitriser la langue francaise. poste cdi apres periode d'essai.",A discuter,3
Electricien,TRAVAUX,Construction / Btp,Marrakech,"les installations electriques, notamment le cablage et les armoires electriques, il devra etre capable de lire et dinterpreter des plans electriques, assurer linstallation, la mise en service, la maintenance et le depannage des equipements, tout en respectant les normes de securite en vigueur. nous recherchons une personne serieuse, autonome et ayant un bon esprit dequipe. le poste est a pourvoir des que possible, avec des conditions a definir selon le profil.",minimum de 3 ans dans le,CDI,3
Support it,distra,Informatique / Multimédia / Internet,Deroua,"-bac +3 / bac +5 en informatique, reseaux ou systemes. -minimum 2 ans dexperience dans un poste similaire.",dans un poste similaire.,A discuter,4
Commercial pro b2b,,Commercial / Vente,Casablanca,,,A discuter,1
Ingénieur chargé des appels d’offres & développement,confidentiel,Maintenance / Entretien,Rabat,- ingenieur en genie electrique. - maitrise du metier de la maintenance multi-technique - minimum 2 ans dexperience dans le,dans le,A discuter,4
Assistante import,confidentiel,Entreprise / Import / Export,Casablanca,diplome : bac+4 en commerce international - experience : minimum 2 ans dans le,minimum 2 ans dans le,A discuter,4
Candidature technicien topographe,foncière alia,Immobilier,Rabat,formation en topographie (technicien specialise ou equivalent) 3 ans dexperience minimum en topographie ou vrd qualites requises rigueur et precision autonomie sur le terrain sens de lanalyse reactivite et capacite a remonter les in,minimum en topographie ou vrd qualites requises rigueur et precision autonomie sur le terrain sens de lanalyse reactivite et capacite a remonter les in,CDI,4
Commis/coursier en douane,TRANSPORTEC,Entreprise / Import / Export,Casablanca,- experience confirmee dans le,confirmee dans le,CDI,4
Chargée des opérations,Z-Evolution,Santé / Médical,Rabat,s recherches: - bac+2 en secretariat - bonne presentation - bonne elocution en francais,s de moins d'un an sur la,Anapec,3
Chargé des méthodes,confidentiel,Maintenance / Entretien,Rabat,"-bac +2 / bac +3 / bac +5 en maintenance industrielle, electrotechnique, electromecanique, genie industriel ou methodes -minimum 5 ans dexperience dans un poste similaire, idealement en maintenance multitechnique ou facility management -bonne maitrise des processus de maintenance preventive et corrective -maitrise dune gmao (planification, suivi des interventions) -capacite danalyse des indicateurs de performance -connaissances de base en electromecanique, electricite batiment, plomberie, climatisation - poste base a rabat","dans un poste similaire, idealement en maintenance multitechnique ou facility management -bonne maitrise des processus de maintenance preventive et corrective -maitrise dune gmao (planification, suivi des interventions) -capacite danalyse des indicateurs de performance -connaissances de base en electromecanique, electricite batiment, plomberie, climatisation - poste base a rabat",A discuter,4
Chef projet marketing,TAGANA,Marketing / Communication / Publicité / Rp,Marrakech,formation: master en marketing experience: 2 a 5 ans la maitrise du francais est obligatoire,2 a 5 ans la maitrise du francais est obligatoire,CDI,4
Agent de guichet femme,Bureau de change,Banque / Finance / Assurance,Casablanca,"-femme, presentation soignee et excellent sens du relationnel - niveau bac +2 minimum (commerce, gestion ou equivalent) - experience en caisse fortement souhaitee - serieuse, rigoureuse et a laise avec les chiffres - bonne gestion du stress et sens du service client - bonne maitrise de la langue francaise merci denvoyer votre cv avec photo","en caisse fortement souhaitee - serieuse, rigoureuse et a laise avec les chiffres - bonne gestion du stress et sens du service client - bonne maitrise de la langue francaise merci denvoyer votre cv avec photo",CDI,4
responsable moyens généraux,LYS IMMO,Immobilier,Marrakech,"bac+3 en gestion, logistique ou equivalent experience dans un poste similaire (souhaitee) bonne capacite dorganisation et de gestion des priorites sens du service et reactivite maitrise des outils bureautiques conditions : poste base a marrakech",dans un poste similaire (souhaitee) bonne capacite dorganisation et de gestion des priorites sens du service et reactivite maitrise des outils bureautiques conditions : poste base a marrakech,,4
Jardinier / gardien,anonyme,Sécurité / Surveillance / Gardiennage,Mohammedia,"experience en jardinage souhaitee serieux, ponctuel et responsable autonomie et sens de lorganisation bonne condition physique sens du service et vigilance - conditions : lieu de travail : mohammedia type de","en jardinage souhaitee serieux, ponctuel et responsable autonomie et sens de lorganisation bonne condition physique sens du service et vigilance - conditions : lieu de travail : mohammedia type de",A discuter,4
Comptable expérimentée,SARL,Comptabilité / Gestion / Audit,Casablanca,"diplome en comptabilite, gestion ou finance. experience minimale de 8 ans dans un poste similaire. bonne maitrise des logiciels comptables (sage ou equivalent). maitrise des outils bureautiques (excel, word). rigueur, sens de lorganisation et esprit danalyse. bon relationnel et capacite a travailler en equipe. lieu : casablanca remuneration : selon profil","minimale de 8 ans dans un poste similaire. bonne maitrise des logiciels comptables (sage ou equivalent). maitrise des outils bureautiques (excel, word). rigueur, sens de lorganisation et esprit danalyse. bon relationnel et capacite a travailler en equipe. lieu : casablanca remuneration : selon profil",A discuter,2
Responsable achats,GDH,Transport / Achat / Logistique,Casablanca,"bac + 3 ou plus en commerce, gestion ou logistique","dans un poste similaire, idealement dans le secteur de la restauration ou agroalimentaire. bonne connaissance des circuits dapprovisionnement et des produits lies a la restauration. maitrise des outils de gestion des stocks et des achats. sens de lorganisation, rigueur et capacite de negociation. reactivite et aptitude a gerer les priorites dans un environnement dynamique",CDI,7
Ingénieur agronome (production végétale),ANONYME,Agriculture / Environnement / Espaces Verts,Berrechid,suivre les instructions motive pour apprendre et evoluer a laise sur terrain,"est un plus) personne a lecoute, serieuse, disciplinee et capable de suivre les instructions motive pour apprendre et evoluer a laise sur terrain",A discuter,3
Comptable confirme,Confidentielle,Comptabilité / Gestion / Audit,Casablanca,- maitriser le pack office - maitriser les outils informatiques - connaissances des dispositions legales et reglementaires en vigueur dans le pays - connaissance en droit fiscal et droit des societes - avoir une parfaite m,minimum de 5 ans de preference dans le secteur industriel et ayant realise 3 saisons fiscales. vous aurez comme principales,CDI,2
Charge(e) rh,RH,Ressources Humaines / Recrutement / Intérim,El jadida,(,"de 3 ans dans un poste similaire bonne connaissance du droit du travail marocain maitrise des outils bureautiques (excel, word, etc.) maitrise les systemes de la paie (ex : sage-maropaie-odoo) maitrise la declaration et la teledeclaration au portail cnss sens de lecoute, discretion et rigueur bon relationnel et esprit dequipe ________________________________________ conditions : type de",A discuter,3
Poste formaticien,,Informatique / Multimédia / Internet,Marrakech,,,CDI,4
Chauffeur livreur magasinier (h),OMEGA TEXTILE MAROC,Autre,Casablanca,supporter la manutention de charges. habitude du travail dans un environnement commercial a flux rapide.,"significative de la conduite en zone urbaine (casablanca). excellente connaissance du quartier de derb omar et des zones commerciales environnantes. sens des responsabilites, honnetete et ponctualite rigoureuse. bonne condition physique. conditions : lieu de travail : derb omar, casablanca. horaires : selon le planning du magasin. disponibilite : immediate. magasinier de stock (h/) vos",A discuter,3
Responsable de pâtisserie adjoint,La Terrasse des épices,Tourisme / Hôtellerie / Restauration,Marrakech,experience probante dans la meme,probante dans la meme,A discuter,6
Responsable ressources humaines,,Ressources Humaines / Recrutement / Intérim,El jadida,"bac+5 en ressources humaines, management ou equivalent minimum 5 ans dexperience confirmee en rh expertise en recrutement et",confirmee en rh expertise en recrutement et,A discuter,3
Chargé clientèle et traitement de conformité,Olfcenter,Autre,Casablanca,"- excellente maitrise du francais a loral (critere obligatoire et eliminatoire) - tres bonne elocution et capacite a tenir une conversation professionnelle fluide - aisance telephonique et sens de lecoute - rigueur et sens du detail - maitrise des outils informatiques de base - serieux(se), ponctuel(le) et professionnel(le) nous offrons : - un environnement de travail structure et professionnel - une",,CDI,4
Magasinière,x,Entreprise / Import / Export,Casablanca,"rigueur, sens de l'organisation et esprit d'equipe",,A discuter,4
Agent de production de parfums à sidi maarouf,Sentel,Industrie / Ingénierie / Energie,Casablanca,experience en production appreciee * rigueur et sens du detail * capacite a travailler en equipe et sous pression poste base a casablanca sidi maarouf. disponibilite immediate souhaitee.,en production appreciee * rigueur et sens du detail * capacite a travailler en equipe et sous pression poste base a casablanca sidi maarouf. disponibilite immediate souhaitee.,CDI,8
Assistante import export,,Transport / Achat / Logistique,Casablanca,,de deux ans minimum en transport international,A discuter,7
Comptable,,Comptabilité / Gestion / Audit,Casablanca,"formation bac+3en comptabilite, gestion ou finance premiere experience en cabinet souhaitee bonne maitrise des outils comptables (sage, excel...) connaissance de la reglementation fiscale marocaine rigueur, organisation et esprit danalyse","en cabinet souhaitee bonne maitrise des outils comptables (sage, excel...) connaissance de la reglementation fiscale marocaine rigueur, organisation et esprit danalyse",CDI,2
Commercial immobilier,JALIL,Commercial / Vente,Casablanca,"formation en commerce, immobilier ou equivalent experience en vente appreciee excellent sens du relationnel et de la negociation autonomie, motivation et esprit commercial bonne presentation","en vente appreciee excellent sens du relationnel et de la negociation autonomie, motivation et esprit commercial bonne presentation",CDI,1
Infographiste/assistante polyvalente,MEDICALEX,Santé / Médical,Casablanca,"formation en infographie, design graphique ou equivalent maitrise des logiciels : adobe photoshop, illustrator, indesign maitrise des outils bureautiques creativite, sens du detail et respect des delais capacite a travailler en equipe et autonomie in",,CDI,4
Vendeur(se) à l’aéroport d’ &casablanca,Cosmétique bio,Commercial / Vente,Agadir,- experience en vente obligatoire - etre motorise(e) (obligatoire) - bonne maitrise du francais et de langlais - presentation soignee et sens du service client - disponible en horaires flexibles - capable dassurer des shifts de nuit nous offrons,en vente obligatoire - etre motorise(e) (obligatoire) - bonne maitrise du francais et de langlais - presentation soignee et sens du service client - disponible en horaires flexibles - capable dassurer des shifts de nuit nous offrons,Anapec,1
Assistante technique (tÉlÉcom / gÉnie civil),FIBROTRAV,Construction / Btp,Tanger,obligatoires - maitrise dautocad (dessin 2d) obligatoire. - tres bonne maitrise dexcel obligatoire. bonne maitrise de word. connaissances en suivi de travaux et calcul des metres. experience - minimum 1 an dexperience obligatoire dans le,minimum 1 an dexperience obligatoire dans le,CDD,4
Chauffeur transport du personnel (permis d),Linkup Value,Transport / Achat / Logistique,Casablanca,requises,"confirmee en transport de personnel ou conduite de poids lourds. - residence a casablanca ou peripherie obligatoire. - sens des responsabilites, discipline et bon relationnel. poste base a casablanca.",CDI,7
Chauffeur camion assistante de direction,GOLD LERA,Autre,Temara,"-longue experience confirmee en conduite de camions . -permis poids lourd (toutes categories / tous risques) exige. -serieux, ponctuel et responsable. residant a temara. 2/ assistante de direction (femme)","confirmee en conduite de camions . -permis poids lourd (toutes categories / tous risques) exige. -serieux, ponctuel et responsable. residant a temara. 2/ assistante de direction (femme)",A discuter,4
Chargé d’exploitation transport (h/f),Confidentiel,Transport / Achat / Logistique,Tanger,informatiques : maitrise du pack office et des outils de gestion lies au transport/logistique,minimum 2 ans dans un poste similaire (obligatoire) dans une societe de transport international.,CDI,7
Employé polyvalent,Riad / Maison d'hote,Tourisme / Hôtellerie / Restauration,Marrakech,,,A discuter,6
Coordinateur pédagogique,Ihb art media,Services aux Entreprises / Formation,Casablanca,bac +3 (licence) minimum avec 5 ans dexperience dans la,dans la,CDI,0
Commercial en immobilier,TAGANA,Immobilier,Marrakech,,"minimum et obligatoire dans la commercialisation de biens immobiliers. - excellente maitrise du marche immobilier a marrakech. - tres bon relationnel, force de proposition et rigueur. - maitrise des outils crm et techniques de negociation.",CDI,1
Plongeur,,,Casablanca,"rigueur dans le respect des protocoles dhygiene et de securite alimentaire (haccp) savoir-etre : serieux, rapidite dexecution, organisation, esprit dequipe et discretion disponibilite et flexibilite horaire : travail en soiree, week-ends et jours feries",,,4
Night auditor,HOTIN,Tourisme / Hôtellerie / Restauration,Marrakech,"experience en reception d'hotel, idealement en night audit rigueur, autonomie et maitrise des outils pms et excel francais et anglais courants conditions","en reception d'hotel, idealement en night audit rigueur, autonomie et maitrise des outils pms et excel francais et anglais courants conditions",A discuter,6
Responsable logistique,HOTIN,Industrie / Ingénierie / Energie,Casablanca,bac+5 en supply chain / logistique experience confirmee en management logistique maitrise erp / wms et excel avance conditions,confirmee en management logistique maitrise erp / wms et excel avance conditions,A discuter,8
Veilleur de nuit / night audit,RIAD,Tourisme / Hôtellerie / Restauration,Marrakech,experience souhaitee dans un poste similaire (hotellerie/riad est un plus) sens des responsabilites et de la discretion bonne presentation et bon relationnel notions de base en francais (langlais est un atout) disponibilite pour travail de nuit,souhaitee dans un poste similaire (hotellerie/riad est un plus) sens des responsabilites et de la discretion bonne presentation et bon relationnel notions de base en francais (langlais est un atout) disponibilite pour travail de nuit,A discuter,6
Infographiste j/f,WALLDESIGN,Informatique / Multimédia / Internet,Casablanca,"maitrise des logiciels pao (photoshop, illustrator, indesign...) sens de la creativite et du design passion pour lunivers de la decoration dinterieur esprit dinitiative et travail en equipe poste base a maarif casablanca - merci denvoyer votre cv via ce site",,CDI,4
Commercial senior et comptable junior,,Immobilier,Casablanca,"- minimum 10 ans dexperience confirmee dans la vente immobiliere - solide expertise commerciale et capacite a conclure des ventes a forte valeur - maitrise avancee des outils digitaux et des strategies de generation de leads - sens du relationnel, autonomie et culture du resultat - un comptable junior","confirmee dans la vente immobiliere - solide expertise commerciale et capacite a conclure des ventes a forte valeur - maitrise avancee des outils digitaux et des strategies de generation de leads - sens du relationnel, autonomie et culture du resultat - un comptable junior",CDI,1
Opérateurs de production / h tit melil,confidentiel,Industrie / Ingénierie / Energie,Casablanca,"requises : - solides connaissances en production industrielle, mecanique ou electromecanique - rigueur, ponctualite et bon esprit dequipe","minimum 1 an dans un poste similaire, idealement en milieu industriel - lieu de travail : tit melil - disponibilite : immediate souhaitee",A discuter,8
Responsable commercial villas de luxe à,Bali Signature,Commercial / Vente,Marrakech,"- excellente presentation et sens du relationnel - experience confirmee dans la vente, idealement dans limmobilier ou le - haut de gamme - maitrise parfaite du francais (langlais est un atout) - sens de lecoute, organisation et rigueur - esprit commercial, perseverance et orientation resultats - bonne maitrise des outils informatiques localisation : marrakech (sur site bureau de vente du projet) type de",haut de gamme - organiser et realiser les visites des villas temoins et du projet - repondre aux appels telephoniques et aux demandes din,CDD,1
Agent de recouvrement terrain (h/f),confidentiel,Industrie / Ingénierie / Energie,Casablanca,"(obligatoire) bac+2 / bac+3 en gestion, comptabilite ou",dans un poste similaire.,A discuter,8
Technicien froid/energie/,sarl,Industrie / Ingénierie / Energie,Casablanca,,de 2 ans dans un poste similaire. le poste est base a casablanca.,Interim,8
Réceptionniste agence immobilière,Action Tng,Accueil / Secrétariat / Administration,Tanger,serieux(se) et presentable * bon relationnel * francais correct (anglais est un plus) poste a tanger,,CDD,4
Magasinier sur,HOTIN,Industrie / Ingénierie / Energie,Tanger,"experience en magasinage / gestion de stock rigueur, organisation et maitrise d'un outil de gestion caces apprecie conditions","en magasinage / gestion de stock rigueur, organisation et maitrise d'un outil de gestion caces apprecie conditions",A discuter,8
Opérateur de production à,Action Tanger,Industrie / Ingénierie / Energie,Tanger,"experience en milieu industriel souhaitee (menuiserie, usine, cnc... selon ton cas) * bonne condition physique et capacite a travailler en equipe * sens de lorganisation et attention aux details * ponctualite et serieux","en milieu industriel souhaitee (menuiserie, usine, cnc... selon ton cas) * bonne condition physique et capacite a travailler en equipe * sens de lorganisation et attention aux details * ponctualite et serieux",CDD,8
Directeur technique hôtel de luxe,Hôtel 5 étoiles,Maintenance / Entretien,Tanger,maitrise approfondie des outils de gmao et des systemes de gtb (gestion technique du batiment).,"minimum 5 a 8 ans sur un poste similaire, imperativement dans l'hotellerie de luxe (5*) ou au sein de complexes immobiliers de haut standing.",CDI,4
Comptable opérationnel h/f,Omniserv Solutions sarl,Comptabilité / Gestion / Audit,Marrakech,"essentielles : maitrise complete de la saisie comptable (achats, ventes, banques, operations diverses). rapprochements bancaires maitrises. *gestion rigoureuse des comptes clients et fournisseurs. tres bonne comprehension du cycle comptable et des pieces justificatives. atouts supplementaires : experience en comptabilite europeenne (francaise, belge ou luxembourgeoise). experience en rappels clients / relances de paiements, utile pour le suivi des comptes clients.",2 a 3 ans minimum en comptabilite ; une experience en fiduciaire ou cabinet constitue un reel atout.,CDI,2
Offre emploi une comptable (f) a,CASA FIDUCIAIRE,Comptabilité / Gestion / Audit,Casablanca,,dans fiduciaires maitrisant la comptabilite jusquau bilan et les logiciels de comptabilite et connaissance dans le juridique et la fiscalite.,CDI,2
Offre hôtesses d'accueil & conseillères,viva academy,Accueil / Secrétariat / Administration,Casablanca,"excellente presentation et sens du relationnel bonne communication en francais (larabe est un plus) motivation, serieux et esprit dequipe debutantes acceptees (",,CDI,4
Commercial immobilier,Ayad Developpement,Immobilier,Casablanca,"experience en centre d'appel obligatoire excellent sens de la communication et de la negociation oriente(e) resultats, organise(e) et autonome ce que nous offrons",en centre d'appel ? rejoignez notre equipe specialisee dans l'immobilier haut de gamme ! vos,CDI,1
Community manager,LE 25 IMMOBILIER,Informatique / Multimédia / Internet,Marrakech,"en photo, video et montage (canva, capcut, adobe, etc.) * creatif(ve), dynamique et force de proposition * sens esthetique developpe et interet pour limmobilier * bonne communication en francais (langlais est un plus) ce que nous offrons * un environnement de travail jeune, dynamique et entrepreneurial * lopportunite de participer au developpement digital dune agence en pleine croissance * un cadre de travail stimulant au cur de marrakech * des projets creatifs et des possibilites devolution",en community management ou creation de contenu appreciee * bonne maitrise des reseaux sociaux et des tendances digitales,Anapec,4
Directeur technique ingénieur en électricité,Smart Electro Rafik,Industrie / Ingénierie / Energie,Casablanca,"pour le poste : directeur technique - ingenieur d'etat en electricite, laureat d'une grande ecole d'ingenieur en genie electrique, vous justifiez d'une experience significative au moins 10 ans dans la gestion des grandes projets en ingenierie electrique (bt/mt/hta), homme de terrain, votre rigueur, votre sens de l'organisation et votre esprit d'equipe sont des qualites qui vous permettront de reussir a ce poste. - rejoignez notre equipe en tant que directeur technique et vivez une experience enrichissante, postulez a cette offre et envoyez votre cv + photo par ce site marocannonces.","significative au moins 10 ans dans la gestion des grandes projets en ingenierie electrique (bt/mt/hta), homme de terrain, votre rigueur, votre sens de l'organisation et votre esprit d'equipe sont des qualites qui vous permettront de reussir a ce poste. - rejoignez notre equipe en tant que directeur technique et vivez une experience enrichissante, postulez a cette offre et envoyez votre cv + photo par ce site marocannonces.",A discuter,8
Un(e) responsable des appels d'offres,Smart Electro Service,Accueil / Secrétariat / Administration,Casablanca,,"justifiee plus de 10 ans dans le meme poste propose, qui seras responsable des appels d'offres concernant les marches publics et prives pour le pilotage et le suivi des appels d'offres des projets electriques, ayant un esprit organisationnel, qui maitrise parfaitement la gestion des appels d'offres (les dossiers administratifs, techniques et financiers). - vous aurez comme principale",A discuter,4
Agence d'assurance cherche aide comptable,ASSURANCES NESMAOUI,Banque / Finance / Assurance,Casablanca,,,A discuter,0
Ecole recrute plusieurs profils pour 2026 2027,ECOLE PRIVEE,Education / Social / Petite Enfance,Casablanca,,,A discuter,4
Agence d'assurance cherche des apporteurs d'affair,ASSURANCES NESMAOUI,Banque / Finance / Assurance,Casablanca,,,A discuter,0
Responsable commercial gms/moderne,,Commercial / Vente,Casablanca,"bac+3/5, avec une experience minumum de 5 ans en tant que responsable commercial.","dans les produits emballages/sacs. profil: bac+3/5, avec une experience minumum de 5 ans en tant que responsable commercial.",CDI,1
Operateur anassi,.,Autre,Casablanca,"requis : - bac+2 en electricite, maintenance industrielle, fabrication mecanique, plasturgie ou equivalent - une premiere experience dans un environnement de production serait un atout.",dans un environnement de production serait un atout.,Interim,4
Chargée logistique (f) sidi maarouf,DAMA,Banque / Finance / Assurance,Casablanca,"bac+3 a bac+5 en logistique ou equivalent minimum 2 ans dexperience dans un poste similaire maitrise des outils informatiques (erp type sage, excel...) rigueur, sens de lorganisation et reactivite","dans un poste similaire maitrise des outils informatiques (erp type sage, excel...) rigueur, sens de lorganisation et reactivite",Interim,4
Chargée rh (cfc),Dama,Autre,Casablanca,s - prise de contact avec les candidats et organisation des entretiens - participation aux entretiens avec les managers ou rh - suivi de lintegration des nouveaux collaborateurs (onboarding) 3.,de 2ans a 3 ans reussie autant que assistante rh ou dans un poste similaire. - excellente communication ecrite et orale en francais,Interim,3
Technicien laboratoire (bouskoura),VARUN BEVERAGES MOROCCO,Biologie / Chimie / Pharmaceutique,Casablanca,"bac+3 en chimie industrielle, biologie ou equivalent avec une experience dans l'agroalimentaire. nb : transport est assure",dans l'agroalimentaire. nb : transport est assure,A discuter,3
Agence d'assurance cherche gestionnaire production,AGENCE WAFA ASSURANCE BOUSKOURA,Banque / Finance / Assurance,Casablanca,,dans le,A discuter,0
Chargée de la relation client whatsapp maroc/dubai,LA FONDA,Commercial / Vente,Tout le Maroc,"reactivite, rigueur, elegance, empathie exigence la fonda : savoir valoriser un produit premium adapter son discours a une clientele exigeante (maroc & international) creer une experience client fluide et qualitative positionnement : ce nest pas un agent call center cest un profil commercial premium, capable de vendre avec intelligence et elegance. merci denvoyer votre candidature a : recrutement@lafonda.ma avec la reference : maducrc-01",premium et en transformant chaque echange en vente. role relation client haut de gamme vente digitale representation de la marque objectif : convertir une conversation en commande,CDI,1
Superviseur / chef d'équipe / agent de néttoyage,ARTIS ENVIRONNEMENT,Sécurité / Surveillance / Gardiennage,Marrakech,s suivants : 1.superviseur nettoyage : encadrer et organiser les equipes assurer la qualite des prestations gerer les plannings et les besoins en personnel etre linterlocuteur du client 2.chef dequipe nettoyage : superviser une equipe dagents sur site repartir les taches et controler leur execution veiller au respect des consignes et des normes dhygiene 3.agent de nettoyage : assurer le nettoyage et lentretien des locaux respecter les protocoles dhygiene et de securite utiliser correctement les produits et equipements,souhaitee dans le nettoyage ou un poste similaire,CDD,3
Commerciale / vendeuse magasin,Librairie à Marrakech,Commercial / Vente,Marrakech,s souhaites: bonne maitrise du francais (obligatoire) une premiere experience en vente maitrise des outils informatique sage et caisse (souhaitee) presentation soignee personne interessee veuillez envoyer votre cv avec photo,en vente maitrise des outils informatique sage et caisse (souhaitee) presentation soignee personne interessee veuillez envoyer votre cv avec photo,CDI,1
Vendeuse/ assistante manager,,Commercial / Vente,Casablanca,- bonne presentation - sens de laccueil et du service client - experience en vente - capacite a travailler en equipe - ponctualite et sens des responsabilites,en vente - capacite a travailler en equipe - ponctualite et sens des responsabilites,A discuter,1
Gestionnaire point de vente,LA FONDA,Commercial / Vente,Tout le Maroc,"experience confirmee en gestion de point de vente (idealement alimentaire / retail) forte capacite manageriale et sens du leadership maitrise des operations (stock, caisse, hygiene, organisation) sens du commerce et orientation resultats rigueur, autonomie et sens des responsabilites capacite a travailler sous pression et a gerer des equipes terrain poste base a casablanca/rabat/tanger/fes/marrakech merci denvoyer votre candidature par emailavec la reference : gestpv-01","confirmee en gestion de point de vente (idealement alimentaire / retail) forte capacite manageriale et sens du leadership maitrise des operations (stock, caisse, hygiene, organisation) sens du commerce et orientation resultats rigueur, autonomie et sens des responsabilites capacite a travailler sous pression et a gerer des equipes terrain poste base a casablanca/rabat/tanger/fes/marrakech merci denvoyer votre candidature par emailavec la reference : gestpv-01",CDI,4
Boucher(e),LA FONDA,Autre,Tout le Maroc,"experience en boucherie souhaitee maitrise des techniques de base de decoupe rigueur, discipline et sens du detail capacite a travailler en equipe sens des responsabilites et respect des normes horaires de travail de 08h a 21h00 ( 8h par jour ) poste base a casablanca/rabat/tanger/fes/marrakech merci denvoyer par emailavec la reference : bouch-01","en boucherie souhaitee maitrise des techniques de base de decoupe rigueur, discipline et sens du detail capacite a travailler en equipe sens des responsabilites et respect des normes horaires de travail de 08h a 21h00 ( 8h par jour ) poste base a casablanca/rabat/tanger/fes/marrakech merci denvoyer par emailavec la reference : bouch-01",Interim,4
Caissier(e),LA FONDA,Autre,Tout le Maroc,"experience en caisse et en relation client souhaitee sens du service, excellent relationnel rigueur, fiabilite et honnetete irreprochable gerer son stress presentation soignee et attitude professionnelle poste base a : casablanca/rabat/tanger/fes/marrakech candidature a envoyer par email avec la reference : cais-01","en caisse et en relation client souhaitee sens du service, excellent relationnel rigueur, fiabilite et honnetete irreprochable gerer son stress presentation soignee et attitude professionnelle poste base a : casablanca/rabat/tanger/fes/marrakech candidature a envoyer par email avec la reference : cais-01",Interim,4
Magasinier / assistant commerciale / habillages,SKYMAX,Entreprise / Import / Export,Casablanca,"serieux , motive et dynamique svp, envoyez vos cv avec photo sur maroc annonce","en commerce necessaires, le",A discuter,3
Responsable marketing & développement site web,OUSSAAD NEGOCE,Marketing / Communication / Publicité / Rp,Casablanca,"(souhaitees) creation/optimisation landing pages gestion tracking (pixel, conversion, evenements) gestion cms et integration notions ux/ui (parcours, wireframes simples, a/b tests si possible)","utilisateur (ux/ui) et la performance (vitesse, accessibilite) assurer le suivi via analytics (kpi, conversion, comportement utilisateurs) pilotage & coordination travailler avec les equipes internes et/ou prestataires (design, dev, agence, graphisme) gerer le planning, les priorites et les livrables maintenir la documentation et les bonnes pratiques (tracking, deploiements, versions)",CDI,4
Commercial grands comptes b2b,OUSSAAD NEGOCE,Commercial / Vente,Casablanca,"experience confirmee en b2b grands comptes autonomie et reelle capacite a gerer un cycle de vente jusquau closing excellente communication, negociation et orientation resultats maitrise des outils commerciaux (crm, reporting) critere obligatoire (tres important) la candidate doit disposer de son propre portefeuille client actif (grands comptes / comptes strategiques).","confirmee en b2b grands comptes autonomie et reelle capacite a gerer un cycle de vente jusquau closing excellente communication, negociation et orientation resultats maitrise des outils commerciaux (crm, reporting) critere obligatoire (tres important) la candidate doit disposer de son propre portefeuille client actif (grands comptes / comptes strategiques).",CDI,1
Chargée de réservation & relation client,DIAMONDS BLUE AUTO,Automobile,Casablanca,en prospection btob / btoc. * permis b apprecie. conditions : * horaires fixes : 10h a 19h * disponibilite ponctuelle hors horaires selon besoins.,de 1 a 3 ans minimum sur un poste similaire souhaitee.,CDI,3
Manager restauration (h/f),confidentiel,Tourisme / Hôtellerie / Restauration,Marrakech,"en management, organisation et gestion operationnelle. poste a pourvoir rapidement.","confirmee dans un poste similaire, avec de solides",CDI,6
Electricien specialise en autocars,,Transport / Achat / Logistique,Tetouan,,dans un poste similaire (autocars ou poids lourds) -maitrise des systemes electriques et electroniques,,7
Chauffeur autocar (permis d),,Transport / Achat / Logistique,Tout le Maroc,- titulaire du permis d valide - experience souhaitee (minimum 2 ans ) - bonne connaissance du reseau routier,souhaitee (minimum 2 ans ) - bonne connaissance du reseau routier,,7
Pharmacie demande stagiaire,pharmacie,Biologie / Chimie / Pharmaceutique,Agadir,,"36 ans pour un stage pe embauche remunere a 3000 dh/moi, quelle soit residente a hay salam , bensergao ou al wifak 0637879834",Stage,3
Assistante commerciale / polyvalente / admission,école privé,Accueil / Secrétariat / Administration,Casablanca,,professionnelle dau moins 2 ans dans un poste similaire. merci denvoyer votre cv en precisant clairement en objet le poste pour lequel vous postulez.,A discuter,4
Agent commercial call center,Gastro,Commercial / Vente,Marrakech,s motives avec bon niveau en francais et sens commercial.,,CDI,1
Coordinateur de maintenance (parc auto),Confidentiel,Transport / Achat / Logistique,Tanger,"bac+2/3 bts experience en maintenance automobile, idealement sur parc auto. bon relationnel pour gerer les interactions avec clients et prestataires. organisation, rigueur et capacite a gerer plusieurs taches simultanement. sens de linitiative et esprit dequipe","en maintenance automobile, idealement sur parc auto. bon relationnel pour gerer les interactions avec clients et prestataires. organisation, rigueur et capacite a gerer plusieurs taches simultanement. sens de linitiative et esprit dequipe",A discuter,7
Chauffeur de transport personnel /,Confidentiel,Transport / Achat / Logistique,Mohammedia,,dans le,A discuter,7
Taxateur / pointeur,Confidentiel,Transport / Achat / Logistique,Casablanca,"niveau bac minimum experience en logistique, messagerie ou poste similaire souhaitee bonne maitrise des outils informatiques rigueur, precision et sens du detail organisation et reactivite esprit dequipe","en logistique, messagerie ou poste similaire souhaitee bonne maitrise des outils informatiques rigueur, precision et sens du detail organisation et reactivite esprit dequipe",A discuter,7
Cariste à pince avec permis caces à tit melil,Confidentiel,Transport / Achat / Logistique,Mediouna,,,A discuter,7
Contrôleur logistique,Confidentiel,Transport / Achat / Logistique,Casablanca,niveau detudes : bac + 2 ou plus.,,A discuter,7
Contrôleur opérationnel logistique,OZONEXPRESS,Transport / Achat / Logistique,Casablanca,"bac +2 / bac +3 en logistique, transport, gestion ou equivalent experience dans un poste similaire (logistique, exploitation, controle, messagerie) excellente maitrise des processus logistiques et de livraison aisance relationnelle et capacite a travailler avec des equipes terrain maitrise des outils informatiques (excel, outils de suivi logistique) permis de conduire valide (obligatoire) forte disponibilite pour des deplacements frequents a lechelle nationale","dans un poste similaire (logistique, exploitation, controle, messagerie) excellente maitrise des processus logistiques et de livraison aisance relationnelle et capacite a travailler avec des equipes terrain maitrise des outils informatiques (excel, outils de suivi logistique) permis de conduire valide (obligatoire) forte disponibilite pour des deplacements frequents a lechelle nationale",CDI,7
Manutentionnaire à,Confidentiel,Transport / Achat / Logistique,Casablanca,"bonne condition physique (travail debout, port de charges) serieux, ponctuel, dynamique disponible immediatement",,A discuter,7
Chauffeur experimenté,OZONEXPRESS,Transport / Achat / Logistique,Casablanca,niveau scolaire : pas important experience : une experience de +2ans dans le,une experience de +2ans dans le,CDI,7
Technicien maintenance,Gastro,Maintenance / Entretien,Marrakech,,,CDI,3
Offre d’emploi opérateur de saisie (transit & do,T.O.A.T,Transport / Achat / Logistique,Casablanca,"minimum 2 ans dexperience dans un poste similaire (transit/douane) maitrise obligatoire du systeme badr maitrise du systeme portnet bonne connaissance des procedures douanieres marocaines rigueur, organisation et sens des responsabilites capacite a travailler sous pression - nous offrons un environnement professionnel dynamique une evolution au sein dune structure reconnue dans le secteur du transit poste base a casablanca candidature merci denvoyer votre cv via ce site marocannonces (en precisant en objet : candidature operateur de saisie)","dans un poste similaire (transit/douane) maitrise obligatoire du systeme badr maitrise du systeme portnet bonne connaissance des procedures douanieres marocaines rigueur, organisation et sens des responsabilites capacite a travailler sous pression - nous offrons un environnement professionnel dynamique une evolution au sein dune structure reconnue dans le secteur du transit poste base a casablanca candidature merci denvoyer votre cv via ce site marocannonces (en precisant en objet : candidature operateur de saisie)",CDI,4
Vendeur (se) / caissier (e),INTERNATIONAL DUTTY FREE SHOPS,Commercial / Vente,Fès,,,Anapec,1
Nous recherchons une assistante commerciale,Zeltra,Commercial / Vente,Marrakech,en communication et en relations interpersonnelles *les langue francaise et anglaises (tres importantes) (lire ecrire et parler) - la maitrise bien les outils informatiques. - preparation des devis et des situations des clients. - suivis paiement avec clients. - des,,CDI,1
Inventoriste,INVOLYS,Informatique / Multimédia / Internet,Casablanca,"- bac+3 et plus/ (licence) en gestion comptable, gestion informatique - bonne maitrise de (excel) - experience : souhaitable en inventaire physique des immobilisations - disponibilite immediate type de",souhaitable en inventaire physique des immobilisations - disponibilite immediate type de,CDI,4
Chauffeur,INTERNATIONAL DUTTY FREE SHOPS,Commercial / Vente,Tanger,,au niveau de la conduite du transport de personnelles et ayant un permis d. n'hesitez pas de nous envoyer votre candidature,Anapec,1
Responsable imports,Hydrosystemes,Construction / Btp,Casablanca,"bac +3 minimum en commerce ou gestion -3+ min annees d'experience en imports -anglais operationnel requis -a l'aise sur excel et les outils de gestion (sage) -rigoureux(se), organise(e), avec un bon sens du relationne lieu du poste : en presentiel","en imports -anglais operationnel requis -a l'aise sur excel et les outils de gestion (sage) -rigoureux(se), organise(e), avec un bon sens du relationne lieu du poste : en presentiel",CDI,4
Recrutement assistante administrative (ain chkaf),,Accueil / Secrétariat / Administration,Fès,,,A discuter,4
Secrétaire/assitant(e) ville verte,,Santé / Médical,Bouskoura,,dans le,,3
Commercial terrain,,Commercial / Vente,Casablanca,"- experience confirmee en vente terrain (idealement dans lagroalimentaire) - bon sens du relationnel et de la negociation - dynamique, autonome et oriente resultats conditions : - remuneration attractive : fixe + variable - evolution possible selon performances si vous etes motive(e) et pret(e) a relever un nouveau challenge, merci denvoyer votre candidature.","confirmee en vente terrain (idealement dans lagroalimentaire) - bon sens du relationnel et de la negociation - dynamique, autonome et oriente resultats conditions : - remuneration attractive : fixe + variable - evolution possible selon performances si vous etes motive(e) et pret(e) a relever un nouveau challenge, merci denvoyer votre candidature.",A discuter,1
Technicien spécialisé en Électricité,PERLOVA SARL AU,Construction / Btp,Temara,diplome de technicien specialise en electricite experience souhaitee dans le,souhaitee dans le,A discuter,3
Chargée administrative et de facturation gestion immobilière,OFFSHORING BACK OFFICE SERVICES MAROC,Comptabilité / Gestion / Audit,Tanger,"niveau bac+2 (gestion, administration, finance ou equivalent) fraichement diplome / avec ou sans experience bonne maitrise du francais, a loral comme a lecrit aisance avec les chiffres et excel sens de lorganisation, rigueur et capacite a travailler de maniere autonome - conditions : poste base a tanger","bonne maitrise du francais, a loral comme a lecrit aisance avec les chiffres et excel sens de lorganisation, rigueur et capacite a travailler de maniere autonome - conditions : poste base a tanger",A discuter,4
Ingénieur d'État en fluide & ingénieur d'État en,Ste Imilchil SARL,Construction / Btp,Rabat,"requises : - maitrise des outils : autocad, ms project et autres logiciels techniques necessaires. - bonne capacite de gestion, sens de l'organisation, autonomie et esprit d",en modelisation cfd et optimisation energetique. 2-ingenieur d'etat en beton arme expertise en calcul de structures en beton arme. connaissance des normes de construction marocaines.,CDI,4
Magasinier,Oxynord,Industrie / Ingénierie / Energie,Tanger,personnelles requises : - serieux et sens des responsabilites - dynamisme et reactivite - esprit dequipe - autonomie et polyvalence - ponctualite et discipline - capacite a travailler sous pression - sens du detail et precision - bon relationnel et esprit collaboratif lieu : casablanca merci denvoyer votre candidature (cv) via ce site marocannonces,"en magasinage, logistique ou gestion de stock souhaitee - bonne maitrise des operations de reception, stockage et inventaire - connaissance des outils de gestion de stock (erp ou excel) - sens de lorganisation et rigueur dans le travail",A discuter,4
Enseignants et surveillants,GROUPE SCOLAIRE,Education / Social / Petite Enfance,Casablanca,"diplome universitaire requis, experience probante en milieu scolaire, dynamisme et excellente maitrise pedagogique. rejoignez une equipe engagee dans l'excellence educative. envoyez votre dossier de candidature (cv + photo)","probante en milieu scolaire, dynamisme et excellente maitrise pedagogique. rejoignez une equipe engagee dans l'excellence educative. envoyez votre dossier de candidature (cv + photo)",A discuter,4
Chef de projets Électriques,Triangle Énergie E.W.V,Industrie / Ingénierie / Energie,Casablanca,"requises en bt et hta, vous etes autonome; organise; rigoureux; et avez un tres bon relationnel, envoyer vos candidatures (cv+photo+experiences) via ce site.",") en genie electrique ou equivalent en electrotechnique, dynamique, polyvalent, et ayant une experience d'au moins 10 ans acquises dans le secteur de lingenierie electrique hta - bt..., pour etudier et realiser nos projets d'electrification urbaine et rural, produire et controler les documents techniques et administratifs metiers des appels d'offres relatifs a nos projets electriques, effectuer des plans et des schemas et faire le suivi de la realisation des travaux sur chantier jusqu'a reception, organiser les reunions et assister nos equipes des chantiers, suivre l'avancement des travaux en respectant les delais exiges. si vous avez des",A discuter,8
Comptable junior/confirmé comptabilité française,OFFSHORING BACK OFFICE SERVICES MAROC,Comptabilité / Gestion / Audit,Tanger,"niveau minimum bac+2 (gestion comptable) maitrise des regles comptables marocaines (equivalentes a celles demandees pour le poste) fraichement diplome / avec ou sans experience (experience en cabinet serait un plus) bonne maitrise du francais, a loral comme a lecrit aisance avec les chiffres et excel sens de lorganisation, rigueur et capacite a travailler de maniere autonome - conditions : poste base a tanger","(experience en cabinet serait un plus) bonne maitrise du francais, a loral comme a lecrit aisance avec les chiffres et excel sens de lorganisation, rigueur et capacite a travailler de maniere autonome - conditions : poste base a tanger",A discuter,2
Assistante dentaire,,Santé / Médical,Casablanca,,dans le,,3
Agent contrôle de gestion (h),Société Industriel,Comptabilité / Gestion / Audit,Kénitra,"formation bac+2 / bac+3 en gestion, comptabilite ou finance.experience souhaitee dans un poste similaire bonne maitrise des outils informatiques (excel avance, erp souhaite) esprit danalyse, rigueur et sens de lorganisation bon relationnel et capacite a travailler en equipe. - conditions :poste base a kenitra - type de","souhaitee dans un poste similaire bonne maitrise des outils informatiques (excel avance, erp souhaite) esprit danalyse, rigueur et sens de lorganisation bon relationnel et capacite a travailler en equipe. - conditions :poste base a kenitra - type de",CDD,2
Assistante polyvalente / assistante administration,Raha fer,Accueil / Secrétariat / Administration,Casablanca,"requises : - bonne maitrise des outils bureautiques (word, excel, outlook) - sens de lorganisation et capacite a gerer plusieurs taches simultanement - aisance relationnelle et bonne communication ecrite et orale - rigueur, discretion et fiabilite - autonomie et esprit dinitiative - connaissances en administration des ventes et suivi commercial appreciees","prealable dans un poste similaire souhaitee - capacite dadaptation et polyvalence - maitrise du francais indispensable (autres langues appreciees) objectif du poste : assurer un soutien efficace a la direction et a lequipe commerciale, garantir un suivi rigoureux des ventes et contribuer a la sa",Stage,4
Designer 3d (3ds max),confidentiel,Marketing / Communication / Publicité / Rp,Rabat,travailler en equipe,"de 2 a 5 ans minimum. - maitrise avancee de 3ds max (obligatoire) - sens aigu du volume, de lespace et de la mise en scene - creatif(ve), autonome, rigoureux(se) et capable de travailler en equipe",CDI,4
Assistante de direction,Agence immo elite consulting,Accueil / Secrétariat / Administration,Marrakech,"formation en gestion, administration ou comptabilite experience souhaitee dans un poste similaire maitrise des outils bureautiques (excel, word...) sens de lorganisation, rigueur et discretion excellente presentation et sens du relationnel participer activement a la bonne image de l'agence maitrise parfaite du francais (ecrit et oral).",", est specialisee dans limmobilier a marrakech : achat, vente, location, gestion de patrimoine, consulting et conseil en investissement. dans le cadre de notre developpement, nous recrutons une assistante administrative polyvalente.",A discuter,4
Technicienne de laboratoire d’analyses mÉdicales,LABO,Santé / Médical,Oujda,"requises : - licence en biologie medicale ou equivalent. - experience prealable de 1 an minimum dans un laboratoire danalyses medicales . - connaissance des techniques de laboratoire et des normes de qualite. - rigueur, precision et sens de l'organisation. - capacite a travailler en equipe.","prealable de 1 an minimum dans un laboratoire danalyses medicales . - connaissance des techniques de laboratoire et des normes de qualite. - rigueur, precision et sens de l'organisation. - capacite a travailler en equipe.",A discuter,4
Commercial sedentaire et achat,technique equipement,Industrie / Ingénierie / Energie,Casablanca,,,CDD,8
Dessinateur autocad/revit construction metalliques,COMPACT bureau d'etudes,Construction / Btp,Tanger,"et vos ambitions, vous pourrez egalement participer a la realisation de modeles de calcul 3d. - exigences de l'offre : diplome minimum bac +2 en construction metallique / bim. experience de plus de 3 ans bonne maitrise dautocad avec un bon sens technique bonne maitrise de revit connaissances en modelisation bim solides bases techniques en structures",de plus de 3 ans bonne maitrise dautocad avec un bon sens technique bonne maitrise de revit connaissances en modelisation bim solides bases techniques en structures,A discuter,4
Agent de production opérateur,APTIV SERVICES MAROC TANGER - M2,Automobile,Tanger,,,CDI,3
Assistante ressources humaines a,SOCIETE,Immobilier,Casablanca,,au moins de 3 ans dans un poste similaire. vos principales,A discuter,3
Chef de chantier btp avec équipe,sergab,Construction / Btp,Casablanca,,exigee.,A discuter,3
Assistant(e) contrôleur de gestion,,Comptabilité / Gestion / Audit,Agadir,"formation en finance, comptabilite ou controle de gestion minimum 5 ans dexperience dans un poste similaire excellente maitrise de la comptabilite analytique bonne connaissance des systemes sage et idealement sap business one (b1) experience dans le secteur agricole ou agro-industriel fortement appreciee solides capacites danalyse, rigueur et sens de lorganisation autonomie et capacite a travailler en interaction avec plusieurs departements - conditions poste base a agadir disponibilite immediate ou a convenir remuneration attractive selon profil et experience","dans un poste similaire excellente maitrise de la comptabilite analytique bonne connaissance des systemes sage et idealement sap business one (b1) experience dans le secteur agricole ou agro-industriel fortement appreciee solides capacites danalyse, rigueur et sens de lorganisation autonomie et capacite a travailler en interaction avec plusieurs departements - conditions poste base a agadir disponibilite immediate ou a convenir remuneration attractive selon profil et experience",A discuter,2
Techniciens Électriciens,Volet watt Énergie,Autre,Casablanca,,confirmee en la matiere plus 5ans dans le,A discuter,3
Resp. adv et recouvrement en immobilier,SOCIETE,Immobilier,Casablanca,,de 5 ans minimum dans un poste similaire.,CDI,3
Chargé(e) de recouvrement & facturation,Confidentiel,Transport / Achat / Logistique,Tanger,"- bac+2 a bac+5 en gestion, finance, comptabilite ou equivalent - experience en recouvrement & facturation idealement dans une societe de transport internationale - bonne maitrise des outils bureautiques - bon relationnel et aisance en communication poste base a tanger",en recouvrement & facturation idealement dans une societe de transport internationale - bonne maitrise des outils bureautiques - bon relationnel et aisance en communication poste base a tanger,CDI,7
Comptable /,Société GÉNÉRAL BUREAU,Comptabilité / Gestion / Audit,Casablanca,"bac +3 en comptabilite, finance ou equivalent experience minimum de 5 ans dans un poste similaire bonne maitrise des outils comptables et informatiques rigueur, organisation et sens de la confidentialite capacite a travailler en equipe et a respecter les delais","minimum de 5 ans dans un poste similaire bonne maitrise des outils comptables et informatiques rigueur, organisation et sens de la confidentialite capacite a travailler en equipe et a respecter les delais",CDI,2
Acheteuse en btp confirmée,Ste Imilchil SARL,Construction / Btp,Rabat,-experience obligatoire de minimum 5 ans dans les achats btp,probante dau moins 5 ans dans les achats en btp.,CDI,3
Assistante administrative commerciale,Laboratoire de métrologie,Commercial / Vente,Casablanca,"experience obligatoire dans un poste similaire bac+2 / bac+3 en gestion, commerce ou administration excellente maitrise de word, excel et outlook bon niveau en francais (ecrit et oral) sens de lorganisation, autonomie et rigueur bonne presentation et aisance relationnelle - poste base a : casablanca ( roches noires ) - pour postuler : merci denvoyer votre cv via ce site marocannonces","obligatoire dans un poste similaire bac+2 / bac+3 en gestion, commerce ou administration excellente maitrise de word, excel et outlook bon niveau en francais (ecrit et oral) sens de lorganisation, autonomie et rigueur bonne presentation et aisance relationnelle - poste base a : casablanca ( roches noires ) - pour postuler : merci denvoyer votre cv via ce site marocannonces",A discuter,4
Chargée de communication,Groupe EIPMC,Marketing / Communication / Publicité / Rp,Marrakech,en redaction et en communication verbale. - maitrise des outils de communication numerique et des reseaux sociaux. -etre flexible et apte de travailler sous pression - capacite a travailler de maniere autonome et en equipe. qualites recherchees : - sens de lorganisation et gestion efficace du temps. - excellent relationnel et aptitude a travailler avec des personnes de differents horizons. nous offrons : - un environnement de travail dynamique et stimulant. - des opportunites de developpement professionnel. - un,professionnelle de 2 a 5 ans dans un poste similaire. - excellentes,A discuter,4
Enseignantes d'anglais maternelle et primaire,,Education / Social / Petite Enfance,Rabat,"et qualites : sens pedagogique adapte aux jeunes enfants creativite, dynamisme et esprit dinitiative patience, bienveillance et capacite decoute maitrise des methodes denseignement ludiques (jeux, chansons, activites interactives) capacite a travailler en equipe et a sadapter aux differents niveaux disponibilite souhaitee : immediate si notre offre correspond a votre profil, merci de nous faire parvenir votre cv.",dau moins 3 ans dans un poste similaire.,,4
Receptioniste,hotel,Tourisme / Hôtellerie / Restauration,Marrakech,,,CDI,6
Technico commercial rabat / marrakech,SIRMEL,Commercial / Vente,Casablanca,,,CDI,1
Mechanical industrial deisgner,Confidentiel,Industrie / Ingénierie / Energie,Casablanca,,"in mechanical product design, very skilled in product design using solidworks / pdm. with a very good level in english.",CDI,8
Magasinier,IPA,Transport / Achat / Logistique,Casablanca,"niveau bac minimum (souhaite) sens de lorganisation, rigueur et esprit dequipe dynamisme et capacite a travailler dans un environnement structure - lieu de travail : sidi bernoussi casablanca",,A discuter,7
Magasinier coupe câble,SIRMEL,Transport / Achat / Logistique,Casablanca,,dans la coupe de cable. savoir lire et ecrire travail en equipe permis caces,CDI,7
Responsable logistique,Oxynord,Transport / Achat / Logistique,Casablanca,"personnelles : - leadership et esprit dequipe - reactivite et capacite a gerer les imprevus - sens de lanalyse et de la resolution de problemes - rigueur, autonomie et sens des priorites nous offrons : - un environnement de travail stimulant - des perspectives devolution - remuneration attractive selon profil","de 3 ans confirmee dans un poste similaire - bonne maitrise des outils de gestion logistique (erp, excel...) - sens de responsabilite et de lorganisation",A discuter,7
Responsable ressources humaines,Oxynord,Industrie / Ingénierie / Energie,Tanger,des collaborateurs (plans de,de 2 ans dans un poste similaire est souhaitable - bonne maitrise du droit du travail - excellentes capacites relationnelles et organisationnelles - sens de la confidentialite et de lecoute,A discuter,8
Agent / femme de sécurité,La Terrasse des épices,Tourisme / Hôtellerie / Restauration,Marrakech,un premiere experience dans la securite avec au moins une bonne maitrise de la langue francaise. nous acceptons les profils debutants. merci d'envoyer vos cv's directement a travers marocannonces.,dans la securite avec au moins une bonne maitrise de la langue francaise. nous acceptons les profils debutants. merci d'envoyer vos cv's directement a travers marocannonces.,CDD,6
OpÉrateur machine dÉcoupe laser cnc,SARL,Industrie / Ingénierie / Energie,Deroua,"- lecture et interpretation de plans techniques et de documents de fabrication - maitrise des reglages de base de machines a commande numerique - connaissances en metrologie, controle qualite et securite industrielle qualites personnelles : - rigueur dans le respect des consignes et des tolerances - forte autonomie dans le travail quotidien - sens des responsabilites et de la securite - bonne capacite a travailler en equipe",- une premiere experience reussie sur machines de decoupe laser fibre et/ou plasma cnc est souhaitee,CDI,8
Electricien maintenance,société agroalimentaire,Industrie / Ingénierie / Energie,Casablanca,,3 ans a 4 ans similaire poste transport non assure,CDD,8
4 commis de cuisine et 2 serveuses,KMC Company,Tourisme / Hôtellerie / Restauration,Rabat,,,CDI,6
Chef de carriere,CARRIERE BENGURIR,Construction / Btp,Benguerir,,,CDI,3
Chef d’Équipe production industrie textile (h/f),OMEGA TEXTILE MAROC,Industrie / Ingénierie / Energie,Casablanca,"fortes capacites de leadership, rigueur, et sens de lorganisation.",minimum 1 an d'experience reussie dans un poste similaire en milieu industriel (l'experience dans le textile/chaussettes est un grand avantage).,A discuter,8
Pré vendeur à (food),SAPLINCO,Commercial / Vente,Tanger,"correspond aux criteres demandes, priere de nous transmettre votre candidature via ce site. dans l'attente de vous lire.",probante dans le,A discuter,3
Infirmiere medicale,LABORATOIRE ANALYSES MEDICALES,Biologie / Chimie / Pharmaceutique,Marrakech,,exigee maitrise de la prise de sang,CDI,3
Technicien de laboratoire experimente,LABORATOIRE ANALYSES MEDICALES,Santé / Médical,Marrakech,,3ans minimum maitrise de toutes les paillasses poste sur marrakech,CDI,3
Ingénieur qa (cypress) 2 ans d’expérience minimum,ALTER IPSO,Informatique / Multimédia / Internet,Marrakech,"requises - experience obligatoire en automatisation de tests e2e avec cypress - maitrise obligatoire de git (gestion de versions, branches, merge, pull request) - bonne maitrise de docker (pull, push, execution de commandes shell) - connaissances solides en sql (requetes, validation de donnees) - experience en environnement saas avec cycles de deploiement frequents - familiarite avec aws (ec2) - aisance avec ssh et les environnements linux - experience avec les pipelines ci/cd, notamment github actions (yaml) - maitrise doutils de test dapi (postman, bruno ou equivalent) - excellentes","obligatoire en automatisation de tests e2e avec cypress - maitrise obligatoire de git (gestion de versions, branches, merge, pull request) - bonne maitrise de docker (pull, push, execution de commandes shell) - connaissances solides en sql (requetes, validation de donnees) - experience en environnement saas avec cycles de deploiement frequents - familiarite avec aws (ec2) - aisance avec ssh et les environnements linux - experience avec les pipelines ci/cd, notamment github actions (yaml) - maitrise doutils de test dapi (postman, bruno ou equivalent) - excellentes",CDI,4
Assistante commerciale/administrative,TOPOTRADE,Industrie / Ingénierie / Energie,Casablanca,"experience confirmee en vente b2b idealement dans le secteur industriel bonne connaissance du materiel electrique, pneumatique, hydraulique ou automatisme excellent relationnel et sens de la negociation dynamique, autonome et oriente resultats permis de conduire souhaite nous offrons","confirmee en vente b2b idealement dans le secteur industriel bonne connaissance du materiel electrique, pneumatique, hydraulique ou automatisme excellent relationnel et sens de la negociation dynamique, autonome et oriente resultats permis de conduire souhaite nous offrons",CDI,1
Enseignante francais primaire,GROUPE SCOLAIRE TRILINGUE ANFA,Education / Social / Petite Enfance,Casablanca,"creer une atmosphere dapprentissage positive afin dinciter les eleves a penser et agir de maniere autonome. vous faites preuve dempathie et dune grande capacite a communiquer et transmettre. vous mettez en place des activites ludiques et creatives pour favoriser les apprentissages. vous maitrisez les outils informatiques (du type word, excel et powerpoint) et etes a laise pour travailler dans un environnement numerique.","s ou plus vous maitrisez le francais dans le cadre de son enseignement. vous avez des qualites dadaptation aux differents temperament des eleves. vous etes capable de creer une atmosphere dapprentissage positive afin dinciter les eleves a penser et agir de maniere autonome. vous faites preuve dempathie et dune grande capacite a communiquer et transmettre. vous mettez en place des activites ludiques et creatives pour favoriser les apprentissages. vous maitrisez les outils informatiques (du type word, excel et powerpoint) et etes a laise pour travailler dans un environnement numerique.",CDI,4
Aide comptable,Artser maroc,Comptabilité / Gestion / Audit,Casablanca,,,CDI,2
Chargé(e) d’approvisionnement,AKSAM,Transport / Achat / Logistique,Casablanca,"diplome bac+3 en logistique, gestion ou equivalent 1ere experience souhaitee bon niveau en informatique (maitrise des outils bureautiques et systemes de gestion type erp) sens de lorganisation, rigueur et reactivite bon esprit dequipe et capacite de coordination","souhaitee bon niveau en informatique (maitrise des outils bureautiques et systemes de gestion type erp) sens de lorganisation, rigueur et reactivite bon esprit dequipe et capacite de coordination",A discuter,7
Commercial terrain maroc,MAXAB,Commercial / Vente,Tout le Maroc,,,A discuter,1
Declarant en douane,entreprise,Entreprise / Import / Export,Casablanca,"bac+5 avec experience de 3 a 5 ans en tant que declarant(e) en douane. maitrise du systeme badr et bonne connaissance de la reglementation douaniere marocaine. sens de lorganisation, rigueur et reactivite. excellentes capacites de communication et esprit dequipe.","de 3 a 5 ans en tant que declarant(e) en douane. maitrise du systeme badr et bonne connaissance de la reglementation douaniere marocaine. sens de lorganisation, rigueur et reactivite. excellentes capacites de communication et esprit dequipe.",CDI,4
Full stack .net developer,Confidentiel,Industrie / Ingénierie / Energie,Casablanca,,,CDI,8
Gestionnaire administrative et financière,SOBOMO,Comptabilité / Gestion / Audit,Agadir,"rigueur, sens de lorganisation et fiabilite bonne maitrise des outils informatiques (notamment excel) connaissances de base en comptabilite esprit danalyse et sens des responsabilites",,CDI,2
Responsable logistique,,Entreprise / Import / Export,Tanger,bac+5 en logistique ou equivalent experience de 10 ans minimum en gestion logistique bonne maitrise des incoterms et procedures douanieres maitrise dexcel et des erp bon niveau en francais (anglais souhaitable),de 10 ans minimum en gestion logistique bonne maitrise des incoterms et procedures douanieres maitrise dexcel et des erp bon niveau en francais (anglais souhaitable),CDI,4
Pré vendeur détail à ain sbaa,Confidentiel,Grande Distribution,Casablanca,- niveau bac+2 ou equivalent. - experience minimale de 2 ans dans le,minimale de 2 ans dans le,CDI,3
Aide livreur permis c à,Confidentiel,Grande Distribution,Casablanca,- niveau bac ou plus - permis de conduire type c - experience obligatoire dans un poste similaire nhesitez pas a envoyer vos cv.,obligatoire dans un poste similaire nhesitez pas a envoyer vos cv.,A discuter,3
Responsable logistique,Confidentiel,Grande Distribution,Casablanca,"en organisation, planification et gestion des priorites. capacite a piloter des equipes et a travailler en transversal. sens de lanalyse, reactivite et orientation resultats.","confirmee dans un poste similaire (idealement en grande distribution). bonne maitrise des outils informatiques, notamment excel (tcd, analyse de donnees). solides",A discuter,4
Superviseur de vente détail,Confidentiel,Grande Distribution,Agadir,demande,,CDI,3
Agent de livraison et recuperation a,Marrakech Location Voiture,Automobile,Marrakech,,,A discuter,3
Planificateur logistique,Confidentiel,Grande Distribution,Casablanca,"bac+2 a bac+5 en logistique, transport ou gestion. premiere experience souhaitee dans un poste similaire. bonne maitrise dexcel et sens de lorganisation.",souhaitee dans un poste similaire. bonne maitrise dexcel et sens de lorganisation.,CDI,4
Aide livreur permis c à,Confidentiel,Grande Distribution,Rabat,- niveau bac ou plus - permis de conduire type c - experience obligatoire dans un poste similaire nhesitez pas a envoyer vos cv.,obligatoire dans un poste similaire nhesitez pas a envoyer vos cv.,A discuter,3
Assistante,MPI,Comptabilité / Gestion / Audit,Casablanca,bac+3 (gestion) maitrise avancee d'excel (test au recrutement) rigueur et autonomie. - commercial(e) terrain b2b (secteur chr),vente exigee profil oriente resultats (remuneration et moyens evolutifs selon performance). pourquoi nous rejoindre ?,A discuter,2
Chef de chantier btp expérimenté (h/f) avec équi,Atelier Reyad,Construction / Btp,Casablanca,"- experience +10 ans en btp (projets publics et prives) - capacite a gerer une equipe remuneration : 10 000 a 15 000 dh, negociable selon experience et profil localisation : casablanca -maroc","+10 ans en btp (projets publics et prives) - capacite a gerer une equipe remuneration : 10 000 a 15 000 dh, negociable selon experience et profil localisation : casablanca -maroc",CDI,3
Chef de projet technicien génie civil,Atelier Reyad,Construction / Btp,Casablanca,"formation genie civil experience +10 ans en btp remuneration : 8 000 a 12 000 dh, negociable selon experience localisation : casablanca-maroc","+10 ans en btp remuneration : 8 000 a 12 000 dh, negociable selon experience localisation : casablanca-maroc",CDI,3
Agent contrôle qualité,Société Industriel,Industrie / Ingénierie / Energie,Kénitra,formation : bac+2 ou bac+3 technique (construction metallique ou traitement de surface) ; bonne maitrise de la langue francaise et des outils informatiques ; bonne maitrise des outils qualite ; experience : minimum 1 an dans le secteur industriel ; disponibilite : immediate.,minimum 1 an dans le secteur industriel ; disponibilite : immediate.,A discuter,8
Infirmier(e) polyvalent(e) en hémodialyse,Centre d'Hémodialyse Ain Aouda,Santé / Médical,Tout le Maroc,- bac+3 avec une experience de 3 ans - excellentes aptitudes relationnelles - capacite a gerer les situations difficiles - ponctualite - l'hygiene et la securite des patients. merci denvoyer vos candidatures par mail via ce site marocannonces,"minimale de 3 ans, pour rejoindre notre equipe et assurer les responsabilites liees a ce poste.",A discuter,3
Agent téléassistante,Groupe Multi-Laboratoire LC2A,Accueil / Secrétariat / Administration,Mohammedia,"bac+2 minimum (gestion, commerce ou equivalent) excellente communication en francais (oral et ecrit) sens de lecoute et du service maitrise des outils informatiques une premiere experience en centre dappel est un atout conditions : poste base a mohammedia",en centre dappel est un atout conditions : poste base a mohammedia,A discuter,4
Opérateur de machine / ain sbaa,DominoRH,Industrie / Ingénierie / Energie,Casablanca,,dans un poste similaire niveau bac+diplome transport non assure,Interim,8
Opérateur d’emballage transport assuré,Dama,Autre,Had Soualem,"niveau bac ou qualification professionnelle une premiere experience en industrie ou en conditionnement est souhaitable bonne capacite a travailler sur une ligne de production connaissance des regles dhygiene, de securite et de qualite capacite a suivre les consignes et procedures","en industrie ou en conditionnement est souhaitable bonne capacite a travailler sur une ligne de production connaissance des regles dhygiene, de securite et de qualite capacite a suivre les consignes et procedures",Interim,4
Femmes de chambre et des valet de chambre,ManpowerGroupe,Tourisme / Hôtellerie / Restauration,Rabat,,de 3 ans dans un poste similaire pour un,Interim,6
Commercial en textile & produits finis,AMA AMENAGEMENT,Commercial / Vente,Casablanca,sou,,A discuter,1
Recrutement collaborateurs polyvalent,LABELVIE SA,Grande Distribution,Casablanca,-bac ou bien diplome (qualification t technicien ) -sens de service et esprit d'equipe,,Anapec,3
Receptionniste,BestProfil,Tourisme / Hôtellerie / Restauration,Marrakech,"en communication et en service client connaissance d'une autre langue (arabe, espagnol, etc.) experience dans le secteur hotelier ou touristique connaissances de base en comptabilite","en accueil ou en secretariat excellente maitrise du francais et de l'anglais (oral et ecrit) connaissances de base en gestion administrative maitrise des outils bureautiques (word, excel, etc.) sens de l'organisation et rigueur excellentes",Interim,6
Agent de nettoyage,BEINTERIM,Tourisme / Hôtellerie / Restauration,Essaouira,,dans un poste similaire souhaitee capacite a travailler en autonomie,Interim,6
Caissières à,AFRICA STAFFING,Commercial / Vente,Casablanca,"experience souhaitee dans un poste similaire (distribution, restauration, commerce) presentation soignee, sens du service et bonne communication serieux(se), organise(e) et ponctuel(le) maitrise de base des outils de caisse",client.,Interim,4
Agent scheduler,,Transport / Achat / Logistique,Casablanca,". bac +3 en transport et logistique . diplome dune ecole specialisee (type istl / ofppt ou equivalent) . une experience confirmee dans un poste similaire . bonne maitrise des techniques de planification et dordonnancement . sens de lorganisation, rigueur et reactivite . esprit dequipe et bonne capacite de communication . bonne maitrise des outils informatiques (excel, logiciels logistiques...)","confirmee dans un poste similaire . bonne maitrise des techniques de planification et dordonnancement . sens de lorganisation, rigueur et reactivite . esprit dequipe et bonne capacite de communication . bonne maitrise des outils informatiques (excel, logiciels logistiques...)",A discuter,7
Receptioniste spa,BEINTERIM,Tourisme / Hôtellerie / Restauration,Al hoceima,,dans un poste similaire ou en hotellerie souhaitee,Interim,6
Recrutement contrôleur de nuit,,Sécurité / Surveillance / Gardiennage,Marrakech,"- niveau detudes : bac+2 - experience en surveillance ou securite souhaitee - serieux, ponctuel et discipline - capacite a travailler de nuit - bonne condition physique et sens de lorganisation lieu : marrakech merci denvoyer votre cv via lannonce ou de nous contacter pour postuler.","en surveillance ou securite souhaitee - serieux, ponctuel et discipline - capacite a travailler de nuit - bonne condition physique et sens de lorganisation lieu : marrakech merci denvoyer votre cv via lannonce ou de nous contacter pour postuler.",A discuter,4
Gérant magasin prêt à porter,sarl,Commercial / Vente,Tanger,,"en retail, minimum de 5 ans . notre magasin est specialise en vente d'article pour femme et homme. - nous recrutons une personne dynamique et serieuse avec un bon contact client. - personne interessee, veuillez, envoyer votre cv avec photo.",A discuter,1
Assistante administrative et commerciale,Centre Académique Privé de la Formation professionnelle CAFP,Autre,Casablanca,"bac +3 en gestion, commerce ou equivalent bonne maitrise des outils informatiques (word, excel, email) bon niveau en francais (oral et ecrit) sens de laccueil, organisation et serieux esprit commercial et bonne communication une premiere experience est souhaitable",est souhaitable,A discuter,4
Responsable maintenance jorf lasfar ( ),SMM SOCODAM DAVUM,Construction / Btp,El jadida,"cles : sens de lorganisation, methode et rigueur. dynamisme, reactivite et flexibilite. capacite a encadrer des equipes et a gerer plusieurs projets simultanement. connaissance approfondie des normes de maintenance preventive et corrective.",minimum 5 ans dans un poste similaire avec une forte experience dans la gestion de chantiers et la conduite des travaux.,CDI,4
Assistante gouvernante,BestProfil,Tourisme / Hôtellerie / Restauration,Marrakech,en communication et en service client. sens des responsabilites et discretion. capacite a s'adapter a un environnement multiculturel.,"averee en gestion de maison, idealement dans un contexte international ou haut de gamme. excellente maitrise du francais et de l'anglais, une autre langue est un atout. capacite a gerer plusieurs taches simultanement et a travailler de maniere autonome. sens aigu du detail, rigueur et organisation. disponibilite et flexibilite pour des horaires variables. excellentes",Interim,6
Standardiste,BestProfil,Tourisme / Hôtellerie / Restauration,Marrakech,en communication ecrite et orale. capacite a travailler de maniere autonome et en equipe. sens aigu du detail et de l'organisation. connaissance des normes iso ou d'autres systemes de gestion de la qualite est un atout.,"prealable dans un role similaire, idealement dans le secteur de l'hotellerie ou des services. excellentes",Interim,6
Stagiaire rh chellalate,Maroc Express,Ressources Humaines / Recrutement / Intérim,Casablanca,,"3 a 6 mois, debut des que possible",Stage,3
Agent de suivi de flotte gps,OZONEXPRESS,Transport / Achat / Logistique,Casablanca,"experience terrain obligatoire (suivi de flotte, transport, logistique ou","terrain obligatoire (suivi de flotte, transport, logistique ou",A discuter,7
Commercial terrain,STG TELEMATICS MOROCCO,Commercial / Vente,Tanger,"bac+3 en commerce, gestion ou","souhaitee en vente terrain ou b2b excellent sens relationnel et fibre commerciale capacite de negociation et orientation resultats autonomie, organisation et perseverance bonne connaissance de la region de tanger permis b",A discuter,1
Agent de pointage hay mohammadi,OZONEXPRESS,Transport / Achat / Logistique,Casablanca,- age : 21 ans et plus - niveau scolaire : niveau bac-bac - experience : non exigee debutant bienvenu - residence : casablanca-region hay mohammadi (obligatoire) - a laise avec les systemes informatique vos,non exigee debutant bienvenu - residence : casablanca-region hay mohammadi (obligatoire) - a laise avec les systemes informatique vos,A discuter,7
chargé de clientèle d'agence,DEKRA,Banque / Finance / Assurance,Oujda,,merci d'envoyer vos candidature,Interim,0
Microbiologistes et chimistes cdi,Groupe Multi-Laboratoire LC2A,Santé / Médical,Agadir,- bac+3/5 en biologie microbiologie ou,"s en tant que technicien laboratoire ou dans un poste similaire - bonne maitrise des techniques danalyses microbiologiques - serieux, organise et esprit dequipe - poste base a agadir merci d'envoyer votre cv via ce site marocannonces bonne chance a tous",A discuter,3
Chargé de clientèle d'agence,DEKRA,Banque / Finance / Assurance,Fès,,merci d'envoyer vos candidature,Interim,0
chargé de clientèle d'agence casa,DEKRA,Banque / Finance / Assurance,Casablanca,,merci d'envoyer vos candidature,Interim,0
Plusieurs postes restaurant à,GROUPE RESTAURANTS,Tourisme / Hôtellerie / Restauration,Marrakech,"s qualifies pour renforcer ses equipes en cuisine. nous recrutons pour les postes suivants : chef de partie snack chef de partie chaud chef de partie garde-manger sushi man les candidats retenus devront faire preuve de rigueur, de creativite et d'une solide experience en restauration. une bonne maitrise des techniques culinaires propres a chaque poste est indispensable.",en restauration. une bonne maitrise des techniques culinaires propres a chaque poste est indispensable.,Interim,6
Charge de caisse,prestation de service,Banque / Finance / Assurance,Marrakech,"charge de caisse titulaire d'un bac+3 en eco et gestion, commerce, avec au moins un an d'experience dans le",dans le,A discuter,4
Gestionnaire de stock,prestation de service,Transport / Achat / Logistique,Berrechid,"bac +2 en logistique / gestion de stock minimum 1 an dexperience maitrise des outils informatique organisation, rigueur, communication pour les interesses, merci de nous envoyer votre candidature. salutations.","maitrise des outils informatique organisation, rigueur, communication pour les interesses, merci de nous envoyer votre candidature. salutations.",CDD,7
Manager h/f mohammedia,McDonald's,Tourisme / Hôtellerie / Restauration,Casablanca,"comportementales, manageriales et operationnelles, il pourra evoluer vers le poste de 1er assistant apres avoir rempli les criteres pour passer le conseil de nomination et decrocher eventuellement le poste de directeur de restaurant une fois ses","en management, relation client, vente, etc...est souhaitable , bonne maitrise de la relation client animation d'equipe pratique professionnelle de la langue francaise.",CDI,6
Manager (h/f),McDonald's,Tourisme / Hôtellerie / Restauration,Rabat,"comportementales, manageriales et operationnelles, il pourra evoluer vers le poste de 1er assistant apres avoir rempli les criteres pour passer le conseil de nomination et decrocher eventuellement le poste de directeur de restaurant une fois ses","en management, relation client, vente, etc...est souhaitable , bonne maitrise de la relation client animation d'equipe pratique professionnelle de la langue francaise.",CDI,6
Infirmière / technicien climatisation,a domicile,Santé / Médical,Casablanca,,+ 06 ans.,A discuter,3
Manager h/f,McDonald's,Tourisme / Hôtellerie / Restauration,Kénitra,"comportementales, manageriales et operationnelles, il pourra evoluer vers le poste de 1er assistant apres avoir rempli les criteres pour passer le conseil de nomination et decrocher eventuellement le poste de directeur de restaurant une fois ses","en management, relation client, vente, etc...est souhaitable , bonne maitrise de la relation client animation d'equipe pratique professionnelle de la langue francaise.",CDI,6
Manager h/f,McDonald's,Tourisme / Hôtellerie / Restauration,Salé,"comportementales, manageriales et operationnelles, il pourra evoluer vers le poste de 1er assistant apres avoir rempli les criteres pour passer le conseil de nomination et decrocher eventuellement le poste de directeur de restaurant une fois ses","en management, relation client, vente, etc...est souhaitable , bonne maitrise de la relation client animation d'equipe pratique professionnelle de la langue francaise.",CDI,6
Chef de personnel,Confidentiel,Autre,Salé,"bac+3 a bac+5 en gestion des ressources humaines, droit social ou equivalent minimum 8 a 10 ans dexperience, idealement dans le secteur textile ou industriel excellente maitrise de la legislation sociale marocaine sens de lorganisation, rigueur et confidentialite bon relationnel et capacite a gerer des situations sensibles poste base a sale - merci dadresser votre candidature via ce site marocannonces",", idealement dans le secteur textile ou industriel excellente maitrise de la legislation sociale marocaine sens de lorganisation, rigueur et confidentialite bon relationnel et capacite a gerer des situations sensibles poste base a sale - merci dadresser votre candidature via ce site marocannonces",CDI,4
Grutier skhirat,MAROC FORCE EMPLOI,Construction / Btp,Temara,grutier : caces grue (ou equivalent) obligatoire + permis c/ec souhaite pour grue mobile,,Interim,3
Technicien informatique & développement,PC MAROC,Informatique / Multimédia / Internet,Casablanca,,dans les solutions de caisse est un plus,CDI,4
Chargé(e) organisation & process,RH,Entreprise / Import / Export,Casablanca,"formation superieure bac +3 a bac +5 en management, qualite, audit, organisation ou equivalent experience de 3 a 5 ans minimum dans une",de 3 a 5 ans minimum dans une,CDI,4
Responsable exploitation logistique /,recrute,Transport / Achat / Logistique,Casablanca,"formation superieure en logistique, supply chain ou gestion experience significative dans un poste similaire forte capacite dorganisation et de leadership maitrise des outils de gestion de stock et dexcel rigueur, reactivite et sens des responsabilites","significative dans un poste similaire forte capacite dorganisation et de leadership maitrise des outils de gestion de stock et dexcel rigueur, reactivite et sens des responsabilites",CDI,7
Assistante commerciale agence tanger,GROUP LE MATIN,Édition / Imprimerie / Journalisme,Casablanca,"- bac+2 a bac+4 en commerce, gestion ou equivalent - premiere experience dans une",dans une,CDI,4
Comptable confirmé(e),société,Autre,Casablanca,"diplome en comptabilite, finance ou gestion ; minimum 5 ans dexperience dans un poste similaire ; bonne maitrise des outils bureautiques (excel, logiciels comptables, erp) ; connaissance solide des normes comptables et fiscales locales ; esprit danalyse, rigueur, autonomie et sens de la confidentialite ; bon relationnel et capacite a travailler en equipe.","dans un poste similaire ; bonne maitrise des outils bureautiques (excel, logiciels comptables, erp) ; connaissance solide des normes comptables et fiscales locales ; esprit danalyse, rigueur, autonomie et sens de la confidentialite ; bon relationnel et capacite a travailler en equipe.",CDI,2
Pré vendeur à (food),SAPLINCO,Commercial / Vente,Meknès,niveau bac a bac+2 en commerce ou equivalent. experience souhaitee dans la vente ou la distribution de produits alimentaires (food). bonne connaissance de la,souhaitee dans la vente ou la distribution de produits alimentaires (food). bonne connaissance de la,A discuter,1
Trade marketing & merchandising ( retail ),Multinational,Mode / Luxe / Beauté,Casablanca,- bac+5 en marketing / communication - experience de 3 a 5 ans en trade marketing / retail / fmcg - bonne maitrise du merchandising et de lanalyse commerciale - excellentes capacites organisationnelles et esprit analytique - leadership transversal et orientation resultats,de 3 a 5 ans en trade marketing / retail / fmcg - bonne maitrise du merchandising et de lanalyse commerciale - excellentes capacites organisationnelles et esprit analytique - leadership transversal et orientation resultats,CDI,4
Responsable relation client,Multinational,Mode / Luxe / Beauté,Casablanca,relationnelles et organisationnelles,client cross-canal - superviser la qualite et la conformite des donnees clients,CDI,3
Chaudronnier,manpower,Autre,Berrechid,"diplome en chaudronnerie, construction metallique ou equivalent experience souhaitee dans un environnement industriel, idealement automobile bonne maitrise des techniques de soudure et des outils de fabrication rigueur, autonomie et esprit dequipe","souhaitee dans un environnement industriel, idealement automobile bonne maitrise des techniques de soudure et des outils de fabrication rigueur, autonomie et esprit dequipe",Interim,4
Techniciens Électromécanique Électrotechnique,manpower,Autre,Berrechid,"diplome de technicien specialise en electromecanique ou electrotechnique experience souhaitee dans un environnement industriel (idealement automobile) bonnes connaissances en electricite industrielle, automatisme et mecanique esprit danalyse, rigueur et sens des responsabilites capacite a travailler en equipe conditions","souhaitee dans un environnement industriel (idealement automobile) bonnes connaissances en electricite industrielle, automatisme et mecanique esprit danalyse, rigueur et sens des responsabilites capacite a travailler en equipe conditions",Interim,4
Consultant comptable stage pré embauche (rémunéré),Cabinet d'expertise comptable,Comptabilité / Gestion / Audit,Casablanca,linguistiques.,"reussie (stage) au sein dun cabinet comptable ; - solides connaissances en comptabilite generale et fiscalite ; - bonne maitrise du francais a lecrit comme a loral ; - rigueur, sens de lorganisation et esprit dequipe. conditions - stage remunere selon profil ; - embauche a lissue du stage ; - environnement de travail professionnel et formateur",CDI,2
Cherchons electromecanicien,,Édition / Imprimerie / Journalisme,Casablanca,,,A discuter,3
Cuisinier chawarma / serveurs/ commis de cuisine,agha,Tourisme / Hôtellerie / Restauration,Rabat,s suivants: - cuisinier chawarma - serveurs - commis de cuisine,,A discuter,6
Technicien laboratoire clinique,AKDITAL,Santé / Médical,Casablanca,"- licence en biologie (ou diplome equivalent). - experience dans un laboratoire danalyses medicales souhaitee. - rigueur, sens de lorganisation et esprit dequipe. - connaissance des regles de qualite, hygiene et securite.","dans un laboratoire danalyses medicales souhaitee. - rigueur, sens de lorganisation et esprit dequipe. - connaissance des regles de qualite, hygiene et securite.",CDI,4
Manutentionnaire ain harrouda transport assuré,Confidentiel,Industrie / Ingénierie / Energie,Casablanca,,,Interim,8
Réceptionniste d'hotel,,Tourisme / Hôtellerie / Restauration,Agadir,,,,6
Chef de partie pâtisserie rejoignez notre brigad,Charif,Tourisme / Hôtellerie / Restauration,Casablanca,"2+ ans dexperience en patisserie pro. creativite, rigueur et esprit dequipe. horaires matinaux precoces (des 6h) : obligatoires, aucun probleme ! avantages","en patisserie pro. creativite, rigueur et esprit dequipe. horaires matinaux precoces (des 6h) : obligatoires, aucun probleme ! avantages",CDI,6
Préparatrice de commande à sidi maarouf,Sentel,Industrie / Ingénierie / Energie,Casablanca,"- serieuse, rapide et organisee - bonne capacite a travailler en equipe - experience en preparation de commandes ou en production est un plus - respect des regles dhygiene et de qualite lieu : - sidi maarouf",en preparation de commandes ou en production est un plus - respect des regles dhygiene et de qualite lieu : - sidi maarouf,CDI,8
Aide comptable,FIMADIS,Comptabilité / Gestion / Audit,Casablanca,(criteres obligatoires),une experience prealable en fiduciaire est indispensable. outils : maitrise parfaite de sage 100 comptabilite. qualites attendues : rigueur exemplaire dans le traitement des donnees. sens de l'organisation.,,2
Assistante médicale,Cabînet médical,Accueil / Secrétariat / Administration,Casablanca,sens de contact et de communication,,A discuter,4
Expert fleet services,BEST PROFIL,Autre,Casablanca,"recrute pour son client des agents expert fleet services -casablanca poste taches et responsabilites principales relations au groupe : decliner la politique et les regles/outils/procedures du groupe localement quand cest possible et adapte au cas darval maroc. suivi de lactivite : gerer les appels entrants et sortants : fournisseurs. gerer les emails entrants et sortants : fournisseurs. enregistrer les evenements dans lapplication interne. etablir les bons de commandes destines aux fournisseurs pour les repartions (mecanique (smr), carrosserie, pneus). gestion permanente de la relation avec les prestataires arval pour toute intervention technique. amelioration continue de la qualite de service livre aux clients darval suivi des reparations sinistres : prendre en charge la reparation des vehicules sinistres declares sur systeme. sassurer du passage de lexpert dans la journee. demander et valider les devis de reparation sur le systeme din",,Interim,0
Infirmière polyvalente,MAROC FORCE EMPLOI,Automobile,Tanger,,,Interim,3
Cariste,Dama,Autre,Casablanca,,"anterieure en tant que cariste, de preference dans un environnement d'entrepot ou de logistique. - maitrise de l'utilisation d'engins de manutention, y compris les chariots elevateurs. - connaissance des regles de securite en entrepot et respect strict de ces regles. - capacite a travailler en equipe, a communiquer efficacement et a suivre les instructions. - sens de l'organisation, rigueur et souci du detail. - disponibilite pour travailler selon des horaires flexibles.",Interim,3
Pompiste,RH,Autre,Bouskoura,,dans un poste similaire.,Interim,3
Assistante de direction,Confidentiel,Autre,Marrakech,"bac+2 / bac+3 en assistanat de direction, gestion ou comptabilite experience de 2 ans minimum dans un poste similaire bonnes connaissances en comptabilite excellente maitrise du francais (ecrit et oral) maitrise des outils bureautiques (excel, word) rigueur, sens de lorganisation et discretion bon relationnel et capacite a gerer plusieurs taches - conditions : poste base a marrakech (gueliz)","de 2 ans minimum dans un poste similaire bonnes connaissances en comptabilite excellente maitrise du francais (ecrit et oral) maitrise des outils bureautiques (excel, word) rigueur, sens de lorganisation et discretion bon relationnel et capacite a gerer plusieurs taches - conditions : poste base a marrakech (gueliz)",CDI,4
Chef d'équipe,CONFIDENTIEL,Automobile,Tifelt,"bac+2 / bac+3 en industrie, textile ou equivalent experience confirmee dans un poste similaire, idealement en textile automobile bon leadership et sens de lorganisation capacite a gerer une equipe et a travailler sous pression maitrise des outils de production et des indicateurs de performance.","confirmee dans un poste similaire, idealement en textile automobile bon leadership et sens de lorganisation capacite a gerer une equipe et a travailler sous pression maitrise des outils de production et des indicateurs de performance.",A discuter,4
Technicien plombier tata,Anonyme,Construction / Btp,Zagora,"formation en plomberie ou experience equivalente experience en chantier souhaitee serieux, autonomie et sens du travail en equipe budget : 5 000 dhs logement : sur place","equivalente experience en chantier souhaitee serieux, autonomie et sens du travail en equipe budget : 5 000 dhs logement : sur place",Interim,4
Electricien de bâtiment,Confidentiel,Construction / Btp,Agadir,,,Interim,3
Commercial b2b dar bouazza,BEST PROFIL,Commercial / Vente,Casablanca,experience en vente b2b (idealement industrie / equipement) bon relationnel et sens de negociation autonomie et rigueur lieu : dar bouazza casablanca,en vente b2b (idealement industrie / equipement) bon relationnel et sens de negociation autonomie et rigueur lieu : dar bouazza casablanca,CDI,1
Commerciale b2b régie publicitaire ( ),BEST PROFIL,Commercial / Vente,Casablanca,- bac+5 en commerce / marketing / communication - 1 a 2 ans dexperience en commercial b2b (idealement en agence de communication ou marketing) - motorisee (obligatoire) - excellente maitrise du francais - bonne maitrise des techniques de vente et de negociation - tres bon relationnel et orientation resultats,en commercial b2b (idealement en agence de communication ou marketing) - motorisee (obligatoire) - excellente maitrise du francais - bonne maitrise des techniques de vente et de negociation - tres bon relationnel et orientation resultats,CDI,1
Ingénieur structure bureau de contrôle technique,BEST PROFIL,Construction / Btp,Casablanca,"- ingenieur en genie civil - experience minimum de 5 ans en bureau de controle technique - maitrise du controle des structures : beton arme, charpente metallique, vrd - bonne connaissance des normes de construction - capacite danalyse et redaction de rapports techniques - serieux, rigueur et autonomie","minimum de 5 ans en bureau de controle technique - maitrise du controle des structures : beton arme, charpente metallique, vrd - bonne connaissance des normes de construction - capacite danalyse et redaction de rapports techniques - serieux, rigueur et autonomie",CDI,4
Serveuse,BEINTERIM,Tourisme / Hôtellerie / Restauration,Marrakech,"e rechercher ; accueillir chaleureusement les clients prendre les commandes et assurer le service en salle veiller a la satisfaction des clients assurer la mise en place et le nettoyage des tables respecter les regles dhygiene et de securite bonne presentation et sens du relationnel rapide, organisee et souriante experience dans un poste similaire souhaitee esprit dequipe et sens du service",dans un poste similaire souhaitee esprit dequipe et sens du service,Interim,6
Resp. développement commercial btp,Société d'industrie manufacturière,Construction / Btp,Agadir,"-ingenieur en genie civil ou equivalent -3 a 5 ans dexperience en developpement commercial idealement dans le btp -a laise avec les outils crm -excellent relationnel, sens du business et gout du challenge -autonome, terrain et oriente resultats","en developpement commercial idealement dans le btp -a laise avec les outils crm -excellent relationnel, sens du business et gout du challenge -autonome, terrain et oriente resultats",CDI,1
ChargÉ(e) d’appels d’offres bac+5,,Industrie / Ingénierie / Energie,Casablanca,requises : - rigueur et organisation - capacite danalyse et de synthese - gestion des priorites et respect des delais - esprit de coordination et travail en equipe - bonne maitrise dexcel (odoo est un atout),"de 2 a 5 ans dans un poste similaire - bonne maitrise de la reglementation des marches publics au maroc - maitrise des outils bureautiques (word, excel, pdf) et des plateformes dediees - excellentes capacites redactionnelles",Interim,8
Responsable / coordinateur logistique,PJ,Industrie / Ingénierie / Energie,Casablanca,"- bac+3 en logistique, gestion ou equivalent - minimum 3 ans dexperience en logistique ou gestion dequipes - sens de lorganisation, rigueur et capacite a gerer plusieurs priorites - bonne maitrise dexcel (connaissance dodoo souhaitee)","en logistique ou gestion dequipes - sens de lorganisation, rigueur et capacite a gerer plusieurs priorites - bonne maitrise dexcel (connaissance dodoo souhaitee)",Interim,8
Commercial(e) b2b / bac+4,PJ,Commercial / Vente,Casablanca,"relationnelles et de negociation - autonomie, rigueur et esprit dinitiative - bonne maitrise du francais (anglais souhaite) - permis de conduire recommande conditions : - remuneration fixe + com","en vente b2b, idealement dans le rayonnage, lequipement industriel ou lamenagement professionnel - excellentes",Interim,1
Assistante logistique internationale,,Construction / Btp,Casablanca,maitrise des procedures d'importation et des incoterms.,,Interim,4
Électromécanicien (Électrogènes),Confidentiel,Maintenance / Entretien,Marrakech,.,"souhaitee en maintenance de groupes electrogenes . mobile et disponible pour des deplacements frequents . serieux, rigoureux et autonome",Interim,3
Receptionniste hotel,,,Marrakech,"premiere experience en hotellerie ou en accueil souhaitee excellente presentation, sens du service et du relationnel organisation, autonomie et rigueur maitrise du francais et de langlais (une 3e langue est un plus) connaissance dun logiciel de reservation (pms) appreciee ce que nous offrons : un environnement de travail convivial une equipe soudee et bienveillante possibilites devolution au sein de lhotel","en hotellerie ou en accueil souhaitee excellente presentation, sens du service et du relationnel organisation, autonomie et rigueur maitrise du francais et de langlais (une 3e langue est un plus) connaissance dun logiciel de reservation (pms) appreciee ce que nous offrons : un environnement de travail convivial une equipe soudee et bienveillante possibilites devolution au sein de lhotel",,4
Gestionnaire de production en assurance,BEST PROFIL,Banque / Finance / Assurance,Casablanca,"bac+2 a bac+3 en assurance, gestion ou equivalent experience prealable obligatoire dans un poste similaire bonne maitrise des produits dassurance et des procedures de souscription a laise avec les outils informatiques rigueur, organisation et sens du detail bon relationnel condition importante : resider a proximite de sidi bernoussi (critere indispensable).","prealable obligatoire dans un poste similaire bonne maitrise des produits dassurance et des procedures de souscription a laise avec les outils informatiques rigueur, organisation et sens du detail bon relationnel condition importante : resider a proximite de sidi bernoussi (critere indispensable).",Interim,4
Regional transport & empty packaging coordinator,Multinational,Grande Distribution,Salé,manageriales et force de conviction,"en logistique - excellente maitrise du francais et de langlais - bonne capacite dadaptation dans un environnement dynamique et complexe - esprit danalyse, rigueur et sens de lanticipation - forte capacite de communication et de coordination transverse",Interim,3
Chargée de clientèle arabophone (f),CL,Commercial / Vente,Casablanca,s dynamiques avec une forte energie positive pour un poste de prise de rendez-vous et suivi client. votre role : contacter les prospects avec enthousiasme creer un echange positif avec les clients assurer le suivi et la planification des rendez-vous,,CDI,1
Infirmier anesthésiste bloc //,AKD,Santé / Médical,Khouribga,,,CDI,3
Infirmiers polyvalents //,AKD,Santé / Médical,Tanger,,,CDI,3
Chargé(e) de clientèle sur la région tahla.,Société marocaine,Grande Distribution,Fès,requises : -connaissance des techniques de vente et de negociation. -bonne expression orale et ecrite. -sens de lecoute et de la communication. -orientation client et sens du service. -esprit dequipe et rigueur. -capacite a gerer les priorites et le stress.,"-bac +2 / bac +3 en commerce, gestion, marketing, ou equivalent. -1 a 2 ans dans une",CDI,4
Manutentionnaire à ain harrouda,Confidentiel,Transport / Achat / Logistique,Casablanca,"correspond aux criteres demandes, priere de nous transmettre votre candidature via ce site. dans l'attente de vous lire","en entrepot est un plus (non obligatoire).nous vous proposons un cadre de travail agreable et challengeant, avec une gestion de carriere au point et une declaration aupres des organismes sociaux a partir du 1er mois d'integration. si votre profil correspond aux criteres demandes, priere de nous transmettre votre candidature via ce site. dans l'attente de vous lire",A discuter,7
Manutentionnaire à,Confidentiel,Transport / Achat / Logistique,Marrakech,"correspond aux criteres demandes, priere de nous transmettre votre candidature via ce site. dans l'attente de vous lire","en entrepot est un plus (non obligatoire).nous vous proposons un cadre de travail agreable et challengeant, avec une gestion de carriere au point et une declaration aupres des organismes sociaux a partir du 1er mois d'integration. si votre profil correspond aux criteres demandes, priere de nous transmettre votre candidature via ce site. dans l'attente de vous lire",A discuter,7
Agent de saisie / bon de commande bac +3,xxxx,Accueil / Secrétariat / Administration,Casablanca,,,Interim,4
Chauffeur transport personnel / pemis d,Confidentiel,Transport / Achat / Logistique,Casablanca,,de 4 ans dans un poste similaire. - lieu : casablanca - disponibilite : immediate,Interim,7
Chargé de portefeuille,Fondation Arrawaj,Banque / Finance / Assurance,Tanger,"pour le poste : charge de portefeuille - tanger titulaire dun bac+3 minimum en comptabilite, finance, commerce ou en gestion jeune diplome ou justifiant dune premiere experience reussie comme commercial dynamique, dote dune aisance relationnelle avec un gout prononce pour les challenges bonne resistance a la pression et au stress avoir lesprit d'initiative bonne capacite dadaptation habilete a creer du lien avec les clients","reussie comme commercial dynamique, dote dune aisance relationnelle avec un gout prononce pour les challenges bonne resistance a la pression et au stress avoir lesprit d'initiative bonne capacite dadaptation habilete a creer du lien avec les clients",CDI,4
Technicien de maintenance en automobile,SOLANO EMLPOI,Autre,Casablanca,"correspond, merci de nous envoyer vos cvs via ce site.",dans le,Interim,3
Chargé de portefeuille casa mediouna / had soualem,Fondation Arrawaj,Banque / Finance / Assurance,Casablanca,"pour le poste : charge de portefeuille - casablanca - titulaire dun bac+3 minimum en comptabilite, finance, commerce ou en gestion - jeune diplome ou justifiant dune premiere experience reussie comme commercial - dynamique, dote dune aisance relationnelle avec un gout prononce pour les challenges - bonne resistance a la pression et au stress - avoir lesprit d'initiative - bonne capacite dadaptation - habilete a creer du lien avec les clients","reussie comme commercial - dynamique, dote dune aisance relationnelle avec un gout prononce pour les challenges - bonne resistance a la pression et au stress - avoir lesprit d'initiative - bonne capacite dadaptation - habilete a creer du lien avec les clients",CDI,4
Chargé de portefeuille,Fondation Arrawaj,Banque / Finance / Assurance,Nador,pour le poste : charge de portefeuille - nador,"reussie comme commercial dynamique, dote dune aisance relationnelle avec un gout prononce pour les challenges bonne resistance a la pression et au stress avoir lesprit d'initiative bonne capacite dadaptation habilete a creer du lien avec les clients",CDI,0
Cariste c5,SOLANO EMLPOI,Autre,Casablanca,"correspond, merci de nous envoyer vos cv via ce site.",,Interim,3
Mécanicien ( automobile ),SOLANO EMLPOI,Autre,Casablanca,"correspond, merci de nous envoyer vos cvs via ce site.",en mecanique automobile et poids lourds.,Interim,3
Chef de projet en menuiserie aluminium,--,Autre,Casablanca,"requises - bonne connaissance menuiserie aluminium et facades. - lecture de plans techniques. - connaissance gammes, profils, accessoires. - methodes de pose. - notions calculs, metres et resistance des materiaux. - normes qualite et securite. - management d'equipes, organisation, priorisation. - communication, negociation, gestion du stress. logiciels - autocad - excel - ms project / planning - logiciels metier : logikal, orgadata, erp.",,CDI,4
Conducteur de travaux menuiserie aluminium,---,Autre,Casablanca,"requises - connaissance menuiserie aluminium et facades. - lecture de plans. - methodes de pose. - encadrement equipes chantier. - coordination sous-traitants. - leadership, organisation, reactivite. - excel, autocad (lecture), ms project, erp.",de 3 a 10 ans,CDI,4
Agent de route,DHL,Transport / Achat / Logistique,Kénitra,"niveau bac +2 minimum permis de conduire b et/ou c obligatoire bonne capacite de communication sens du service, rigueur et reactivite experience dans la logistique ou le transport souhaitee rejoignez une equipe dynamique et contribuez a la performance dun environnement logistique exigeant et stimulant. interesse(e) ? envoyez votre candidature des maintenant",dans la logistique ou le transport souhaitee rejoignez une equipe dynamique et contribuez a la performance dun environnement logistique exigeant et stimulant. interesse(e) ? envoyez votre candidature des maintenant,A discuter,7
Pré vendeur à,SAPLINCO,Commercial / Vente,Salé,niveau bac a bac+2 en commerce ou equivalent. experience souhaitee dans la vente ou la distribution de produits alimentaires (food). bonne connaissance de la,souhaitee dans la vente ou la distribution de produits alimentaires (food). bonne connaissance de la,A discuter,1
Pré vendeur à,Confidentiel,Grande Distribution,Tanger,"correspond aux criteres demandes, priere de nous transmettre votre candidature via ce site. dans l'attente de vous lire.",probante dans le,A discuter,3
Technicien en génie civil,BET,Construction / Btp,Nador,,dans la realisation des etudes techniques est souhaitee. disponibilite: immediate,A discuter,3
Hôtesse d'accueil,Confidential,Tourisme / Hôtellerie / Restauration,Casablanca,"presentation irreprochable, excellent relationnel maitrise du francais et de l'anglais premiere experience en accueil appreciee conditions",en accueil appreciee conditions,A discuter,6
Contrôleur de gestion confirmé / bac+5,Cabinet de recrutement,Commercial / Vente,Casablanca,"formation bac+5 en finance, controle de gestion ou audit experience de 3 a 5 ans minimum dans un poste similaire excellente maitrise dexcel (tcd, formules avancees, analyse de donnees) bonne maitrise des outils erp esprit analytique, rigueur et sens de la confidentialite capacite a travailler avec les operationnels et a challenger les chiffres","de 3 a 5 ans minimum dans un poste similaire excellente maitrise dexcel (tcd, formules avancees, analyse de donnees) bonne maitrise des outils erp esprit analytique, rigueur et sens de la confidentialite capacite a travailler avec les operationnels et a challenger les chiffres",CDI,2
Responsable de stock /,SARL,Autre,Casablanca,"organisationnelles et manageriales autonomie, rigueur, sens de linitiative","significative dans la gestion de stock ou la logistique maitrise des outils de gestion de stock (erp, wms, excel...) bonnes",CDI,4
Chef comptable / bac+4/5,TRANS,Comptabilité / Gestion / Audit,Casablanca,"bac+4 / bac+5 en comptabilite, finance ou gestion experience confirmee dans un poste similaire maitrise de la reglementation fiscale et comptable rigueur, sens de lorganisation et esprit danalyse capacite manageriale et sens des responsabilites","confirmee dans un poste similaire maitrise de la reglementation fiscale et comptable rigueur, sens de lorganisation et esprit danalyse capacite manageriale et sens des responsabilites",CDI,2
Receptionniste sur,HOTIN,Accueil / Secrétariat / Administration,Rabat,"formation en hotellerie, tourisme ou equivalent maitrise du francais et de l'anglais (arabe et espagnol apprecies) sens de l'accueil, presentation soignee, maitrise des outils pms (opera, fols...) conditions",+ avantages,A discuter,4
Ingénieur production sur casabalanca,HOTIN,Industrie / Ingénierie / Energie,Casablanca,"ingenieur en genie industriel / mecanique / electromecanique experience en industrie de 2+ ans maitrise lean, rigueur et capacite analytique conditions","en industrie de 2+ ans maitrise lean, rigueur et capacite analytique conditions",A discuter,8
Une assistante commerciale à,PJ,Commercial / Vente,Casablanca,"organisation, rigueur, gestion des priorites - experience : une premiere experience similaire est souhaitee",une premiere experience similaire est souhaitee,CDI,1
Ingénieur hydraulicien et prescripteur technique,TECTRA,Industrie / Ingénierie / Energie,Casablanca,"etude des projets deau potable et dassainissement ; -analyse du marche et veille concurrentielle ; -techniques de negociation et communication ; -marches publics au maroc ; -dimensionnement et verification mecanique du -comportement des conduites (fascicule 70 ou autre) ; -gestion, evaluation et planification des projets",dans le secteur de l'eau en prescription ou en etudes techniques -connaissance des normes et reglementations du secteur de l'eau -maitrise de l'anglais,CDI,8
Télévendeuses,Groupe Multi-Laboratoire LC2A,Commercial / Vente,Mohammedia,bac+3/5,"2a est un groupe des laboratoires analytique multisectorielle base au maroc, specialise dans les analyses bio-analytiques,",A discuter,1
Barman,Manpower maroc,Tourisme / Hôtellerie / Restauration,Agadir,experience en bar dhotel ou etablissement premium creativite et bon relationnel,en bar dhotel ou etablissement premium creativite et bon relationnel,Interim,6
Recrutement commercial en immobilier,Alia,Immobilier,Rabat,"en vente et relationnel client. connaissance du marche immobilier dans la region de rabat sale et temara. maitrise du francais et de l'arabe. resident (e) dans la region de temara, ain atiq, skhirat si vous etes dynamique, motive(e) et que vous aimez l'immobilier, envoyez nous votre cv des maintenant !",commerciale dans l'immobilier souhaitee. bonnes,CDI,1
Commis de cuisine,Manpower maroc,Tourisme / Hôtellerie / Restauration,Agadir,formation en cuisine premiere experience souhaitee,souhaitee,Interim,6
Chargée de facturation et recouvrement,Confidentiel,Autre,Casablanca,"bac+2 / bac+3 en comptabilite, gestion ou finance experience de 1 a 3 ans dans un poste similaire bonne maitrise des outils bureautiques (notamment excel) connaissance des techniques de recouvrement et gestion client rigueur, organisation et bon relationnel capacite a gerer les priorites et travailler sous pression conditions : poste base a casablanca","de 1 a 3 ans dans un poste similaire bonne maitrise des outils bureautiques (notamment excel) connaissance des techniques de recouvrement et gestion client rigueur, organisation et bon relationnel capacite a gerer les priorites et travailler sous pression conditions : poste base a casablanca",Interim,4
Responsable réservation,Manpower maroc,Tourisme / Hôtellerie / Restauration,Agadir,experience en hotellerie 5 maitrise des outils de reservation (pms) bon niveau en langues,en hotellerie 5 maitrise des outils de reservation (pms) bon niveau en langues,Interim,6
Animatrice f bouskoura,Anonyme,Accueil / Secrétariat / Administration,Casablanca,"- experience souhaitable dans lanimation ou equivalent - excellente maitrise de la langue francaise, anglais est un plus - vous etes douce, patiente, et a lecoute des enfants - capacite a travailler en equipe et en autonomie","souhaitable dans lanimation ou equivalent - excellente maitrise de la langue francaise, anglais est un plus - vous etes douce, patiente, et a lecoute des enfants - capacite a travailler en equipe et en autonomie",Interim,4
Chef de rang sénior,Manpower maroc,Tourisme / Hôtellerie / Restauration,Agadir,experience significative en restauration haut de gamme excellente presentation et sens du service maitrise du francais et de langlais,significative en restauration haut de gamme excellente presentation et sens du service maitrise du francais et de langlais,Interim,6
Chargée d’accueil (intérim),Confidentiel,Autre,Casablanca,"bac+2 en gestion, assistanat ou equivalent premiere experience reussie dans un poste similaire souhaitee excellente presentation et sens de laccueil bonne communication orale et ecrite maitrise des outils bureautiques (word, excel) rigueur, organisation et sens du service - conditions : poste base a casablanca","reussie dans un poste similaire souhaitee excellente presentation et sens de laccueil bonne communication orale et ecrite maitrise des outils bureautiques (word, excel) rigueur, organisation et sens du service - conditions : poste base a casablanca",Interim,4
Vendeur shop (settapark),RH,Autre,Settat,,dans un poste similaire.,Interim,3
Chef de salle dynamique chez charif gueliz,Charif,Tourisme / Hôtellerie / Restauration,Marrakech,,"inoubliable a nos guests et boostez lambiance dans nos elegantes salles. ce que vous apportez : au moins 3 ans dexperience dans un restaurant similaire. excellente connaissance du service, des vins et de la cuisine locale. amabilite client absolue : sourire et empathie en priorite ! personnalite dynamique, bilingue (fr/ar), flexible pour les shifts. - devenez la star de notre equipe ! postulez des maintenant avec cv et lettre de motivation",CDI,6
Vendeuse,,Commerce / Artisanat,Marrakech,,30 a 18h30 - salaire : 3000 dh merci denvoyer votre cv avec photo via marocannonces,A discuter,3
Conseiller(ère) de change aéroport salé,GLOBAL EXCHANGE,Autre,Rabat,"linguistiques : maitrise du francais et de langlais (oral et ecrit). - qualites : dynamique, rigoureux(se), avec un excellent sens du service client et une capacite a travailler en equipe. ce que nous offrons : - un environnement de travail convivial et multiculturel. - des opportunites de",une premiere experience dans le,A discuter,4
Électricien bâtiment,AMA LIGHT,Autre,Casablanca,"-experience en electricite de batiment -bonne maitrise des installations electriques -serieux, autonome et ponctuel","en electricite de batiment -bonne maitrise des installations electriques -serieux, autonome et ponctuel",A discuter,4
comptable confirmé expérimenté,,Comptabilité / Gestion / Audit,Casablanca,. interesse(e) ? envoyez votre cv et lettre de motivation via ce site,"obligatoire : minimum 3 a 5 ans dexperience dans un poste similaire. langues : maitrise du francais, langlais est un atout. libre de suite. - ce que nous offrons : un environnement de travail stimulant et bienveillant. des opportunites de developpement professionnel. une remuneration attractive selon votre experience et vos",CDI,2
Manutentionnaire / ouvrier,SOCIETE DE TRANSFORMATION DE PAPIER ET CARTON,Entreprise / Import / Export,Casablanca,"experience dans un poste similaire souhaitee ; bonne condition physique et capacite a travailler en equipe ; serieux, ponctualite et sens des responsabilites ; disponibilite et motivation. - poste base a casablanca merci denvoyer votre candidature via ce site","dans un poste similaire souhaitee ; bonne condition physique et capacite a travailler en equipe ; serieux, ponctualite et sens des responsabilites ; disponibilite et motivation. - poste base a casablanca merci denvoyer votre candidature via ce site",CDI,4
Chef comptable,industriel,Comptabilité / Gestion / Audit,Tanger,"cles : management dequipe normes comptables et fiscales marocaines etablissement des etats comptables suivi des obligations fiscales et sociales amelioration des procedures comptables reporting comptable conditions : - poste base a tanger en cdi, au sein dun environnement industriel structure offrant un cadre de travail stimulant.","confirmee dans un poste similaire. vous maitrisez les normes comptables et fiscales marocaines et avez idealement evolue en environnement industriel. rigueur, organisation et esprit danalyse sont essentiels. la maitrise du francais est requise, langlais constitue un plus.",CDI,2
Assistante administrative,GEO4NET,Informatique / Multimédia / Internet,Casablanca,,"dans un poste similaire souhaitee -bonne maitrise des outils bureautiques (excel, word, etc.) -sens de lorganisation, rigueur et autonomie -bon relationnel et capacite a gerer plusieurs taches",Anapec,4
Agent facturation cardio clinique,AKDITAL,Comptabilité / Gestion / Audit,Casablanca,- bac+2 en gestion des,clinique prealable dans le,CDI,2
Chargé(e) de stock,SOCIETE DE TRANSFORMATION DE PAPIER ET CARTON,Comptabilité / Gestion / Audit,Casablanca,"experience dans un poste similaire en gestion de stock ou logistique ; bonne maitrise des outils informatiques et du logiciel sage ; sens de lorganisation, rigueur et autonomie ; capacite a travailler en equipe et a gerer les priorites. - poste base a casablanca - merci denvoyer votre candidature via ce site","dans un poste similaire en gestion de stock ou logistique ; bonne maitrise des outils informatiques et du logiciel sage ; sens de lorganisation, rigueur et autonomie ; capacite a travailler en equipe et a gerer les priorites. - poste base a casablanca - merci denvoyer votre candidature via ce site",CDI,2
Responsable bureau d’Études (menuiserie aluminium),---,Autre,Casablanca,cles - leadership et gestion dequipe - rigueur technique et sens du detail - capacite danalyse et de resolution de problemes - organisation et gestion des priorites - bon relationnel et communication objectifs du poste - assurer la fiabilite technique des projets - optimiser les couts et les solutions techniques - garantir le respect des delais detudes et de production - structurer et ameliorer la performance du bureau,"en bureau detudes, idealement en menuiserie aluminium - solide maitrise des systemes aluminium (facades, murs rideaux, menuiseries, etc.) - bonne connaissance des normes techniques et des procedes de fabrication et pose - maitrise des logiciels de dessin (autocad, logikal, ou equivalent) - experience en gestion dequipe et coordination technique",CDI,4
Dessinateur projeteur menuiserie aluminium,,Autre,Casablanca,"experience obligatoire en menuiserie aluminium - bonne maitrise de autocad - connaissance des systemes aluminium et du vitrage - rigueur, autonomie et sens du detail objectif du poste - produire des plans fiables et exploitables en fabrication, en respectant les contraintes techniques et les delais.","obligatoire en menuiserie aluminium - bonne maitrise de autocad - connaissance des systemes aluminium et du vitrage - rigueur, autonomie et sens du detail objectif du poste - produire des plans fiables et exploitables en fabrication, en respectant les contraintes techniques et les delais.",CDI,4
Conducteurs machines,SOCIETE DE TRANSFORMATION DE PAPIER ET CARTON,Entreprise / Import / Export,Casablanca,"experience dans la conduite de machines industrielles, idealement dans le secteur du papier, carton ou emballage ; bonne maitrise des reglages techniques et du suivi de production ; capacite a detecter et resoudre les anomalies techniques de premier niveau ; sens de lorganisation, rigueur et reactivite ; aptitude au travail en equipe et en horaires de production.","dans la conduite de machines industrielles, idealement dans le secteur du papier, carton ou emballage ; bonne maitrise des reglages techniques et du suivi de production ; capacite a detecter et resoudre les anomalies techniques de premier niveau ; sens de lorganisation, rigueur et reactivite ; aptitude au travail en equipe et en horaires de production.",CDI,4
MaÎtre nageur,BEINTERIM,Tourisme / Hôtellerie / Restauration,Marrakech,experience souhaitee dans un hotel ou club sens des responsabilites et reactivite bonne presentation et excellent relationnel disponibilite et serieux,souhaitee dans un hotel ou club sens des responsabilites et reactivite bonne presentation et excellent relationnel disponibilite et serieux,Interim,6
Resp. centre formation sportive,Confidentiel,Autre,Benslimane,"bac +5 ou equivalent en management de sport, education, ou gestion. experience a partir de 5 ans dans le",a partir de 5 ans dans le,CDI,4
Ramassseur / aïn sebaâ,AMEEX SARL,Transport / Achat / Logistique,Casablanca,"experience obligatoire dans un poste similaire. bonne connaissance des zones de casablanca. serieux, ponctualite et sens de responsabilite. disponibilite immediate.","obligatoire dans un poste similaire. bonne connaissance des zones de casablanca. serieux, ponctualite et sens de responsabilite. disponibilite immediate.",CDI,7
Manager h/f,McDonald's Maroc,Tourisme / Hôtellerie / Restauration,Meknès,"comportementales, manageriales et operationnelles, il pourra evoluer vers le poste de 1er assistant apres avoir rempli les criteres pour passer le conseil de nomination et decrocher eventuellement le poste de directeur de restaurant une fois ses","en management, relation client, vente, etc...est souhaitable , bonne maitrise de la relation client animation d'equipe pratique professionnelle de la langue francaise.",CDI,6
Manager h/f,McDonald's Maroc,Tourisme / Hôtellerie / Restauration,Oujda,"comportementales, manageriales et operationnelles, il pourra evoluer vers le poste de 1er assistant apres avoir rempli les criteres pour passer le conseil de nomination et decrocher eventuellement le poste de directeur de restaurant une fois ses","en management, relation client, vente, etc...est souhaitable , bonne maitrise de la relation client animation d'equipe pratique professionnelle de la langue francaise.",CDI,6
Manager h/f,McDonald's Maroc,Tourisme / Hôtellerie / Restauration,Berkane,"comportementales, manageriales et operationnelles, il pourra evoluer vers le poste de 1er assistant apres avoir rempli les criteres pour passer le conseil de nomination et decrocher eventuellement le poste de directeur de restaurant une fois ses","en management, relation client, vente, etc...est souhaitable , bonne maitrise de la relation client animation d'equipe pratique professionnelle de la langue francaise.",CDI,6
Directeur construction chantier,,Construction / Btp,Casablanca,,experience confirmee de 10 a 15 ans minimum dans le,CDI,3
Agent de sécurité,LE BERGER,Accueil / Secrétariat / Administration,Berrechid,experience de 1 a 3 ans en securite (debutants acceptes avec,de 1 a 3 ans en securite (debutants acceptes avec,A discuter,4
Equipiers h/f hay riad,McDonald's,Tourisme / Hôtellerie / Restauration,Rabat,"titulaire d'un bac ou bac+2, disponible et vous souhaitez evoluer dans un environnement dynamique offrant de belles perspectives de carrieres, rejoignez-nous !",,CDD,6
Assistante administrative,société,Accueil / Secrétariat / Administration,Marrakech,,,A discuter,4
Formateur imfrmier,Ihb,Services aux Entreprises / Formation,Casablanca,,professionnelle dau moins 5 ans dans le,A discuter,0
Coordinateur opérationnel,Anonyme,Ressources Humaines / Recrutement / Intérim,Casablanca,souhaitees gestion operationnelle et administrative ; planification et suivi dactivite ; gestion des priorites et resolution de problemes ; communication professionnelle ; capacite danalyse et de reporting. nous offrons : - un environnement professionnel dynamique ; - des perspectives devolution ; - une remuneration attractive selon profil et experience ; - des,"confirmee dans la coordination operationnelle, idealement dans le secteur medical ou paramedical ; excellentes capacites organisationnelles et relationnelles ; sens du leadership et aptitude a gerer des equipes multisites ; maitrise des outils bureautiques et de reporting ; mobilite regionale requise.",CDI,4
Chargé(e) de communication digitale /,SOCOMADIS,Marketing / Communication / Publicité / Rp,Casablanca,"polyvalent, creatif et motive pour gerer et developper notre presence digitale dans le secteur de la moto.","en reseaux sociaux et creation de contenu maitrise du francais et de larabe obligatoire polyvalent(e), creatif(ve) et organise(e) interet pour lunivers de la moto fortement apprecie lieu : casablanca - disponibilite : immediate",A discuter,4
Comptable caissier,Centre de formation Privé,Education / Social / Petite Enfance,Marrakech,"requises (non negociables) - maitrise complete des operations de caisse (encaissement, controle, arret et justification des soldes) - capacite a assurer un suivi rigoureux des creances et du recouvrement - production reguliere de pieces justificatives conformes (recus, etats, situations financieres) - elaboration de tableaux de bord fiables et exploitables pour la direction 4. exigences comportementales (criteres determinants) - integrite irreprochable et sens eleve de la responsabilite - rigueur absolue dans le traitement des operations financieres - capacite a gerer la pression et les situations sensibles - aptitude a concilier fermete et professionnalisme dans le cadre du recouvrement - obligation stricte de confidentialite 5. responsabilites attachees au poste - garantie de la tracabilite et de la securisation des flux financiers - suivi exhaustif des dossiers de paiement des stagiaires - gestion active des impayes et amelioration continue du taux de recouvrement - reporting periodique structure et exploitable a la direction pour postuler : merci denvoyer votre cv via ce site",(eliminatoires en cas dinsuffisance) - experience professionnelle confirmee dau moins trois (3) annees dans un poste similaire - references verifiables exigees - une experience dans un etablissement de,A discuter,4
Vendeur /,Confidentiel,Commercial / Vente,Bouskoura,"presentable et bon relationnel sens du service client experience dans la vente souhaitee serieux, ponctuel et dynamique","dans la vente souhaitee serieux, ponctuel et dynamique",Interim,1
Comptable,noratrab,Comptabilité / Gestion / Audit,Rabat,,s (3 ans dans un cabinet d'expertise) .bon relationnel et capacite a travailler en equipe.,A discuter,2
Assistante de direction,TRANSPORT ET LOGISTIQUE,Transport / Achat / Logistique,Nouaceur,pour le poste bac+4/5 en management d',minimum de 3 ans dans le meme poste est exigee criteres de performances: autonomie esprit d'initiative sens de responsabilite transport pris en charge par la societe,CDI,7
Titulaire d'un doctorat scientifique,,Education / Social / Petite Enfance,Casablanca,"s titulaires dun doctorat scientifique, animes par lenvie de transmettre et de contribuer au developpement des futurs professionnels de sante.",,,4
Agent de prospection & commercial (h),,Commercial / Vente,Marrakech,"expertise sectorielle : une connaissance approfondie du marche des riads et des specificites geographiques de marrakech est imperative. - maitrise linguistique : parfaite maitrise du francais et de l'anglais (une troisieme langue est un atout considerable). - aisances relationnelles : excellente presentation, sens de lecoute et force de persuasion naturelle. - temperament : autonome, perseverant et dote d'un esprit de conquete. cest lopportunite ideale pour ajouter un titre professionnel prestigieux a votre cv et donner un coup d'accelerateur a votre parcours !",,A discuter,4
Comptable,Nadimed,Santé / Médical,Rabat,"- bac +3 a bac +5 en comptabilite, gestion ou finance. - minimum 2 ans dans un poste similaire. - bonne maitrise des normes comptables et fiscales marocaines. - maitrise des outils informatiques (excel, logiciels comptables). - rigueur et organisation. - esprit danalyse. - sens de la confidentialite. - bon relationnel et esprit dequipe.","3 a bac +5 en comptabilite, gestion ou finance",CDI,2
Sous chef junior /,hotel,Tourisme / Hôtellerie / Restauration,Marrakech,"experience confirmee en cuisine (3 a 5 ans minimum) experience en tant que chef de partie confirme ou sous-chef junior maitrise des techniques culinaires capacite a gerer des volumes eleves sens de lorganisation, rigueur et resistance au stress leadership et esprit dequipe - pour les personnes interessees priere de nous faire parvenir vos candidatures.","confirmee en cuisine (3 a 5 ans minimum) experience en tant que chef de partie confirme ou sous-chef junior maitrise des techniques culinaires capacite a gerer des volumes eleves sens de lorganisation, rigueur et resistance au stress leadership et esprit dequipe - pour les personnes interessees priere de nous faire parvenir vos candidatures.",CDI,6
Coordinateur logistique,Oxynord,Industrie / Ingénierie / Energie,Tanger,"diplome bac+3 en logistique, gestion ou","dans un poste similaire est un atout bonne maitrise des outils informatiques et de gestion logistique sens de lorganisation, rigueur et esprit danalyse bon relationnel et capacite a travailler en equipe lieu : tanger merci denvoyer votre candidature (cv + lettre de motivation) via ce site marocannonces cordialement",A discuter,8
Offre de stage assistante ressources humaines,CONFIDENTIEL,Tourisme / Hôtellerie / Restauration,Casablanca,,en stage est un atout si vous etes interesse envoyez votre cv via ce site marocannonces,A discuter,6
Technicien frigoriste expérimenté,confidentiel,Maintenance / Entretien,Rabat,-diplome de technicien en froid et climatisation (ou equivalent) -plus 5 ans dexperience,5 ans dexperience,A discuter,3
Commercial immobilier,BEINTERIM,Commercial / Vente,Marrakech,- experience dans le,dans le,A discuter,1
Opèrateur cablage /مشغل كابلاج,Multinationale,Autre,Tanger,,,Interim,3
Assistant(e) juridique,STG TELEMATICS MOROCCO,Informatique / Multimédia / Internet,Tanger,"- bac+5 en droit, gestion juridique ou equivalent - premiere experience dans un poste similaire appreciee - bonne maitrise du francais a lecrit comme a loral - maitrise des outils bureautiques (word, excel, outlook) - sens de la confidentialite, autonomie et esprit dequipe - capacite dorganisation et gestion des priorites contact pour postuler via ce site marocannonces","dans un poste similaire appreciee - bonne maitrise du francais a lecrit comme a loral - maitrise des outils bureautiques (word, excel, outlook) - sens de la confidentialite, autonomie et esprit dequipe - capacite dorganisation et gestion des priorites contact pour postuler via ce site marocannonces",CDI,4
Femme de menage,Multinationale,Autre,Tanger,,,Interim,3
Contrôleur matériel sap & administration,,Industrie / Ingénierie / Energie,El jadida,"bac+3 a bac+5 en gestion, logistique, finance, maintenance ou equivalent experience de 4 a 5 ans dans un environnement industriel maitrise de sap et excel experience souhaitee en gestion capex / immobilisations rigueur, sens de lorganisation et bon relationnel","de 4 a 5 ans dans un environnement industriel maitrise de sap et excel experience souhaitee en gestion capex / immobilisations rigueur, sens de lorganisation et bon relationnel",,8
Technicien Électromécanicien,,Industrie / Ingénierie / Energie,El jadida,"bts / dts en electromecanique ou maintenance industrielle experience de 4 a 5 ans dans un environnement industriel similaire bonne connaissance des equipements industriels capacite a realiser des controles terrain et inventaires physiques serieux, rigueur et esprit dequipe","de 4 a 5 ans dans un environnement industriel similaire bonne connaissance des equipements industriels capacite a realiser des controles terrain et inventaires physiques serieux, rigueur et esprit dequipe",,8
Commercial terrain agadir,STG Telematics,Commercial / Vente,Tanger,"bac+3 en commerce, gestion ou","souhaitee en vente terrain ou b2b excellent sens relationnel et fibre commerciale capacite de negociation et orientation resultats autonomie, organisation et perseverance bonne connaissance de la region de agadir permis b",A discuter,1
Garçon de piscine / pool boy taghazout,xxxx,Autre,Agadir,,,Interim,3
Commercial terrain,STG Telematics,Commercial / Vente,Tanger,"bac+3 en commerce, gestion ou","souhaitee en vente terrain ou b2b excellent sens relationnel et fibre commerciale capacite de negociation et orientation resultats autonomie, organisation et perseverance bonne connaissance de la region de tanger permis b",A discuter,1
Directeur gÉnÉral / expert digital & ia,PJ,Services aux Entreprises / Formation,Casablanca,"- expert(e) du digital avec une solide experience en direction generale. - passionne(e) par l'ia et ses applications business concretes. - visionnaire, entrepreneur(se) dans l'ame et fin stratege. - parfaite connaissance du marche marocain. pourquoi nous rejoindre ? prendre les renes d'une marque emblematique et avoir un impact direct sur l'economie numerique du pays.","utilisateur pour les millions de marocains qui nous font confiance. - leadership : federer nos talents et incarner la marque aupres de l'ecosysteme tech. le profil ideal : - expert(e) du digital avec une solide experience en direction generale. - passionne(e) par l'ia et ses applications business concretes. - visionnaire, entrepreneur(se) dans l'ame et fin stratege. - parfaite connaissance du marche marocain. pourquoi nous rejoindre ? prendre les renes d'une marque emblematique et avoir un impact direct sur l'economie numerique du pays.",CDI,0
Spa manager / commerciale à l’aéroport de,Spa relax,Mode / Luxe / Beauté,Casablanca,"commerciales solides - maitrise du francais et de langlais - sens du service, leadership et presentation professionnelle conditions","obligatoire dans un spa, restaurant ou poste similaire",CDI,4
Directeur de restaurant h/f tout le maroc,McDonald's Maroc,Tourisme / Hôtellerie / Restauration,Casablanca,etudes,"agreable, facile et conviviale pour tous les marocains et ce depuis plus de 29 ans. notre enseigne compte aujourdhui, 80 restaurants dans 23",CDI,6
Commercial dans le domaine de l'intérim /,PJ,Commercial / Vente,Casablanca,"requises incluent une bonne maitrise des processus rh et administratifs, ainsi quune aisance redactionnelle et communicationnelle en francais.",dans une societe dinterim. les,CDI,1
Chargé de caisse avancé,prestation de service,Banque / Finance / Assurance,Mohammedia,"diplome bac+3 a bac+5 en finance, gestion, commerce ou equivalent experience souhaitee dans un poste similaire maitrise des outils informatiques et logiciels de caisse rigueur, sens de lorganisation et esprit dequipe bon relationnel et sens du service client - nous offrons : environnement de travail dynamique opportunites devolution professionnelle remuneration attractive selon profil avantages sociaux - candidature : pour les interesses, merci de nous envoyer votre candidature. salutations.","souhaitee dans un poste similaire maitrise des outils informatiques et logiciels de caisse rigueur, sens de lorganisation et esprit dequipe bon relationnel et sens du service client - nous offrons : environnement de travail dynamique opportunites devolution professionnelle remuneration attractive selon profil avantages sociaux - candidature : pour les interesses, merci de nous envoyer votre candidature. salutations.",A discuter,4
Chargé de caisse avancé,prestation de service,Banque / Finance / Assurance,Tanger,"diplome bac+3 a bac+5 en finance, gestion, commerce ou equivalent experience souhaitee dans un poste similaire maitrise des outils informatiques et logiciels de caisse rigueur, sens de lorganisation et esprit dequipe bon relationnel et sens du service client - nous offrons : environnement de travail dynamique opportunites devolution professionnelle remuneration attractive selon profil avantages sociaux - candidature : pour les interesses, merci de nous envoyer votre candidature. salutations.","souhaitee dans un poste similaire maitrise des outils informatiques et logiciels de caisse rigueur, sens de lorganisation et esprit dequipe bon relationnel et sens du service client - nous offrons : environnement de travail dynamique opportunites devolution professionnelle remuneration attractive selon profil avantages sociaux - candidature : pour les interesses, merci de nous envoyer votre candidature. salutations.",A discuter,4
Assistante polyvalente,SMEF,Accueil / Secrétariat / Administration,Casablanca,"linguistiques requises (minimum francais) -mailing -actualiser des donnees de suivi d'activite de la structure (tableaux de bord, tableaux de resultats, .. -organiser des deplacements de, demande de visas",,CDI,4
Chargé de traitement bancaire,prestation de service,Banque / Finance / Assurance,Casablanca,"- jeunes f/h ages de 20 a 30 ans - niveau de scolarite : bac+3 obligatoire - bonne maitrise des outils bureautiques (word, excel, etc.) - autonomie et capacite a travailler en equipe - une experience dans un poste similaire est un atout. - bon niveau francais responsabilites : - saisie de donnees sur divers logiciels (word, excel, etc.) - gestion et mise a jour des bases de donnees - verification de la qualite des in","dans un poste similaire est un atout. - bon niveau francais responsabilites : - saisie de donnees sur divers logiciels (word, excel, etc.) - gestion et mise a jour des bases de donnees - verification de la qualite des in",A discuter,4
عمل للمبتدئين بالساعات في سناك النهضة بالرباط,Snack à Hay Nahda Rabat (ISTA),Tourisme / Hôtellerie / Restauration,Rabat,,,A discuter,6
Des techniciens en tissage,sarl,Industrie / Ingénierie / Energie,Casablanca,,"minimum de 2 ans, dans le meme la filiere, est obligatoire. le poste est base sur la zone industrielle ain sebaa casablanca. - personne interessee, veuillez, envoyer votre cv avec photo.",A discuter,8
Agent de nettoyage en intérim à ain harouda / casa,AVANTA MAROC,Tourisme / Hôtellerie / Restauration,Casablanca,,,Interim,6
Assistante rh,SAFE JOB,Industrie / Ingénierie / Energie,Casablanca,,et ayant des connaissance dans la paie sur sage. merci de nous envoyer votre cv pour une selection.,Interim,8
Chargé de maintenance h/f aïn attiq,McDonald's Maroc,Tourisme / Hôtellerie / Restauration,Tamesna,,,CDI,6
Technicien energetique (froid et gaz),BEST PROFIL,Autre,Casablanca,,obligatoire,Interim,3
Vendeur détail à,Confidentiel,Grande Distribution,Agadir,"correspond aux criteres demandes, priere de nous transmettre votre candidature via ce site. dans l'attente de vous lire.",probante dans le,A discuter,3
Électromécanicien industriel,HOTIN,Industrie / Ingénierie / Energie,Kénitra,"formation en electromecanique ou maintenance industrielle experience souhaitee dans un environnement industriel bonnes connaissances en mecanique, electricite et automatisme serieux, rigoureux et autonome disponibilite immediate appreciee conditions : poste base a kenitra","souhaitee dans un environnement industriel bonnes connaissances en mecanique, electricite et automatisme serieux, rigoureux et autonome disponibilite immediate appreciee conditions : poste base a kenitra",A discuter,8
Agent de facturation clinique,AKDITAL,Comptabilité / Gestion / Audit,Errachidia,"bac+2 minimum en gestion, comptabilite ou","obligatoire dans un poste similaire au sein dune clinique ou dun etablissement hospitalier bonne connaissance des processus de facturation dans le secteur de la sante maitrise des outils informatiques et des logiciels de facturation medicale rigueur, sens de lorganisation, discretion et esprit dequipe",CDI,2
Agent de scan documentaire et archivage,DAMA,Autre,Tanger,"et aptitudes : techniques : maitrise des logiciels de numerisation, des outils bureautiques et des systemes de gestion documentaire. qualites personnelles : rigueur, methode, logique, esprit d'organisation, souci de la qualite et capacite a travailler en autonomie et en equipe. responsabilites : veiller a preserver la confidentialite des donnees traitees ; veiller au respect des normes de productivite et des standards de qualite. rendre compte de la volumetrie realisee et des difficultes rencontres.",,Interim,4
Assistant(e) logistique,PERMO MAROC,Entreprise / Import / Export,Mohammedia,"- minimum 2 ans dexperience - experience en suivi des operations - capacite a gerer le stress et a respecter des delais serres - sens de lorganisation, reactivite, bon relationnel poste base a mohammedia important : seules les candidatures presentant une experience averee en suivi des operations dimportation seront prises en compte. merci de bien verifier votre profil avant de postuler. merci denvoyer votre candidature","experience en suivi des operations - capacite a gerer le stress et a respecter des delais serres - sens de lorganisation, reactivite, bon relationnel poste base a mohammedia important : seules les candidatures presentant une experience averee en suivi des operations dimportation seront prises en compte. merci de bien verifier votre profil avant de postuler. merci denvoyer votre candidature",CDI,4
Acheteur /,Avanta Maroc,Automobile,Tanger,en negociation et gestion contractuelle -disponibilite immediate,en achats (idealement logistique / automobile) -solides,CDI,3
Chargé de recouvrement,Société de Transport international,Transport / Achat / Logistique,Agadir,"- bac+2 a bac+3 en gestion, comptabilite ou finance - experience souhaitee dans un poste similaire - bonne communication et sens de la negociation - rigueur, organisation et esprit danalyse - bonne maitrise dexcel","souhaitee dans un poste similaire - bonne communication et sens de la negociation - rigueur, organisation et esprit danalyse - bonne maitrise dexcel",A discuter,7
Aide magasinier en contrat intérim,manpower,Autre,Casablanca,"niveau bac ou plus premiere experience en magasinage souhaitee serieux, ponctuel et organise disponible immediatement conditions lieu : bouskoura type de","en magasinage souhaitee serieux, ponctuel et organise disponible immediatement conditions lieu : bouskoura type de",Interim,3
Aide comptable,BestProfil,Comptabilité / Gestion / Audit,Marrakech,"maitrise des logiciels de comptabilite (sage, cegid, etc.) connaissances des normes comptables marocaines bonne maitrise d'excel (tableaux croises dynamiques, formules avancees) qualites personnelles : rigueur et sens de l'organisation capacite d'analyse et de synthese autonomie et esprit d'equipe sens du detail et respect des delais langues : francais courant, l'anglais est un plus atouts : connaissance des processus de paie et experience en comptabilite fournisseurs/clients.",premiere experience en comptabilite appreciee,Interim,2
Chef du service etudes et développement informatiq,SMM SOCODAM DAVUM,Construction / Btp,Casablanca,"humaines : sens de l'organisation, sens de l'analyse, sens de la communication",professionnelle : 5 ans au moins dans la,CDI,3
Technicien en dessin de bâtiments,Alia,Construction / Btp,Rabat,"les logiciels de conception et de dessin assistes par ordinateur maintenir des rapports detailles sur lavancement des travaux, les problemes rencontres et les solutions mises en place rediger les proces-verbaux, e-mails et comptes rendus techniques assurer le classement et larchivage des dossiers techniques","enrichissante, merci de nous envoyer votre cv des maintenant.",CDI,3
Pré vendeur détail à,Confidentiel,Grande Distribution,Casablanca,- niveau bac+2 ou equivalent. - experience minimale de 2 ans dans le,minimale de 2 ans dans le,CDI,3
Pré vendeur à rabat,Confidentiel,Grande Distribution,Salé,"correspond aux criteres demandes, priere de nous transmettre votre candidature via ce site. dans l'attente de vous lire.",probante dans le,A discuter,3
Accounting assistant,INTERNATIONAL DUTY FREE SHOPS,Accounting / Management / Auditing,Casablanca,,"in accounts payable or general accounting duties. knowledge in bilan. 3. can perform multitasking, can work under minimal supervision and is able to handle pressure. 4. with strong analytical skills, attention to detail oriented and accuracy in data entry. 5. must be honest, trustworthy, teamwork and take directions accurately 6. proficiency in microsoft office word/excel. 7. with good communication skills in english and french accounting assistant - inventory accounting 1. university graduate, preferably with a bachelors degree in accounting, finance, or a related field. 2. a minimum of two (2) years of demonstrated experience in data analysis and reporting. 3. proficiency with microsoft office (word, excel, powerpoint). 4. self-directed. 5. ability to communicate findings and make recommendations. 6. strong critical, conceptual and analytical thinking is essential. 7. detail-oriented. 8. flexibility and adaptability. 9. ability to work independently with general supervision. 10. excellent written and verbal communication skills in english, french and arabic. 11. must be knowledgeable in sage",To be discussed,3
Pré vendeur à (food),SAPLINCO,Commercial / Vente,Agadir,niveau bac a bac+2 en commerce ou equivalent. experience souhaitee dans la vente ou la distribution de produits alimentaires (food). bonne connaissance de la,souhaitee dans la vente ou la distribution de produits alimentaires (food). bonne connaissance de la,A discuter,1
Contrôleur(se) de gestion / analyste financier,confident,Comptabilité / Gestion / Audit,Casablanca,"- bac+5 en finance, controle de gestion ou comptabilite - #experience min 3ans obligatoire dans l'industrie - bonne maitrise des outils informatiques (excel,power bi, erp, sage x3 est un plus) rigueur, esprit danalyse et sens de lorganisation zonetechnopole - nouaceur / casablanca type de","min 3ans obligatoire dans l'industrie - bonne maitrise des outils informatiques (excel,power bi, erp, sage x3 est un plus) rigueur, esprit danalyse et sens de lorganisation zonetechnopole - nouaceur / casablanca type de",CDI,2
Responsable offre & avant vente integrated secur,AFRICA STAFFING,Informatique / Multimédia / Internet,Casablanca,"bac+5 (ecole d'ingenieur ou equivalent) experience confirmee en avant-vente ou ingenierie securite maitrise des systemes : videosurveillance, controle d'acces, intrusion, incendie bonne connaissance des architectures reseau et systemes rigueur, sens des responsabilites et orientation solution pourquoi rejoindre ce projet ? projets a forte valeur strategique environnement exigeant et stimulant package attractif + avantages","confirmee en avant-vente ou ingenierie securite maitrise des systemes : videosurveillance, controle d'acces, intrusion, incendie bonne connaissance des architectures reseau et systemes rigueur, sens des responsabilites et orientation solution pourquoi rejoindre ce projet ? projets a forte valeur strategique environnement exigeant et stimulant package attractif + avantages",CDI,4
Assistant(e) rh,Multinational,Ressources Humaines / Recrutement / Intérim,Casablanca,"- bac+3 a bac+5 en ressources humaines / gestion - experience solide dans un poste similaire 1 - 3 ans - bonne maitrise des outils bureautiques - connaissance des bases en droit du travail - rigueur, organisation et sens de la confidentialite - bon relationnel et esprit dequipe","solide dans un poste similaire 1 - 3 ans - bonne maitrise des outils bureautiques - connaissance des bases en droit du travail - rigueur, organisation et sens de la confidentialite - bon relationnel et esprit dequipe",CDI,4
Assistante gouvernante,BestProfil,Tourisme / Hôtellerie / Restauration,Marrakech,en communication et en service client. sens des responsabilites et discretion. capacite a s'adapter a un environnement multiculturel.,"averee en gestion de maison, idealement dans un contexte international ou haut de gamme. excellente maitrise du francais et de l'anglais, une autre langue est un atout. capacite a gerer plusieurs taches simultanement et a travailler de maniere autonome. sens aigu du detail, rigueur et organisation. disponibilite et flexibilite pour des horaires variables. excellentes",Interim,6
Responsable offre & avant vente smart experience,AFRICA STAFFING,Informatique / Multimédia / Internet,Casablanca,"bac+5 (ecole d'ingenieur ou equivalent) experience en avant-vente it / audiovisuel / solutions digitales maitrise des solutions d'affichage dynamique, visio, audio bonne comprehension des architectures globales (reseau inclus) sens de l'experience client et approche orientee usage - pourquoi rejoindre ce projet ? projets innovants a forte visibilite environnement dynamique et technologique package motivant + avantages",pour accompagner le developpement de solutions innovantes dediees a l'experience client et collaborateur. votre,CDI,4
Ouvriers btp,Confidentiel,Construction / Btp,Casablanca,,,Interim,3
2 caristes/5 manutentionnaires /chef de quai,CRIT CASA,Industrie / Ingénierie / Energie,Casablanca,,"en gestion des operations logistiques, controle des documents de livraison et de reception, la conformite des chargements vehicules, lorganisation des flux des vehicules sur les quais, le controle qualitatifs et quantitatifs de marchandises",Interim,8
Responsable offre & avant vente managed office,AFRICA STAFFING,Informatique / Multimédia / Internet,Casablanca,"bac+5 (ecole d'ingenieur ou equivalent) experience confirmee (5 ans minimum) en avant-vente it / workplace bonne maitrise des environnements postes de travail, impression, ged experience en construction d'offres as-a-service capacite a structurer des offres et repondre a des appels d'offres pourquoi rejoindre ce projet ? projet strategique a fort impact environnement innovant et en croissance package attractif + avantages","confirmee (5 ans minimum) en avant-vente it / workplace bonne maitrise des environnements postes de travail, impression, ged experience en construction d'offres as-a-service capacite a structurer des offres et repondre a des appels d'offres pourquoi rejoindre ce projet ? projet strategique a fort impact environnement innovant et en croissance package attractif + avantages",CDI,4
Contrôleur(se) de caméras / vidéosurveillance,,Tourisme / Hôtellerie / Restauration,Casablanca,"experience en surveillance, securite ou telesurveillance - excellente capacite dattention et danalyse - maitrise des outils de videosurveillance - discretion, rigueur et respect des procedures internes lieu : casablanca interesse(e) ? postulez des maintenant en envoyant votre cv via ce site","en surveillance, securite ou telesurveillance - excellente capacite dattention et danalyse - maitrise des outils de videosurveillance - discretion, rigueur et respect des procedures internes lieu : casablanca interesse(e) ? postulez des maintenant en envoyant votre cv via ce site",,6
Assistant(e) de laboratoire,AFRICA STAFFING,Biologie / Chimie / Pharmaceutique,Casablanca,experience obligatoire dans un laboratoire d'analyses bonne maitrise des outils informatiques sens de l'organisation et rigueur bon relationnel et esprit d'equipe,obligatoire dans un laboratoire d'analyses bonne maitrise des outils informatiques sens de l'organisation et rigueur bon relationnel et esprit d'equipe,A discuter,4
Opérateur de câblage /,Solano Emploi,Autre,Casablanca,"correspond, merci d'envoyer vos candidatures via ce site.",,Interim,3
Conducteur permis c ( ),SOLANO EMLPOI,Transport / Achat / Logistique,Nador,"correspond a cette offre, merci de nous envoyer votre cv via ce site.",,Interim,7
Conducteurs (ec),solano-emploi,Autre,Casablanca,"correspond , merci de m'envoyer vos cvs via ce site",,Interim,3
Agent d'exploitation (h/f),SOLANO EMLPOI,Transport / Achat / Logistique,Casablanca,"formation bac+3 minimum premiere experience reussie dans un poste similaire - si votre profil correspond, merci de nous envoyer vos cv via ce site.",dans le,Interim,7
Commercial(e) secteur bois /,RH,Commercial / Vente,Casablanca,"bac+2/bac+3 en commerce, vente ou","souhaitee dans la vente de bois, materiaux de construction ou secteur similaire bon sens commercial et excellente capacite de negociation bonne connaissance du marche du bois est un atout majeur dynamique, autonome et oriente resultats permis de conduire souhaite",CDI,1
Coursier / agent de recouvrement,RH,Commercial / Vente,Casablanca,bac + 2 experience souhaitee dans un poste similaire bonne connaissance de la,souhaitee dans un poste similaire bonne connaissance de la,CDI,1
Chargé de portefeuille casa mediouna/had soualem,Fondation Arrawaj,Banque / Finance / Assurance,Casablanca,"pour le poste : charge de portefeuille - casablanca - titulaire dun bac+3 minimum en comptabilite, finance, commerce ou en gestion - jeune diplome ou justifiant dune premiere experience reussie comme commercial - dynamique, dote dune aisance relationnelle avec un gout prononce pour les challenges - bonne resistance a la pression et au stress - avoir lesprit d'initiative - bonne capacite dadaptation - habilete a creer du lien avec les clients","reussie comme commercial - dynamique, dote dune aisance relationnelle avec un gout prononce pour les challenges - bonne resistance a la pression et au stress - avoir lesprit d'initiative - bonne capacite dadaptation - habilete a creer du lien avec les clients",CDI,4
Comptable débutante.,Société marocaine,Comptabilité / Gestion / Audit,Casablanca,"bac+2 / bac+3 en comptabilite, gestion ou equivalent premiere experience (stage inclus) souhaitee bonne maitrise dexcel et des outils bureautiques connaissance des logiciels comptables (sage, odoo, etc. est un plus) rigueur, organisation et esprit danalyse bon relationnel et capacite a travailler en equipe","(stage inclus) souhaitee bonne maitrise dexcel et des outils bureautiques connaissance des logiciels comptables (sage, odoo, etc. est un plus) rigueur, organisation et esprit danalyse bon relationnel et capacite a travailler en equipe",CDI,2
Soudeur intérim,Confidentiel,Industrie / Ingénierie / Energie,Tanger,,,Interim,8
Opérateur de machine titt méllil transport assuré,DAMA,Industrie / Ingénierie / Energie,Casablanca,- niveau bac ou qualification. - de preference 2 ans dans le secteur industriel. - sens de travailler en equipe / sens decoute. - communication / organisation,2 ans dans le secteur industriel,Interim,8
Chargé de portefeuille et régions,Fondation Arrawaj,Banque / Finance / Assurance,Salé,"pour le poste : charge de portefeuille - sale - titulaire dun bac+3 minimum en comptabilite, finance, commerce ou en gestion - jeune diplome ou justifiant dune premiere experience reussie comme commercial - dynamique, dote dune aisance relationnelle avec un gout prononce pour les challenges - bonne resistance a la pression et au stress - avoir lesprit d'initiative - bonne capacite dadaptation - habilete a creer du lien avec les clients","reussie comme commercial - dynamique, dote dune aisance relationnelle avec un gout prononce pour les challenges - bonne resistance a la pression et au stress - avoir lesprit d'initiative - bonne capacite dadaptation - habilete a creer du lien avec les clients",CDI,4
Chargé de portefeuille,Fondation Arrawaj,Banque / Finance / Assurance,Tanger,"pour le poste : charge de portefeuille - tanger titulaire dun bac+3 minimum en comptabilite, finance, commerce ou en gestion jeune diplome ou justifiant dune premiere experience reussie comme commercial dynamique, dote dune aisance relationnelle avec un gout prononce pour les challenges bonne resistance a la pression et au stress avoir lesprit d'initiative bonne capacite dadaptation habilete a creer du lien avec les clients","reussie comme commercial dynamique, dote dune aisance relationnelle avec un gout prononce pour les challenges bonne resistance a la pression et au stress avoir lesprit d'initiative bonne capacite dadaptation habilete a creer du lien avec les clients",CDI,4
Comptable,DAMA,Autre,Casablanca,"formation bac+3 en comptabilite, finance ou gestion. experience confirmee entre 3 et 5 ans, de preference dans le secteur automobile ou industriel. bonne maitrise des outils informatiques et des logiciels de comptabilite. rigueur, sens de lorganisation et respect des delais. bon esprit danalyse et capacite a travailler en equipe.","confirmee entre 3 et 5 ans, de preference dans le secteur automobile ou industriel. bonne maitrise des outils informatiques et des logiciels de comptabilite. rigueur, sens de lorganisation et respect des delais. bon esprit danalyse et capacite a travailler en equipe.",A discuter,4
Acheteur pdr (pièces de rechange),SARL,Commercial / Vente,Casablanca,"bac+3 a bac+5 en achats, logistique, supply chain, commerce ou","de 3 annees minimum dans les achats de pieces de rechange / secteur automobile / industriel bonne connaissance des references techniques de pieces maitrise des techniques de negociation bonne maitrise dexcel et des outils erp rigueur, reactivite et sens de lorganisation bon relationnel et capacite a travailler sous pression",CDI,1
Chargé(e) de clientèle sur la région .,Société marocaine,Grande Distribution,Oujda,requises : -connaissance des techniques de vente et de negociation. -bonne expression orale et ecrite. -sens de lecoute et de la communication. -orientation client et sens du service. -esprit dequipe et rigueur. -capacite a gerer les priorites et le stress.,"-bac +2 / bac +3 en commerce, gestion, marketing, ou equivalent. -1 a 2 ans dans une",CDI,4
Responsable bÂtiment,MAROC FORCE EMPLOI,Automobile,Tanger,,,Interim,3
Opérateur / opératrice de production,MAROC FORCE EMPLOI,Automobile,Tanger,,,Interim,3
Stage technicien de maintenance,MAROC FORCE EMPLOI,Automobile,Tanger,,,Stage,3
Télévendeuses,Groupe Multi-Laboratoire LC2A,Commercial / Vente,Mohammedia,"experience souhaitee en centre dappel, idealement en televente excellente aisance relationnelle et sens de la communication capacite a convaincre et a gerer les objections dynamisme, motivation et esprit commercial bonne maitrise du francais (oral et ecrit)","souhaitee en centre dappel, idealement en televente excellente aisance relationnelle et sens de la communication capacite a convaincre et a gerer les objections dynamisme, motivation et esprit commercial bonne maitrise du francais (oral et ecrit)",A discuter,1
Coursier / / moto personnelle,Z-Evolution,Santé / Médical,Rabat,s recherches: - niveau bac - adaptabilite et serieux - ecoute active et disponibilite,s de moins d'un an sur la,Anapec,3
Daf et drh,,Autre,Casablanca,gereer un groupe de societe au profil d'une,", capable de gereer un groupe de societe au profil d'une",CDI,3
Assistante commerciale,lab,Accueil / Secrétariat / Administration,Casablanca,bac +2 minimum premiere experience souhaitee bon relationnel et sens commercial maitrise des outils bureautiques,souhaitee bon relationnel et sens commercial maitrise des outils bureautiques,CDI,4
Responsable achat,lab,Entreprise / Import / Export,Fès,"bac +3 minimum en gestion, logistique ou",professionnelle de 2 ans minimum dans une,CDI,4
Responsable marketing,lab,Marketing / Communication / Publicité / Rp,Casablanca,requises :excellente maitrise des outils de marketing digital et traditionnel. solides,"minimum 3 a 5 ans d'experience dans un poste similaire, idealement dans le secteur pharmaceutique ou de la sante.",CDI,4
Legal and tax specialist,Confidentiel,Agriculture / Environnement / Espaces Verts,Larache,"requises : - maitrise de la fiscalite marocaine et de la reglementation fiscale en vigueur - bonne connaissance des declarations fiscales (tva, is, ir, retenues a la source, etc.) - maitrise des procedures de teledeclaration et des plateformes fiscales - maitrise des outils bureautiques - bon niveau en francais, et anglais. - qualites professionnelles : - votre rigueur, votre ponctualite ; - avoir lesprit dequipe et decoute ; - pouvoir communiquer simplement.","3 a 5 ans, dont 2 ans dans un poste similaire (une experience dans un cabinet comptable est largement souhaitee).",A discuter,4
Agent service après vente (sav),,Commercial / Vente,Casablanca,experience obligatoire en service apres-vente maitrise dun erp (odoo ou sap) bonne communication et sens du service client organisation et reactivite,"confirmee et maitrisant les logiciels erp tels que odoo ou sap, avec une experience deja acquise dans un poste similaire.",Interim,1
Commercial(e) freelancer domaine intérim,PJ,Commercial / Vente,Casablanca,"- experience confirmee de 5 ans minimum dans une boite d'interim - tres bonne connaissance du secteur de linterim / prestations rh - autonomie, sens du resultat et esprit dinitiative - excellent relationnel et sens du service client",du secteur interim b2b ? vous maitrisez les enjeux de linterim ou des prestations rh ? vos,A discuter,1
Ramassseur,AMEEX SARL,Transport / Achat / Logistique,Casablanca,"experience obligatoire dans un poste similaire. bonne connaissance des zones de casablanca. serieux, ponctualite et sens de responsabilite. disponibilite immediate.","obligatoire dans un poste similaire. bonne connaissance des zones de casablanca. serieux, ponctualite et sens de responsabilite. disponibilite immediate.",CDI,7
Assistant(e) opérationnel(le),mobiletic SARL,Accueil / Secrétariat / Administration,Meknès,"formation bac+3 minimum en gestion, administration, bureautique ou equivalent - premiere experience en assistance operationnelle ou administrative souhaitee - excellente maitrise du francais (oral et ecrit) - bonne maitrise des outils bureautiques - organisation, rigueur, autonomie et fiabilite - capacite a gerer plusieurs priorites - bon relationnel et esprit dequipe candidature merci denvoyer votre cv (et lettre de motivation, optionnelle) via ce site marocannonces","en assistance operationnelle ou administrative souhaitee - excellente maitrise du francais (oral et ecrit) - bonne maitrise des outils bureautiques - organisation, rigueur, autonomie et fiabilite - capacite a gerer plusieurs priorites - bon relationnel et esprit dequipe candidature merci denvoyer votre cv (et lettre de motivation, optionnelle) via ce site marocannonces",A discuter,4
Comptable confirmée,Cabinet d’expertise comptable et de conseil,Comptabilité / Gestion / Audit,Casablanca,,"obligatoire en cabinet/fiduciaire maitrisant la comptabilite, les declarations fiscales et le traitement de la paie. le poste est base a casablanca. conditions de travail motivantes.",CDI,2
Chargee des ressources humaines a casa,SOCIETE,Immobilier,Casablanca,- maitrise complete de ladministration du personnel,de 2 ans dans un poste similaire.,A discuter,3
Customer hanlding specialist,GETHOST,Marketing / Communication / Publicité / Rp,Marrakech,,,A discuter,4
Vendeuse/assistant sale,Auftex SARL,Commercial / Vente,Casablanca,"experience en vente souhaitee (mode/pret-a-porter) excellente presentation et sens du contact dynamique, serieuse et motivee bonne maitrise du francais (anglais apprecie) lieu : casablanca poste : temps plein","en vente souhaitee (mode/pret-a-porter) excellente presentation et sens du contact dynamique, serieuse et motivee bonne maitrise du francais (anglais apprecie) lieu : casablanca poste : temps plein",A discuter,1
Chef de rang,hotel,Tourisme / Hôtellerie / Restauration,Marrakech,,,A discuter,6
Commis de rang,hotel,Tourisme / Hôtellerie / Restauration,Marrakech,,,A discuter,6
Cherchant assistante commerciale,ATLAS AMBASSADOR,Commercial / Vente,Casablanca,de,"de minimum 2 ans dans un poste similaire. si vous vous reconnaissez dans ce profil, faites-nous parvenir votre candidature (cv+photo) via ce site marocannonces",CDI,1
Assistante administrative franchise coffee shop,Entreprise (franchise de coffee shop),Tourisme / Hôtellerie / Restauration,Casablanca,"formation en gestion, administration ou equivalent experience souhaitee dans un poste similaire (idealement restauration / retail) maitrise des outils bureautiques (word, excel, email) sens de lorganisation, rigueur et discretion bon niveau en francais, langlais est un atout lieu : casablanca interesse(e) ? postulez des maintenant en envoyant votre cv via ce site","souhaitee dans un poste similaire (idealement restauration / retail) maitrise des outils bureautiques (word, excel, email) sens de lorganisation, rigueur et discretion bon niveau en francais, langlais est un atout lieu : casablanca interesse(e) ? postulez des maintenant en envoyant votre cv via ce site",,4
approvisionneur(e),,Industrie / Ingénierie / Energie,Mohammedia,"bac +3 ou plus en supply chain, logistique ou gestion industrielle experience souhaitee en environnement industriel sur un poste similaire bonne maitrise du calcul des besoins nets (cbn) et des processus dapprovisionnement maitrise des outils erp et des outils bureautiques (excel, reporting...) connaissance des incoterms et bases en reglementation transport & douane anglais professionnel requis rigueur, sens de lanalyse, reactivite et bon relationnel","souhaitee en environnement industriel sur un poste similaire bonne maitrise du calcul des besoins nets (cbn) et des processus dapprovisionnement maitrise des outils erp et des outils bureautiques (excel, reporting...) connaissance des incoterms et bases en reglementation transport & douane anglais professionnel requis rigueur, sens de lanalyse, reactivite et bon relationnel",,8
Manutentionnaire,,Industrie / Ingénierie / Energie,Casablanca,une premiere experience en manutention en environnement industriel est souhaitee,en manutention en environnement industriel est souhaitee,,8
Préparatrice de commandes de parfums,Sentel,Accueil / Secrétariat / Administration,Casablanca,s serieux et motives pour rejoindre notre equipe de preparation de parfums. poste base a sidi maarouf. une experience dans l'industrie ou dans une usine est un plus. disponibilite immediate.,dans l'industrie ou dans une usine est un plus. disponibilite immediate.,CDI,4
Comptable,DAMA,Comptabilité / Gestion / Audit,Casablanca,"- bac+5 en comptabilite / gestion - bonnes bases en comptabilite generale - capacite a comprendre et traiter des problematiques comptables variees - rigueur, organisation et autonomie - une premiere experience en environnement structure est souhaitable nous recrutons pour le compte de notre client un comptable(h/f)",en environnement structure est souhaitable nous recrutons pour le compte de notre client un comptable(h/f),Interim,2
Assistante comptable,Fiduciaire,Comptabilité / Gestion / Audit,Casablanca,,"en fiduciaire est souhaitable - maitrise de word, excel et des outils bureautiques - serieuse, rigoureuse, discrete et organisee - disponibilite immediate souhaitee type de",Anapec,2
Barman /,HOTEL RIAD MARRAKECH,Tourisme / Hôtellerie / Restauration,Marrakech,"experience confirmee en tant que barman (hotel, riad ou restaurant) bonne presentation et excellent sens du service connaissance des cocktails classiques et internationaux maitrise du francais (anglais souhaite) serieux(se), ponctuel(le) et esprit dequipe",client,,6
Coordinateur manifest & douane bilingue intérim,Confidentiel,Transport / Achat / Logistique,Casablanca,,team to ensure optimal service delivery -support the manifest manager with operational issues and initiatives -ensure compliance with internal controls and company policies skills and experience -proven experience handling manifest and customs processes -fluent in english and french (written and spoken) -advanced excel skills -experience with customs systems -strong planning and multitasking abilities -detail-oriented and proactive -excellent communication and stakeholder management skills -strategic and analytical mindset -comfortable working independently and within a matrix organization -adaptable and solution-oriented,Interim,7
Assistante administrative (h/f),Confidentiel,Autre,Marrakech,"- experience confirmee en assistanat administratif / back-office - bonnes connaissances en comptabilite - notions en paie - excellente maitrise du francais (ecrit et oral) - rigueur, organisation et sens de la confidentialite localisation : marrakech - poste a pourvoir immediatement","confirmee en assistanat administratif / back-office - bonnes connaissances en comptabilite - notions en paie - excellente maitrise du francais (ecrit et oral) - rigueur, organisation et sens de la confidentialite localisation : marrakech - poste a pourvoir immediatement",CDI,4
Chargé des achats junior à hay riad.,MAROC FORCE EMPLOI,Autre,Rabat,formation : bac+2 ou plus experience : premiere experience souhaitee(stage ou experience junior),premiere experience souhaitee(stage ou experience junior),Interim,4
Controleur de recette,BFK,Comptabilité / Gestion / Audit,Marrakech,; .,souhaitee dans un poste similaire.,A discuter,2
Hôtesse d’accueil à l’aéroport de casa & marrakech,Relax station,Commercial / Vente,Casablanca,- maitrise du francais et de langlais - sens de laccueil et de la communication - bonne presentation et attitude professionnelle - experience en accueil ou relation client est un plus,en accueil ou relation client est un plus,Anapec,1
Commis de cuisine restauration collective,Confidentiel,Grande Distribution,Casablanca,"formation en cuisine ou experience similaire souhaitee, avec une experience en restauration collective souhaitee. dynamisme, motivation et sens de lorganisation. capacite a travailler en equipe et a suivre les consignes. passion pour la gastronomie et volonte dapprendre","similaire souhaitee, avec une experience en restauration collective souhaitee. dynamisme, motivation et sens de lorganisation. capacite a travailler en equipe et a suivre les consignes. passion pour la gastronomie et volonte dapprendre",A discuter,4
Recrutement collaborateurs polyvalent (bourgogne),LABELVIE SA,Grande Distribution,Temara,e recherche: bac ou bien diplome de qualification,,Anapec,3
Comptable chantier,BAAM CONSTRUCTION,Construction / Btp,Marrakech,"titulaire dune licence en economie, gestion ou equivalent une premiere experience dans une societe de construction ou de btp est souhaitable bonne maitrise des outils bureautiques (excel, word, outlook) sens de lorganisation, rigueur et bon relationnel capacite a gerer les taches administratives et le suivi des dossiers","dans une societe de construction ou de btp est souhaitable bonne maitrise des outils bureautiques (excel, word, outlook) sens de lorganisation, rigueur et bon relationnel capacite a gerer les taches administratives et le suivi des dossiers",CDI,4
Coffreurs et ferrailleurs,MFE,Autre,Benslimane,experience dans le,dans le,Interim,4
Coordinateur/coordinatrice rh,BEST PROFIL,Tourisme / Hôtellerie / Restauration,Agadir,recrute pour le compte de son client a agadir coordinateur/coordinatrice rh profil: gerer les dossiers administratifs du personnel (,,Interim,6
Sous chef froid,BEST PROFIL,Tourisme / Hôtellerie / Restauration,Agadir,"recrute pour le compte de son client a agadir sous chef froid profil: preparer et assembler les plats froids (entrees, salades, buffets, etc.) avec precision et creativite. collaborer avec l'equipe de cuisine pour assurer une production fluide et efficace. respecter les normes d'hygiene et de securite alimentaire en vigueur. gerer les stocks et les approvisionnements des produits froids. participer a la mise en place et a la decoration des plats pour une presentation impeccable. contribuer a l'innovation et a l'amelioration des recettes et des techniques culinaires.",,Interim,6
Sushi man,BEST PROFIL,Tourisme / Hôtellerie / Restauration,Agadir,"recrute pour le compte de son client a agadir sushi man profil: preparer les ingredients avec precision et creativite pour des sushis et sashimis de haute qualite. assurer la presentation esthetique et appetissante des plats, respectant les standards de notre maison. collaborer avec l'equipe de cuisine pour maintenir un flux de travail efficace et harmonieux. respecter les normes d'hygiene et de securite alimentaire en vigueur. conseiller et servir les clients avec professionnalisme et courtoisie. participer a l'amelioration continue des recettes et des techniques de preparation.",,Interim,6
Commis de cuisine,BEST PROFIL,Tourisme / Hôtellerie / Restauration,Agadir,recrute pour le compte de son client a agadir commis de cuisine profil: preparer les ingredients et les plats selon les recettes etablies. assister le chef de cuisine dans la gestion des commandes et des stocks. maintenir un environnement de travail propre et organise. collaborer avec l'equipe pour assurer un service efficace et ponctuel. respecter les procedures d'hygiene et de securite alimentaire.,,Interim,6
Assistante commerciale fes,Confidentiel,Commercial / Vente,Fès,"bac+2/3 en gestion, commerce ou relation client,... bonne communication orale et ecrite sens de lecoute, rigueur et esprit danalyse une premiere experience dans un poste similaire est un atout horaire de travail : - lundi - vendredi 10h a 19h avec pause dej - samedi 10h a 14h poste base a fes exactement a ain smen, laanbra disponibilite immediate souhaitee","dans un poste similaire est un atout horaire de travail : - lundi - vendredi 10h a 19h avec pause dej - samedi 10h a 14h poste base a fes exactement a ain smen, laanbra disponibilite immediate souhaitee",A discuter,4
Conseiller commercial/chargés de,Confidentiel,Commercial / Vente,Marrakech,- de,en vente - bonne communication en francais remuneration,A discuter,1
Product manager en cdd (h/f),DEKRA Services,International / Télécommunication,Casablanca,en communication en francais avec un bon niveau d'anglais. - minimum 3 ans d'experience dans un role similaire - bonne connaissance des,dans un role similaire - bonne connaissance des,CDD,4
Une assistante,transite,Entreprise / Import / Export,Tanger,"organisationnelles et de communication. - repondre aux appels telephoniques entrants de maniere professionnelle. - une bonne maitrise des langues ( fr , esp , angl ) - rerouter les appels vers les departements concernes. - prendre des messages precis et les transmettre aux destinataires appropries. - recevoir et enregistrer les factures fournisseurs. - assurer le suivi des depots des factures et s'assurer de leur traitement dans les delais. - collaborer avec le service financier pour resoudre les eventuels problemes lies aux factures - effectuer des taches administratives de base telles que la gestion du courrier et la consultation des fournisseurs. - maintenir un systeme de classement organise pour les documents administratifs.",averee en tant qu'assistante de direction ou dans un role similaire.excellentes,A discuter,4
Commercial terrain,Société d'industrie manufacturière,Industrie / Ingénierie / Energie,Agadir,,"minimum 3 a 5 ans dans la vente b2b, idealement dans le secteur du second uvre, des materiaux de construction ou de l'aluminium. -forte fibre commerciale et culture du resultat. -excellente aisance relationnelle et capacite de negociation.",CDI,8
Ouvriers de chantier btp,Confidentiel,Construction / Btp,Casablanca,,,Interim,3
Cabinet recrute jeune femme comptable,,Comptabilité / Gestion / Audit,Casablanca,"voluer avec le cabinet. poste base boulevard sidi abderrahmane, en face de la station tramway. merci denvoyer votre cv. les candidatures ne correspondant pas au profil demande sont priees de sabstenir. au-dela des",en cabinet comptable et,CDI,2
OpÉrateurs neerlandais en assurance,Manpower Group,Banque / Finance / Assurance,Casablanca,"- bon niveau en francais a loral et a lecrit - experience en centre dappel souhaitable - bonne aisance relationnelle et sens de lecoute - motivation, serieux et esprit dequipe - lieu : casablanca","en centre dappel souhaitable - bonne aisance relationnelle et sens de lecoute - motivation, serieux et esprit dequipe - lieu : casablanca",CDI,4
Assistante commerciale,,,Casablanca,,,,1
Chargé de sourcing (h/f) /,AVANTA MAROC,Ressources Humaines / Recrutement / Intérim,Tanger,s et a lapproche directe contribuer a lamelioration continue du processus de sourcing,"en recrutement ou sourcing souhaitee bonne maitrise des outils bureautiques et plateformes de recrutement sens de lorganisation, rigueur et proactivite bon relationnel et esprit dequipe",CDI,3
Réceptionniste,xxxx,Accueil / Secrétariat / Administration,Rabat,,,Interim,4
Animateur h f job etudiant casa bouskoura,Dama,Autre,Casablanca,etudiante serieuxse et ponctuelle -bon relationnel et sens de laccueil -dynamique et volontaire -a laise pour travailler en equipe -tres bonne communication en francais,,Interim,4
Chef de rang,BEST PROFIL,Tourisme / Hôtellerie / Restauration,Agadir,recrute pour le compte de son client a agadir chef de rang profil: accueillir et conseiller les clients avec professionnalisme et courtoisie. prendre les commandes et les transmettre a la cuisine avec precision. servir les plats et les boissons en respectant les normes de qualite et de securite. assurer le suivi des commandes et repondre aux demandes specifiques des clients. collaborer avec l'equipe de salle pour garantir un service fluide et efficace. maintenir la proprete et l'ordre de la salle a manger et des espaces de travail. participer a la mise en place et au rangement des salles avant et apres le service.,,Interim,6
Contrôleur de gestion senior,industriel,Comptabilité / Gestion / Audit,Tanger,"bac+5 en finance, controle de gestion ou equivalent experience de 5 a 8 ans minimum, idealement dans un environnement industriel excellente maitrise des outils danalyse et dexcel bonne connaissance des systemes erp (sap, oracle...) forte capacite danalyse et de synthese rigueur, autonomie et sens de lorganisation bon relationnel et capacite a travailler en transversal - conditions : type de","de 5 a 8 ans minimum, idealement dans un environnement industriel excellente maitrise des outils danalyse et dexcel bonne connaissance des systemes erp (sap, oracle...) forte capacite danalyse et de synthese rigueur, autonomie et sens de lorganisation bon relationnel et capacite a travailler en transversal - conditions : type de",CDI,2
Contrôleur de gestion (h/f),Solano emploi,Autre,Casablanca,"correspond, merci de nous envoyer vos cvs via ce site","2 a 5 ans sur un poste similaire - poste en cdi. - lieu : el jadida si votre profil correspond, merci de nous envoyer vos cvs via ce site",CDI,3
Assistante administrative,,Accueil / Secrétariat / Administration,Casablanca,"bac+2 en gestion, administration ou equivalent premiere experience dans un poste similaire souhaitee bonne maitrise des outils bureautiques sens de lorganisation, rigueur et bon relationnel habitant de preference a proximite : roches noires, bernoussi, hay mohammadi ou ain sebaa","dans un poste similaire souhaitee bonne maitrise des outils bureautiques sens de lorganisation, rigueur et bon relationnel habitant de preference a proximite : roches noires, bernoussi, hay mohammadi ou ain sebaa",,4
Assistante comptable/réceptionniste/manager,Groupe Hôtelier,Tourisme / Hôtellerie / Restauration,Rabat,"s suivants : - marrakech : directrice des operations gouvernante experimentee (minimum 5 ans dexperience) receptionniste experimente(e) serveuse technicien femme de chambre - rabat : assistante comptable experimentee (minimum 5 ans dexperience), ayant deja travaille dans un fiduciaire receptionniste experimente(e) manager de salle de conference night audit serveuse",") receptionniste experimente(e) serveuse technicien femme de chambre - rabat : assistante comptable experimentee (minimum 5 ans dexperience), ayant deja travaille dans un fiduciaire receptionniste experimente(e) manager de salle de conference night audit serveuse",CDI,6
Barman,BEST PROFIL,Tourisme / Hôtellerie / Restauration,Agadir,"recrute pour le compte de son client a agadir barman profil preparer et servir des cocktails, des boissons alcoolisees et non alcoolisees selon les standards de qualite. conseiller les clients sur les choix de boissons et proposer des suggestions personnalisees. maintenir un bar propre et bien approvisionne, en assurant la gestion des stocks et des commandes. travailler en etroite collaboration avec l'equipe de service pour garantir une experience client harmonieuse. respecter les normes d'hygiene et de securite alimentaire. gerer les paiements et les transactions financieres avec precision.",client harmonieuse. respecter les normes d'hygiene et de securite alimentaire. gerer les paiements et les transactions financieres avec precision.,Interim,6
Ingenieur genie civil expérimenté,ste ain attiq,Construction / Btp,Tout le Maroc,,"minimum de 5ans. - planifier et organiser les projets de genie civil, de la conception a la realisation. - elaborer et suivre les budgets et les calendriers. - coordonner les differentes phases du projet et les intervenants (architectes, ingenieurs, sous-traitants). - assurer le suivi des travaux et le controle de la qualite. - gerer les risques et les imprevus. - assurer la communication et la coordination entre les differents intervenants. - s'assurer du respect des regles de securite sur le chantier. - valider les etudes techniques et les plans. - assurer la conformite des travaux aux normes et reglementations en vigueur. - resoudre les problemes techniques rencontres sur le chantier. - assurer la liaison avec les bureaux d'etudes. - assurer le suivi administratif et financier des projets. - creativite et sens de l'initiative. - bonne capacite d'organisation",CDI,3
Ouverture coffee shop ville verte,sarl,Tourisme / Hôtellerie / Restauration,Bouskoura,,", minimum de 2 ans est obligatoire. nous recrutons pour tous les postes: manager, baristas... . nous recrutons des personnes serieuses et dynamiques. personne interessee, veuillez, envoyer votre cv avec photo",A discuter,6
Maître nageur (3 mois ),,Sécurité / Surveillance / Gardiennage,Marrakech,-diplome de maitre-nageur sauveteur obligatoire -experience souhaitee dans un poste similaire -sens des responsabilites et vigilance accrue -bonne condition physique et reactivite -non-fumeur exige,souhaitee dans un poste similaire -sens des responsabilites et vigilance accrue -bonne condition physique et reactivite -non-fumeur exige,A discuter,4
Pré vendeur à ain harrouda,Confidentiel,Grande Distribution,Mohammedia,"correspond aux criteres demandes, priere de nous transmettre votre candidature via ce site. dans l'attente de vous lire.",probante dans le,A discuter,3
chargé service après vente,DEKRA,Commercial / Vente,Casablanca,,dans une,Interim,1
Stagiaire rh bac +5 / casa,AKD,Ressources Humaines / Recrutement / Intérim,Casablanca,,,Stage,3
Technicien d'etude dessinateur/projeteur chargé,ALOMRA GROUP INTERNATIONAL,Sécurité / Surveillance / Gardiennage,Casablanca,"formation technique en genie electrique (bac+2 / bac+3), experience confirmee en tant que dessinateur projeteur cfo / cfa, sur des projets tertiaires & industriels. maitrise logicielle : autocad, ""power user"" de revit (est un plus), caneco bt et dialux evo. modelisation bim avancee (est un atout): creation et gestion de maquettes numeriques sous revit (lod 300 a 400), de l'aps jusqu'au dossier d'execution (exe). atouts : esprit d'analyse aiguise, rigueur contractuelle et excellente capacite de communication en equipe.","confirmee en tant que dessinateur projeteur cfo / cfa, sur des projets tertiaires & industriels. maitrise logicielle : autocad, ""power user"" de revit (est un plus), caneco bt et dialux evo. modelisation bim avancee (est un atout): creation et gestion de maquettes numeriques sous revit (lod 300 a 400), de l'aps jusqu'au dossier d'execution (exe). atouts : esprit d'analyse aiguise, rigueur contractuelle et excellente capacite de communication en equipe.",A discuter,4
Barman hotel taghazout,,Tourisme / Hôtellerie / Restauration,Agadir,,,Interim,6
Responsable reservation,BEST PROFIL,Tourisme / Hôtellerie / Restauration,Agadir,"recrute pour le compte de son client a agadir responsable reservation poste: gerer les reservations en ligne et telephoniques avec professionnalisme et reactivite. assurer un suivi personnalise des clients pour repondre a leurs besoins et attentes. collaborer avec les differents departements pour garantir une coordination fluide et efficace. optimiser les taux d'occupation et maximiser le revenu par chambre. resoudre les problemes et les reclamations clients avec diplomatie et efficacite. participer a la mise en place de strategies commerciales pour augmenter la satisfaction client et la fidelisation. analyser les donnees de reservation pour identifier les tendances et proposer des ameliorations. profil: diplome en gestion hoteliere, tourisme ou","confirmee de 3 ans minimum dans un poste similaire en hotellerie ou restauration. maitrise des logiciels de reservation et des outils informatiques courants. excellente maitrise du francais et de l'anglais, une autre langue est un atout. capacite a travailler sous pression et a gerer plusieurs taches simultanement. sens aigu du service client et de l'accueil. disponibilite pour travailler en horaires decales, week-ends et jours feries.",Interim,6
OpÉrateurs francophones en assurance,Manpower Group,Banque / Finance / Assurance,Casablanca,"- bon niveau en francais a loral et a lecrit - experience en centre dappel souhaitable - bonne aisance relationnelle et sens de lecoute - motivation, serieux et esprit dequipe - lieu : casablanca","en centre dappel souhaitable - bonne aisance relationnelle et sens de lecoute - motivation, serieux et esprit dequipe - lieu : casablanca",CDI,4
Infirmier de travail,Manpower maroc,Santé / Médical,Casablanca,diplome dinfirmier polyvalent ou equivalent experience souhaitee en medecine de travail ou milieu industriel/petrolier bonne maitrise des procedures hse sens de respo,souhaitee en medecine de travail ou milieu industriel/petrolier bonne maitrise des procedures hse sens de respo,Interim,4
Infirmier(ère) de travail,manpower,Autre,Casablanca,"diplome dinfirmier polyvalent ou equivalent experience souhaitee en medecine de travail ou milieu industriel/petrolier bonne maitrise des procedures hse sens de responsabilite, discretion et reactivite disponibilite immediate souhaitee","souhaitee en medecine de travail ou milieu industriel/petrolier bonne maitrise des procedures hse sens de responsabilite, discretion et reactivite disponibilite immediate souhaitee",Interim,4
Master en finance compta juriste eco gestion .,prestation de service,Banque / Finance / Assurance,Casablanca,s jeunes diplomes ou avec une premiere experience dans le,dans le,CDD,4
Chef de chantier,,Autre,Mohammedia,,"confirmee en gestion de chantier - bonne maitrise de la lecture des plans et des ouvrages hydrauliques - sens de lorganisation, rigueur et esprit dequipe - experience significative en hydraulique, pompage et traitement des eaux fortement souhaitee",,3
Électricien expérimenté,Multinational,Industrie / Ingénierie / Energie,El jadida,,"2 a 5 ans dexperience pertinente dans un poste similaire - bonne maitrise des installations et equipements electriques - capacite danalyse et de resolution de problemes techniques - rigueur, autonomie et sens des responsabilites - bon esprit dequipe et reactivite",Interim,8
Technicien Électromécanicien expérimenté,Multinational,Industrie / Ingénierie / Energie,El jadida,,"significative dans un poste similaire - bonne maitrise des systemes electriques et mecaniques industriels - capacite danalyse et de resolution de problemes - rigueur, autonomie et reactivite - esprit dequipe et sens des responsabilites",Interim,8
Superviseur restauration en contrat intérim,manpower,Tourisme / Hôtellerie / Restauration,Casablanca,experience confirmee en restauration ou hotellerie bon sens de lorganisation et leadership excellente presentation et bon relationnel maitrise du francais (anglais apprecie) disponibilite immediate souhaitee conditions : poste base a la,confirmee en restauration ou hotellerie bon sens de lorganisation et leadership excellente presentation et bon relationnel maitrise du francais (anglais apprecie) disponibilite immediate souhaitee conditions : poste base a la,Interim,6
Cuisinier,Best Profil,Autre,Casablanca,recrute pour le compte de son client des cuisiniers a casablanca ayant une experience obligatoire dans le,obligatoire dans le,Interim,3
Chargé de caisse sidislimane,prestation de service,Banque / Finance / Assurance,Sidi Slimane,"diplome bac+3 a bac+5 en finance, gestion, commerce ou equivalent experience souhaitee dans un poste similaire maitrise des outils informatiques et logiciels de caisse rigueur, sens de lorganisation et esprit dequipe bon relationnel et sens du service client - nous offrons : environnement de travail dynamique opportunites devolution professionnelle remuneration attractive selon profil avantages sociaux - candidature : pour les interesses, merci de nous envoyer votre candidature. salutations.","souhaitee dans un poste similaire maitrise des outils informatiques et logiciels de caisse rigueur, sens de lorganisation et esprit dequipe bon relationnel et sens du service client - nous offrons : environnement de travail dynamique opportunites devolution professionnelle remuneration attractive selon profil avantages sociaux - candidature : pour les interesses, merci de nous envoyer votre candidature. salutations.",A discuter,4
Chef pâtissier,Gastro,Tourisme / Hôtellerie / Restauration,Marrakech,,,CDI,6
Hôtesse d'accueil,Gastro,Tourisme / Hôtellerie / Restauration,Marrakech,,,CDI,6
Opérateurs /opératrices,CONFIDENTIEL,Automobile,Tanger,- experience dans le,dans le,A discuter,3
Responsable spa /,Confidentiel,Tourisme / Hôtellerie / Restauration,Tanger,"en management dequipe sens du service client et presentation irreprochable organisation, rigueur et leadership bonne connaissance des soins esthetiques et bien-etre",confirmee dans la gestion dun spa ou centre de bien-etre excellentes,Interim,6
Aide chef d’équipe pose de pavés,AFRICA STAFFING,Construction / Btp,Nador,experience en travaux de voirie ou pavage esprit dequipe et serieux lieu : port de nador type de,en travaux de voirie ou pavage esprit dequipe et serieux lieu : port de nador type de,CDD,4
chef d’équipe principal pose de pavés,AFRICA STAFFING,Construction / Btp,Nador,experience confirmee dans la pose de paves/autobloquants experience en gestion dequipe sens de lorganisation et leadership lieu : port de nador type de,confirmee dans la pose de paves/autobloquants experience en gestion dequipe sens de lorganisation et leadership lieu : port de nador type de,CDD,4
Business developer systèmes de vidéosurveillance,AFRICA STAFFING,Informatique / Multimédia / Internet,Tanger,- experience significative en developpement commercial - expertise dans les systemes de videosurveillance (indispensable) - fort sens de la negociation et du resultat - esprit de conquete et orientation client cdi - package complet poste base a tanger,significative en developpement commercial - expertise dans les systemes de videosurveillance (indispensable) - fort sens de la negociation et du resultat - esprit de conquete et orientation client cdi - package complet poste base a tanger,CDI,4
Licence en drooit français,prestation de service,Droit / Justice / Association,Casablanca,"formation bac+3 en en droit francais, minimum un an dexperience bonne maitrise des outils de communication digitale (reseaux sociaux, emailing, seo, etc.). excellentes capacites redactionnelles et sens de la creativite. esprit dequipe, rigueur et sens de lorganisation.",bancaire est obligatoire. ce poste vous permettra de rejoindre une equipe dynamique et de contribuer au developpement de nos activites.,A discuter,4
Manager & chef de salle,CONFIDENTIEL,Tourisme / Hôtellerie / Restauration,Casablanca,s experimentes pour renforcer son equipe : manager de restaurant (h/f),"confirmee en gestion de restaurant - leadership et excellente gestion dequipe - sens du service client et de lorganisation - maitrise des operations quotidiennes (planning, stock, caisse, qualite de service) - bonne presentation et communication professionnelle chef de salle (h/f)",A discuter,6
chef d’équipe emballage & expédition,Artus,Autre,Bouznika,"minimum 3 ans dexperience dans un poste similaire (industrie, logistique, magasin) experience obligatoire en aeronautique ou dans le secteur automobile bonne maitrise de la gestion des stocks et des flux logistiques connaissance dun erp (sage 100 est un atout) maitrise des documents dexpedition (bl, liste de colisage, etiquetage) leadership, rigueur et sens de lorganisation conditions : poste base a bouznika","dans un poste similaire (industrie, logistique, magasin) experience obligatoire en aeronautique ou dans le secteur automobile bonne maitrise de la gestion des stocks et des flux logistiques connaissance dun erp (sage 100 est un atout) maitrise des documents dexpedition (bl, liste de colisage, etiquetage) leadership, rigueur et sens de lorganisation conditions : poste base a bouznika",CDI,4
Agent restauration polyvalent restauration rapide,TECTRA,Tourisme / Hôtellerie / Restauration,Marrakech,niveau detude demande : bac+2 /,requise : 1 a 3 ans /secteur restauration rapide,A discuter,6
Chef de département construction,,Construction / Btp,Casablanca,ingenieur gc experience min 15 ans dans les chantiers animer reunion et assurer l interface avec client ou prestataire sur chantier etre independant dans l'ensemble des livrables convenu avec la direction technique etablir les matrice de paiement a valider par direction technique elaborer le budget detaille suivant les plannings detailles planning general,min 15 ans dans les chantiers animer reunion et assurer l interface avec client ou prestataire sur chantier etre independant dans l'ensemble des livrables convenu avec la direction technique etablir les matrice de paiement a valider par direction technique elaborer le budget detaille suivant les plannings detailles planning general,CDI,3
Auditeur senior,Filiale,Banque / Finance / Assurance,Casablanca,"formation bac+5 (encg, iscae, master cca ou equivalent) experience de 3 a 4 ans en cabinet bonne maitrise des normes comptables marocaines et de la demarche daudit bon esprit danalyse, de rigueur et de synthese connaissance des outils : excel, powerpoint, logiciels metiers esprit dequipe, engagement, autonomie et sens des responsabilites","de 3 a 4 ans en cabinet bonne maitrise des normes comptables marocaines et de la demarche daudit bon esprit danalyse, de rigueur et de synthese connaissance des outils : excel, powerpoint, logiciels metiers esprit dequipe, engagement, autonomie et sens des responsabilites",CDI,4
Collaborateur comptable,Mondiale Compta,Comptabilité / Gestion / Audit,Rabat,,en cabinet. niveau de francais correct exige.,CDI,2
Aides comptables et stagiaires en comptabilité (f),,Comptabilité / Gestion / Audit,Casablanca,"formation bac+2/3 en comptabilite/gestion. maitrise des outils informatiques et des logiciels de comptabilite. rigueur, discretion et sens de l'organisation.",,CDI,2
Technicien de maintenance,Varun Beverages-Pepsi,Maintenance / Entretien,Bouskoura,bac+2 en maintenance mecanique ou automatisation et instrumentation industrielle avec une experience dans un milieu industriel en tant que technicien de maintenance. nb : transport est assure,dans un milieu industriel en tant que technicien de maintenance. nb : transport est assure,A discuter,3
Électriciens,Manpower maroc,Industrie / Ingénierie / Energie,Casablanca,formation de niveau bac +2 en electricite bonne connaissance des installations electriques sens de lorganisation et esprit dequipe une premiere experience est un atout localisation poste base a casablanca.,est un atout localisation poste base a casablanca.,Interim,8
Chef de rang expérimenté,Ray's San Francisco,Tourisme / Hôtellerie / Restauration,Tanger,,"raffinee, cette opportunite est faite pour vous.",CDI,6
Magasinier,,Autre,Marrakech,,,Interim,3
magasiniers,,Autre,Tanger,,,Interim,3
Magasinier ain sebaa,,Autre,Casablanca,,,Interim,3
Magasinier,,Autre,Kénitra,,,Interim,3
Magasinier,,Autre,Rabat,,,Interim,3
Chargé achat junior bac+5,xxxx,Banque / Finance / Assurance,Casablanca,,en gestion des engagement des budgets,Interim,0
Assistante de direction junior bac+2,xxxx,Accueil / Secrétariat / Administration,Casablanca,,,Interim,4
Contrôleur de recette,BFK,Comptabilité / Gestion / Audit,Marrakech,"formation en comptabilite, gestion ou finance (bac +3 minimum) rigueur et sens du detail bon esprit danalyse maitrise des outils bureautiques (excel/ word ) experience souhaitee dans un poste similaire",souhaitee dans un poste similaire,A discuter,2
Superviseur rh terrain (secteur intérim),xxxx,Ressources Humaines / Recrutement / Intérim,Casablanca,,,CDI,3
Formateur(trice) auxiliaire de vie,Ihb,Services aux Entreprises / Formation,Casablanca,trans,minimum.,A discuter,0
Assistante médicale /,Confidentiel,Santé / Médical,Casablanca,"bac+2 minimum en assistance medicale ou equivalent ; experience obligatoire en anatomie pathologique ; bonne maitrise du francais et de larabe (oral et ecrit) ; rigueur, sens de lorganisation et discretion ; bonne connaissance des outils informatiques. conditions : lieu : casablanca","obligatoire en anatomie pathologique ; bonne maitrise du francais et de larabe (oral et ecrit) ; rigueur, sens de lorganisation et discretion ; bonne connaissance des outils informatiques. conditions : lieu : casablanca",Interim,4
Femme de chambre,xxxx,Tourisme / Hôtellerie / Restauration,Agadir,,,Interim,6
Valet de chambre,xxxx,Tourisme / Hôtellerie / Restauration,Agadir,,,Interim,6
Agent de sécurité,xxxx,Sécurité / Surveillance / Gardiennage,Berrechid,,,Interim,3
Assistant(e) juridique,STG TELEMATICS MOROCCO,Informatique / Multimédia / Internet,Tanger,"- bac+5 en droit, gestion juridique ou equivalent - premiere experience dans un poste similaire appreciee - bonne maitrise du francais a lecrit comme a loral - maitrise des outils bureautiques (word, excel, outlook) - sens de la confidentialite, autonomie et esprit dequipe - capacite dorganisation et gestion des priorites contact pour postuler via ce site marocannonces","dans un poste similaire appreciee - bonne maitrise du francais a lecrit comme a loral - maitrise des outils bureautiques (word, excel, outlook) - sens de la confidentialite, autonomie et esprit dequipe - capacite dorganisation et gestion des priorites contact pour postuler via ce site marocannonces",CDI,4
Merchandiser circuit traditionnel à,Confidentiel,Grande Distribution,Casablanca,"- conduite de la moto obligatoire. - motivation, sens et esprit commercial requis. interesse? nhesitez pas a postuler des maintenant en repondant a cette annonce.",,A discuter,3
Chargé reporting junior bac+2,xxxx,Accueil / Secrétariat / Administration,Casablanca,,,Interim,4
Aide livreur permis c à,Confidentiel,Grande Distribution,Rabat,- niveau bac ou plus - permis de conduire type c - experience obligatoire dans un poste similaire nhesitez pas a envoyer vos cv.,obligatoire dans un poste similaire nhesitez pas a envoyer vos cv.,A discuter,3
Commercial terrain à,Confidentiel,Grande Distribution,Casablanca,- niveau bac+2 ou equivalent. - experience minimale de 2 ans dans le,minimale de 2 ans dans le,CDI,3
Chauffeur à avec permis c,Confidentiel,Grande Distribution,Youssoufia,- niveau bac ou plus - permis de conduire type c - experience obligatoire dans un poste similaire nhesitez pas a envoyer vos cv.,obligatoire dans un poste similaire nhesitez pas a envoyer vos cv.,A discuter,3
Agent de chargement et déchargement à,Confidentiel,Grande Distribution,Marrakech,,,A discuter,3
Chargée de recrutement et sourcing,Dama,Autre,Casablanca,"requises : maitrise des techniques de sourcing et des outils de recrutement (linkedin, indeed, cvtheques...) bonnes capacites danalyse et de comprehension des profils aisance relationnelle, a loral comme a lecrit capacite a travailler de maniere autonome et a gerer les priorites esprit dequipe et sens de la confidentialite bonne maitrise des outils bureautiques et ats (logiciels de gestion de candidatures)",en recrutement ou sourcing. la maitrise du francais est indispensable.,A discuter,4
Operateur de machine,DAMA,Industrie / Ingénierie / Energie,Casablanca,- niveau bac ou qualification. - de preference 1 an d'experience dans le secteur industriel. - sens de travailler en equipe / sens decoute. - communication / organisation,dans le secteur industriel. - sens de travailler en equipe / sens decoute. - communication / organisation,Interim,8
Merchandiser circuit traditionnel à,Confidentiel,Grande Distribution,El jadida,"- conduite de la moto obligatoire. - motivation, sens et esprit commercial requis. interesse? nhesitez pas a postuler des maintenant en repondant a cette annonce.",,A discuter,3
Assistant supply chain cfc ( h/f ),DAMA,Industrie / Ingénierie / Energie,Casablanca,"analytiques, organisationnelles et de resolution de problemes. excellentes capacites de communication et de coordination. maitrise dexcel et des outils de supply chain ; la connaissance de sap est un plus. bon niveau en anglais.","en supply chain ou logistique, idealement dans la region africaine. solides",Interim,8
Chargé rh bac+2,xxxx,Ressources Humaines / Recrutement / Intérim,Mohammedia,,,Interim,3
Commercial en transport international,APPELTRANS,Transport / Achat / Logistique,Casablanca,"en negociation et en relation client. une connaissance du secteur du transport et de la logistique. autonomie, rigueur et sens de l'organisation. dynamisme et forte capacite a atteindre les objectifs. aisance relationnelle et esprit d'equipe.","de 3 ans dans un role commercial, idealement acquise dans le transport maritime et aerien. vos succes precedents dans la conquete et la gestion de clientele seront particulierement apprecies. excellente communication en francais et anglais ( obligatoire ). excellente capacite de prospection et de vente. bonnes",CDI,7
Agent(e) suivi & réclamations clients,OZONEXPRESS,Transport / Achat / Logistique,Casablanca,"bac+2 en commerce, communication ou equivalent une experience en service client ou dans le",en service client ou dans le,A discuter,7
Chef d’Équipe ( plomberie / Électricité ) marrakec,HOTEL / RIAD MARRAKECH,Tourisme / Hôtellerie / Restauration,Marrakech,"experience dans la supervision technique ou la maintenance batiment. bonnes connaissances en : plomberie, electricite, peinture, petits travaux de renovation. sens de lorganisation et du leadership. capacite a gerer plusieurs interventions simultanement. permis de conduire apprecie. nous offrons","dans la supervision technique ou la maintenance batiment. bonnes connaissances en : plomberie, electricite, peinture, petits travaux de renovation. sens de lorganisation et du leadership. capacite a gerer plusieurs interventions simultanement. permis de conduire apprecie. nous offrons",,6
Superviseur rh,PLUS INTERIM,Ressources Humaines / Recrutement / Intérim,Casablanca,,,,3
Assistante polyvalente,STG TELEMATICS MOROCCO,Accueil / Secrétariat / Administration,Tanger,"bac+2 minimum en gestion, administration ou equivalent bonne maitrise des outils informatiques (word, excel, outlook...) bon niveau en francais sens de lorganisation et esprit dequipe serieuse, polyvalente et motivee une premiere experience dans un poste similaire est souhaitable",dans un poste similaire est souhaitable,CDI,4
Postes commercials,confident,Commercial / Vente,Casablanca,s qui ont une forte experience dans les,dans les,CDI,1
Cariste (h/f),HOTIN,Industrie / Ingénierie / Energie,Casablanca,caces 1/3/5 a jour experience en conduite de chariot vigilance et rigueur conditions,en conduite de chariot vigilance et rigueur conditions,A discuter,8
Directeur d'hôtel,HOTIN,Tourisme / Hôtellerie / Restauration,Rabat,"experience confirmee de 5+ ans en direction d'hotel leadership, vision strategique et orientation resultats trilingue fr/en/ar indispensable conditions","confirmee de 5+ ans en direction d'hotel leadership, vision strategique et orientation resultats trilingue fr/en/ar indispensable conditions",A discuter,6
Responsable dÉveloppement image & marketing paraph,CBEAUTE,Comptabilité / Gestion / Audit,Rabat,"developper a la fois limage de marque, la visibilite digitale et la performance commerciale de notre espace. votre",client,A discuter,2
Manutentionnaire à casablanca,Confidentiel,Transport / Achat / Logistique,Mediouna,"bonne condition physique (travail debout, port de charges) serieux, ponctuel, dynamique disponible immediatement residant a mediouna ou environs",,A discuter,7
Dermo conseillÈre(parapharmacie),CBEAUTE,Mode / Luxe / Beauté,Rabat,,"en parapharmacie ou institut obligatoire * bon niveau en francais (parler et comprendre) * personne serieuse, propre, bien presentee * aime le contact avec les clients * dynamique et motivee important : nous cherchons une personne qui connait deja les produits dermo-cosmetiques et sait bien conseiller les clients.",A discuter,3
Cariste à pince avec permis caces à tit mellil,Confidentiel,Transport / Achat / Logistique,Mediouna,,,A discuter,7
Responsable administratif & financier stratÉgique,COMPTAC,Comptabilité / Gestion / Audit,Rabat,piloter lensemble des,confirmee dans une,A discuter,2
Cariste à pince avec permis caces à tit mellil,Confidentiel,Transport / Achat / Logistique,Casablanca,,,A discuter,7
Chauffeur solo à,Confidentiel,Transport / Achat / Logistique,Salé,,en livraison. capacite a gerer les tournees de livraison dans le respect des delais et des procedures,A discuter,7
Chauffeur solo à,Confidentiel,Transport / Achat / Logistique,Fès,,en livraison. capacite a gerer les tournees de livraison dans le respect des delais et des procedures,A discuter,7
Agent de chargement et de déchargement mohamedia,Confidentiel,Transport / Achat / Logistique,Mohammedia,"serieux, bonne condition physique. disponibilite immediate.",,A discuter,7
Planificateur de transport à,Confidentiel,Transport / Achat / Logistique,Casablanca,,,CDI,7
Téléopératrices commerciales / centre d’appel,,Commercial / Vente,Casablanca,aisance au telephone. esprit commercial et gout du challenge. motivation et serieux. experience en call center souhaitee. poste base a casablanca candidature envoyer votre cv par email,en call center souhaitee. poste base a casablanca candidature envoyer votre cv par email,CDI,1
Community manager,J'AIME ARDI,Marketing / Communication / Publicité / Rp,Berrechid,"maitrise de la suite adobe (photoshop, illustrator, indesign) bonne connaissance des reseaux sociaux et des tendances digitales creativite, sens du detail et reactivite gerer et animer les reseaux sociaux (facebook, instagram...)",,CDI,4
Réceptionniste spa,Confidentiel,Tourisme / Hôtellerie / Restauration,Marrakech,,,CDD,6
Offre d'emploi assistante de direction,AUTOMATIC ID,Accueil / Secrétariat / Administration,Casablanca,"organisationnelles et administratives ; vous maitrisez loutil informatique (word, excel, outlook, power point,...) et etes dotee dune bonne aisance relationnelle ; rigueur, autonomie, dynamisme et grande capacite dadaptation sont aussi des qualites qui sont requises. type de",,CDI,4
Merchandiser gms à,Confidentiel,Grande Distribution,Casablanca,,,A discuter,3
Merchandiser circuit traditionnel à,Confidentiel,Grande Distribution,Casablanca,"- conduite de la moto obligatoire. - motivation, sens et esprit commercial requis. interesse? nhesitez pas a postuler des maintenant en repondant a cette annonce.",,A discuter,3
Pré vendeur détail à,Confidentiel,Grande Distribution,Casablanca,- niveau bac+2 ou equivalent. - experience minimale de 2 ans dans le,minimale de 2 ans dans le,CDI,3
Commercial terrain,BATITHERM,Commercial / Vente,Casablanca,"jeune diplome motive et dynamique bon sens de communication et de negociation gout du challenge et du travail terrain bonne maitrise du francais connaissance des outils bureautiques (excel, word...) une premiere experience ou stage en commerce est un atout ce que nous offrons",ou stage en commerce est un atout ce que nous offrons,A discuter,1
Responsable commercial,FERVE MAROC,Automobile,Casablanca,,plus 5 ans,A discuter,1
Électricien auto,FERVE MAROC,Automobile,Casablanca,,,A discuter,3
Vendeurs/chauffeurs/commerciaux/aide magasiniers,Anonyme,Commercial / Vente,Tanger,s pour renforcer son equipe : postes a pourvoir : - vendeuses et vendeurs dans les magasins - aide magasinier - chauffeurs - commerciaux,est souhaitable (mais debutants acceptes selon le poste) pour les chauffeurs : permis de conduire valide exige,A discuter,1
Aide livreur permis c à,Confidentiel,Grande Distribution,Tanger,- niveau bac ou plus - permis de conduire type c - experience obligatoire dans un poste similaire nhesitez pas a envoyer vos cv.,obligatoire dans un poste similaire nhesitez pas a envoyer vos cv.,A discuter,3
Aide livreur permis c à sale,Confidentiel,Grande Distribution,Salé,- niveau bac ou plus - permis de conduire type c - experience obligatoire dans un poste similaire nhesitez pas a envoyer vos cv.,obligatoire dans un poste similaire nhesitez pas a envoyer vos cv.,A discuter,3
Chargé d'affaires btp,AFRICA STAFFING,Construction / Btp,Casablanca,(obligatoire),d'au moins 3 ans dans un poste commercial terrain dans le,CDI,3
Magasinier,Confidentiel,Industrie / Ingénierie / Energie,El jadida,experience de 2 ans minimum en tant que magasinier bonne maitrise des outils de gestion de stock sens de lorganisation et esprit dequipe dynamisme et serieux la conduite dengins de manutention est un atout,de deux ans dans la gestion des stocks et la logistique.,Interim,8
Maitres nageurs,Hôtel de luxe,Tourisme / Hôtellerie / Restauration,El jadida,"-titulaire d'un brevet de sauvetage ou d'un diplome de secourisme aquatique en vigueur. -grande vigilance, reactivite et excellente condition physique. -sens du service et respect strict des normes de securite. comment postuler ? si vous etes interesse et que votre profil correspond a ce poste, nous vous invitons a nous faire parvenir votre cv des que possible, ou passez nous voir a notre agence d'el jadida !",,Interim,6
Superviseur Logistique (Last Mile),Groupe Label'Vie - Carrefour,Distribution,Tanger (Maroc),"Emploi - Groupe Label'Vie - Carrefour Entreprise: Groupe Label'Vie - Carrefour Secteur: Distribution Postes proposés: 244 Description: Créé en 1986 et côté à la Bourse de Casablanca depuis 2008, le Groupe marocain LabelVie est un acteur économique de référence et leader de la grande distribution au Maroc.

En 2009, à travers la signature du contrat de franchise avec le Groupe Carrefour, il accède à sa centrale d’achat pour optimiser et diversifier son sourcing. Il devient ainsi le premier acteur multi-formats de la grande distribution au Maroc par l’exploitation des hypermarchés Carrefour, des supermarchés Carrefour... [+] Créé en 1986 et côté à la Bourse de Casablanca depuis 2008, le Groupe marocain LabelVie est un acteur économique de référence et leader de la grande distribution au Maroc. En 2009, à travers la signature du contrat de franchise avec le Groupe Carrefour, il accède à sa centrale d’achat pour optimiser et diversifier son sourcing. Il devient ainsi le premier acteur multi-formats de la grande distribution au Maroc par l’exploitation des hypermarchés Carrefour, des supermarchés Carrefour Market et du format hyper cash Atacadao. Le Groupe LabelVie présente chaque année","Lancer 4K Superviseur Logistique (Last Mile) | Tanger (Maroc) 7 Atacadao recrute un Superviseur Logistique (Last Mile) pour optimiser l'expérience client et la performance des livraisons. Vous piloterez l'activité, adapterez les ressources et suivrez",CDI,0
Gestionnaire Clientèle - Réseau Kénitra & Gharb (H/F),,,Kénitra / Tiflet / Sidi Slimane / Sidi Kacem / Souk Arbaâ (Maroc),"1                        - 10 sur 47 10 25 50 Page 1 2 3 4 5 sur            
             5 Lancer 4K Gestionnaire Clientèle - Réseau Kénitra & Gharb (H/F) | Kénitra / Tiflet / Sidi Slimane / Sidi Kacem / Souk Arbaâ (Maroc) Avec son modèle de banque universelle, sa dimension panafricaine, la complémentarité de ses métiers et ses expertises solides, le groupe Attijariwafa bank est un acteur de référence du secteur financier au Maroc et... Dans le cadre de développement de notre activité, nous recherchons des Gestionnaires Clientèles dynamiques et motivé(es). Si vous répondez à ces critères et que vous souhaitez évoluer dans un... Publication : du 13/04/2026 au 13/06/2026 |  Postes proposés: 20 Secteur d'activité : Banque / Finance Fonction : Banque (métiers de la) Expérience requise : Débutant (-1 an) Niveau d'étude demandé : Bac +3 Type de contrat proposé : Autre - Télétravail : Non Lancer 4K Gestionnaire Clientèle - Réseau Rabat Salé Temara (H/F) | Rabat / Salé / Temara (Maroc) Avec son modèle de banque universelle, sa dimension panafricaine, la complémentarité de ses métiers et ses expertises solides, le groupe Attijariwafa bank est un acteur de référence du secteur financier au ","Lancer 4K Gestionnaire Clientèle - Réseau Kénitra & Gharb (H/F) | Kénitra / Tiflet / Sidi Slimane / Sidi Kacem / Souk Arbaâ (Maroc) Avec son modèle de banque universelle, sa dimension panafricaine, la complémentarité de ses métiers et ses expertises ",CDI,0
Ingénieur Support Réseaux et Telecom BtoB (H/F),BTechnologie,Informatique,Rabat (Maroc),"Emploi - BTechnologie Entreprise: BTechnologie Secteur: Informatique Postes proposés: 38 Description: BTECHNOLOGIE est un centre d’excellence premium au service de Bouygues Telecom filiale du groupe Accenture, visant à augmenter sa capacité de delivery, à améliorer la qualité perçue par ses clients finaux et à accompagner la croissance technologique dans une perspective d’économie décarbonée. Aujourd'hui, le centre compte plus de 500 talents et ambitionne d’atteindre les 1000 talents d’ici 2026.

Envie de nouvelles perspectives de carrière ?

Nous vous invitons à rejoindre notre... [+] BTECHNOLOGIE est un centre d’excellence premium au service de Bouygues Telecom filiale du groupe Accenture, visant à augmenter sa capacité de delivery, à améliorer la qualité perçue par ses clients finaux et à accompagner la croissance technologique dans une perspective d’économie décarbonée. Aujourd'hui, le centre compte plus de 500 talents et ambitionne d’atteindre les 1000 talents d’ici 2026. Envie de nouvelles perspectives de carrière ? Nous vous invitons à rejoindre notre centre d'excellence à Rabat, où vous participerez à des projets d'envergure avec une vision à long terme. Chaque jour est une","Lancer 4K Ingénieur Support Réseaux et Telecom BtoB (H/F) | Rabat (Maroc) BTECHNOLOGIE est un centre d’excellence premium au service de Bouygues Telecom filiale du groupe Accenture, visant à augmenter sa capacité de delivery, à améliorer la qualité p",CDI,0
Responsable Social H/F,AZURA GROUP,Agroalimentaire,Agadir (Maroc),"Emploi - AZURA GROUP Entreprise: AZURA GROUP Secteur: Agroalimentaire Postes proposés: 7 Description: Azura est un groupe international familial privé, spécialisé dans les filières des fruits & légumes et de l’aquaculture, et figure parmi les leaders mondiaux de la production de tomates cerises. Forts de l’engagement de nos 21 000 collaborateurs et d’un savoir-faire unique, nous cultivons le bon pour la planète, pour nos consommateurs, pour nos équipes et pour les générations futures.

	Notre stratégie RSE s’étend à l’ensemble de notre chaîne de valeur du champ... [+] Azura est un groupe international familial privé, spécialisé dans les filières des fruits & légumes et de l’aquaculture, et figure parmi les leaders mondiaux de la production de tomates cerises. Forts de l’engagement de nos 21 000 collaborateurs et d’un savoir-faire unique, nous cultivons le bon pour la planète, pour nos consommateurs, pour nos équipes et pour les générations futures. Notre stratégie RSE s’étend à l’ensemble de notre chaîne de valeur du champ à l'assiette tout en impliquant activement tous les collaborateurs du groupe. Nos engagements de cultiver le bon pour tous est le ciment de notre culture et de n","Lancer 4K Responsable Social H/F | Agadir (Maroc) Azura recrute un Responsable Social H/F pour garantir la gestion globale des aspects sociaux, l'application des politiques et la conformité légale. Ce poste stratégique implique le conseil juridique, ",CDI,0
Consultant en comptabilité française (H/F),PwC,Conseil / Etudes,Casablanca (Maroc),"Emploi - PwC Entreprise: PwC Secteur: Conseil / Etudes Postes proposés: 16 Description: PwC est le leader mondial sur le marché de l’audit financier, et compte plus de 236 000 collaborateurs dans le monde.

Il réalise des missions d'audit, d'expertise comptable et de conseil pour des organisations de toutes tailles et de tous secteurs d’activité.

Succursale de PwC audit France, PwC Services (SDC Casablanca) a été créé en 2011 et installée à Casanearshore, dans le but de réaliser à distance un certain nombre de services.

Forte de plus de 140 collaborateurs, PwC Services... [+] PwC est le leader mondial sur le marché de l’audit financier, et compte plus de 236 000 collaborateurs dans le monde. Il réalise des missions d'audit, d'expertise comptable et de conseil pour des organisations de toutes tailles et de tous secteurs d’activité. Succursale de PwC audit France, PwC Services (SDC Casablanca) a été créé en 2011 et installée à Casanearshore, dans le but de réaliser à distance un certain nombre de services. Forte de plus de 140 collaborateurs, PwC Services opère aujourd’hui dans des missions d’audit et de commissariat aux comptes dédiés au marché français.  Ses équipes possèdent une","Lancer 4K Consultant en comptabilité française (H/F) | Casablanca (Maroc) 8 PwC recherche des Consultants en comptabilité française (H/F) à Casablanca pour rejoindre leur équipe OpSol. Vos missions incluront la gestion des opérations comptables, anal",CDI,0
Palefrenier,Sorec,Autres services,Maroc (Maroc),"Emploi - Sorec Entreprise: Sorec Secteur: Autres services Postes proposés: 22 Description: Créée en 2003, sous la tutelle du Ministère de l’Agriculture et de la Pêche Maritime,  la Société Royale d’Encouragement du Cheval (SOREC) a pour principales missions l’encadrement de l’élevage, le développement des courses hippiques et la gestion des jeux hippiques au Maroc.

De par sa mission, la SOREC assure l’encadrement des sociétés hippiques, supporte les programmes d’élevage en tant que partenaire des associations des éleveurs et veille à... [+] Créée en 2003, sous la tutelle du Ministère de l’Agriculture et de la Pêche Maritime,  la Société Royale d’Encouragement du Cheval (SOREC) a pour principales missions l’encadrement de l’élevage, le développement des courses hippiques et la gestion des jeux hippiques au Maroc. De par sa mission, la SOREC assure l’encadrement des sociétés hippiques, supporte les programmes d’élevage en tant que partenaire des associations des éleveurs et veille à l’amélioration des infrastructures hippiques nationales. Ajouté à cela, la SOREC est engagée dans une politique visant l’amélioration de la compétitivité de l’élevage marocain et la dynamisation du march","Lancer 4K Palefrenier | Maroc (Maroc) SOREC recrute un Palefrenier pour assurer le bien-être quotidien des chevaux dans un haras/centre de reproduction. Vos missions incluront l'alimentation, les soins corporels, la surveillance de la santé, l'assist",CDI,0
Directeur Administratif et Financier  Casablanca,Vital Fer,Métallurgie / Sidérurgie,Casablanca (Maroc),"Emploi - Vital Fer Entreprise: Vital Fer Secteur: Métallurgie / Sidérurgie Postes proposés: 3 Description: VITAL FER est un acteur de référence incontournable dans la distribution des produits métallurgiques et des matériaux de construction au Maroc.

Fort d'une infrastructure logistique massive, notre site principal est implanté sur plus de 60 000 m². Cette capacité de stockage exceptionnelle, couplée à une gestion rigoureuse des flux, nous permet de répondre avec réactivité aux demandes les plus exigeantes du marché national, qu'il s'agisse de grands projets d'infrastructure ou de chantiers... [+] VITAL FER est un acteur de référence incontournable dans la distribution des produits métallurgiques et des matériaux de construction au Maroc. Fort d'une infrastructure logistique massive, notre site principal est implanté sur plus de 60 000 m². Cette capacité de stockage exceptionnelle, couplée à une gestion rigoureuse des flux, nous permet de répondre avec réactivité aux demandes les plus exigeantes du marché national, qu'il s'agisse de grands projets d'infrastructure ou de chantiers résidentiels. Notre Mission Accompagner le développement du tissu économique national en fournissant ","Lancer 4K Directeur Administratif et Financier  Casablanca | Casablanca (Maroc) VITAL FER recherche un Directeur Administratif et Financier expérimenté à Casablanca. Vous piloterez la performance financière, superviserez la comptabilité et la trésore",CDI,0
Administration des ventes / SAV- Commercial / Vente / Export- Secteur Telecom,,,,"Attachés Commerciaux B2B - Casablanca Administration des ventes / SAV - Commercial / Vente / Export - Secteur Telecom Junior (1 à 3 ans)                                     - Intermédiaire (3 à 5 ans) 1 poste(s) sur                                                                            Tout le Maroc                                     - Maroc Bac +5 et plus Maximum
                                     - Master                                     - Université Recherche de nouveauté Extraversion Volonté de persuasion Ténacité Besoin d'autonomie Implication au travail Ambition Improvisation CDI Télétravail : Non Publiée aujourd'hui sur ReKrute.com -
                                Postulez avant le 13/06/2026 J'aime Entreprise : Vous avez l’ambition de performer au sein d’un groupe iconique ? Rejoignez un acteur télécom leader sur le marché, qui renforce ses équipes commerciales à travers le Royaume. Nous recherchons des talents dynamiques, prêts à relever des défis, développer la relation client et faire la différence. Avec votre talent et la puissance de notre marque, votre carrière prend son envol. Poste : Vous développez durablement le portefeuille clients entreprises (B2B) en",,CDI,1
Chargé(e) des Opérations RH,Jardin Majorelle,Tourisme / Voyage / Loisirs,Marrakech (Maroc),"Emploi - Jardin Majorelle Entreprise: Jardin Majorelle Secteur: Tourisme / Voyage / Loisirs Postes proposés: 5 Description: Le Jardin Majorelle, le Musée Yves Saint Laurent Marrakech et le Musée Pierre Bergé des Arts Berbères forment un ensemble culturel et artistique unique au cœur de Marrakech.

Entre nature, art et patrimoine, nos trois sites — parmi les destinations culturelles les plus visitées au monde, accueillent chaque année un nombre exceptionnel de visiteurs venus du monde entier, et offrent une expérience immersive où la beauté des jardins, la création artistique et la richesse des cultures se rencontrent... [+] Le Jardin Majorelle, le Musée Yves Saint Laurent Marrakech et le Musée Pierre Bergé des Arts Berbères forment un ensemble culturel et artistique unique au cœur de Marrakech. Entre nature, art et patrimoine, nos trois sites — parmi les destinations culturelles les plus visitées au monde, accueillent chaque année un nombre exceptionnel de visiteurs venus du monde entier, et offrent une expérience immersive où la beauté des jardins, la création artistique et la richesse des cultures se rencontrent harmonieusement. Imaginés, préservés et magnifiés par Pierre Bergé e","Lancer 4K Chargé(e) des Opérations RH | Marrakech (Maroc) Le Jardin Majorelle et le Musée Yves Saint Laurent Marrakech recherchent un(e) Chargé(e) des Opérations RH pour gérer l'administration du personnel, la paie, le recrutement et la formation. Ce",CDI,0
Administration des ventes / SAV- Commercial / Vente / Export- Secteur Telecom,,,,"Attachés Commerciaux B2C - Casablanca Administration des ventes / SAV - Commercial / Vente / Export - Secteur Telecom Junior (1 à 3 ans)                                     - Intermédiaire (3 à 5 ans) 1 poste(s) sur                                                                            Tout le Maroc                                     - Maroc Bac +5 et plus Maximum
                                     - Master                                     - Université Recherche de nouveauté Extraversion Volonté de persuasion Implication au travail Ambition Improvisation CDI Télétravail : Non Publiée aujourd'hui sur ReKrute.com -
                                Postulez avant le 13/06/2026 J'aime Entreprise : Vous avez l’ambition de performer au sein d’un groupe iconique ? Rejoignez un acteur télécom leader sur le marché, qui renforce ses équipes commerciales à travers le Royaume. Nous recherchons des talents dynamiques, prêts à relever des défis, développer la relation client et faire la différence. Avec votre talent et la puissance de notre marque, votre carrière prend son envol. Poste : Vous êtes le moteur commercial de l’agence. En prospection active (terrain et téléphone) comme en co",,CDI,1
Ingénieur DevOps (F/H),,,Rabat (Maroc),"1                        - 10 sur 36 10 25 50 Page 1 2 3 4 sur            
             4 Lancer 4K Ingénieur DevOps (F/H) | Rabat (Maroc) Sofrecom recrute un Ingénieur DevOps (H/F) pour automatiser le déploiement d'infrastructure IT On-Premise. Vous utiliserez des outils comme Ansible, Python et Terraform pour migrer les processus existants. Poste basé au Maroc avec une formation Bac+5 et 6 ans d'expérience minimum en automatisation requis. Publication : du 13/04/2026 au 13/06/2026 Secteur d'activité : Telecom Fonction : Informatique / Electronique Expérience requise : Confirmé (5 à 10 ans) Niveau d'étude demandé : Bac +5 et plus Type de contrat proposé : CDI - Télétravail : Hybride Lancer 4K Data Engineer (F/H) | Casablanca (Maroc) Sofrecom, filiale du groupe Orange, recrute un Data Engineer (H/F) pour proposer des solutions logicielles adaptées et assurer leur mise en place. Vous maîtriserez les technologies Big Data (SQL, NoSQL, Scala, Spark, etc.), la gestion de configuration et les méthodes Agile. Rejoignez une équipe dynamique pour des projets passionnants dans le domaine des télécommunications. Publication : du 10/04/2026 au 10/06/2026 |  Postes proposés: 1 Secteur d'activi","Lancer 4K Ingénieur DevOps (F/H) | Rabat (Maroc) Sofrecom recrute un Ingénieur DevOps (H/F) pour automatiser le déploiement d'infrastructure IT On-Premise. Vous utiliserez des outils comme Ansible, Python et Terraform pour migrer les processus exista",CDI,3
Stagiaires Bac+2/Bac+3 - 2026 (Casablanca & Tanger),Akkodis Maroc,Informatique,Casablanca (Maroc),"Emploi - Akkodis Maroc Entreprise: Akkodis Maroc Secteur: Informatique Postes proposés: 83 Description: Akkodis est un leader mondial sur le marché de l'ingénierie et de la R&D qui s'appuie sur la puissance des données connectées pour accélérer l'innovation et la transformation numérique.

Avec une passion commune pour la technologie et le talent, 50 000 ingénieurs et experts numériques offrent une expertise intersectorielle approfondie dans 30 pays d'Amérique du Nord, d'EMEA et d'APAC. Akkodis offre une vaste expérience de l'industrie, et un solide savoir-faire dans des secteurs... [+] Akkodis est un leader mondial sur le marché de l'ingénierie et de la R&D qui s'appuie sur la puissance des données connectées pour accélérer l'innovation et la transformation numérique. Avec une passion commune pour la technologie et le talent, 50 000 ingénieurs et experts numériques offrent une expertise intersectorielle approfondie dans 30 pays d'Amérique du Nord, d'EMEA et d'APAC. Akkodis offre une vaste expérience de l'industrie, et un solide savoir-faire dans des secteurs technologiques clés tels que la mobilité, les logiciels et services technologiques, la robotique, les tests, les simulations","Lancer 4K Stagiaires Bac+2/Bac+3 - 2026 (Casablanca & Tanger) | Casablanca (Maroc) Akkodis recherche des stagiaires Bac+2/Bac+3 pour des stages de 2-3 mois à Casablanca et Tanger. Participez aux activités administratives, RH, financières, informatiqu",STAGE,0
Tech Lead Data,Ipanema consulting,Informatique,Casablanca (Maroc),"Emploi - Ipanema consulting Entreprise: Ipanema consulting Secteur: Informatique Postes proposés: 12 Description: IPANEMA est un cabinet d’accompagnement à la transformation numérique qui fédère des talents autour du développement web, de la Data, ainsi que du Cloud. Au sein d’IPANEMA, la révolution numérique est une opportunité à saisir pour chaque entreprise. Nous plaçons la technologie et l’humain au cœur de la transition numérique

Avec plus de 30 ans d’expérience dans le domaine informatique, le projet d’Ipanema est d’accompagner les entreprises à 360° dans la... [+] IPANEMA est un cabinet d’accompagnement à la transformation numérique qui fédère des talents autour du développement web, de la Data, ainsi que du Cloud. Au sein d’ IPANEMA , la révolution numérique est une opportunité à saisir pour chaque entreprise. Nous plaçons la technologie et l’humain au cœur de la transition numérique Avec plus de 30 ans d’expérience dans le domaine informatique, le projet d’ Ipanema est d’accompagner les entreprises à 360° dans la transformation digitale. Nos équipes s’engagent à proposer les solutions les plus pertinentes. Ceci afin d’améliorer l’image, la visibilité et la productivité de","Lancer 4K Tech Lead Data | Casablanca (Maroc) IPANEMA recrute un Tech Lead Data à Casablanca. Vous dirigerez une équipe de 1 à 4 développeurs, gérerez des projets data complexes incluant la mise en place de KPI, la conception de modèles de données an",CDI,0
Chef de Département Achats,Fondation Arrawaj,Banque / Finance,Rabat (Maroc),"Emploi - Fondation Arrawaj Entreprise: Fondation Arrawaj Secteur: Banque / Finance Postes proposés: 244 Description: Avec plus de 30 ans d’expertise, la Fondation Arrawaj est un acteur économique et social majeur dans le secteur de la micro-finance. 

Basée au Maroc et avec plus de 2 000 collaborateurs répartis sur plus de 260 agences et 15 régions, la Fondation Arrawaj est fière de contribuer à l’inclusion financière des porteurs de projets et des micro-entrepreneurs exclus des circuits de financements classiques en leur offrant des produits et des services diversifiés, de proximité, adaptés et innovants.

Le... [+] Avec plus de 30 ans d’expertise, la Fondation Arrawaj est un acteur économique et social majeur dans le secteur de la micro-finance. Basée au Maroc et avec plus de 2 000 collaborateurs répartis sur plus de 260 agences et 15 régions , la Fondation Arrawaj est fière de contribuer à l’inclusion financière des porteurs de projets et des micro-entrepreneurs exclus des circuits de financements classiques en leur offrant des produits et des services diversifiés, de proximité, adaptés et innovants. Le succès de notre institution repose sur un socle de valeurs fondamentales qui","Lancer 4K Chef de Département Achats | Rabat (Maroc) 1 La Fondation Arrawaj recherche un Chef de Département Achats expérimenté (10 ans minimum) basé au Maroc. Vous piloterez la stratégie achats, gérerez une équipe et assurerez l'optimisation des coû",CDI,0
Ingénieur Réseaux et Sécurité Informatique,HUIR - L'Hôpital Universitaire International de Rabat,Pharmacie / Santé,Rabat (Maroc),"Emploi - HUIR - L'Hôpital Universitaire International de Rabat Entreprise: HUIR - L'Hôpital Universitaire International de Rabat Secteur: Pharmacie / Santé Postes proposés: 140 Description: L'Hôpital Universitaire International de Rabat (HUIR), affilié à l'Université Internationale de Rabat (UIR), est un nouveau centre hospitalo-universitaire qui ouvrira ses portes prochainement. Ce centre d'excellence proposera une quarantaine de spécialités médicales et chirurgicales, équipées d'un plateau biomédical de dernière génération. Avec une capacité d'accueil de 450 lits et places, cet hôpital futuriste représente un investissement d'environ 2 milliards... [+] L'Hôpital Universitaire International de Rabat (HUIR), affilié à l'Université Internationale de Rabat (UIR), est un nouveau centre hospitalo-universitaire qui ouvrira ses portes prochainement. Ce centre d'excellence proposera une quarantaine de spécialités médicales et chirurgicales, équipées d'un plateau biomédical de dernière génération. Avec une capacité d'accueil de 450 lits et places, cet hôpital futuriste représente un investissement d'environ 2 milliards de dirhams et emploiera à terme plus de 1 200 salariés. Nous vous offro",Lancer 4K Ingénieur Réseaux et Sécurité Informatique | Rabat (Maroc) L'Hôpital Universitaire International de Rabat recherche un Ingénieur Réseaux et Sécurité Informatique avec 5 ans d'expérience minimum. Vos missions incluront l'administration des i,CDI,0
Contrôleur de Paie Française,Manpower Agences,Recrutement / Intérim,Casablanca (Maroc),"Emploi - Manpower Agences Entreprise: Manpower Agences Secteur: Recrutement / Intérim Postes proposés: 113 Description: Présent depuis 1997 au Maroc, Manpower Group est un acteur international incontournable de l’emploi et de l’insertion sociale dans le monde. Au sein du Royaume Chérifien, nous couvrons l’ensemble du territoire, de Tanger à Laayoune.

Nos équipes sont formées pour appuyer les entreprises dans la promotion de l’excellence en matière de gestion du capital humain : Intérim, CDD/CDI, Solutions & Ingénierie RH, Développement du capital humain…    

Pour nos... [+] Présent depuis 1997 au Maroc, Manpower Group est un acteur international incontournable de l’emploi et de l’insertion sociale dans le monde. Au sein du Royaume Chérifien, nous couvrons l’ensemble du territoire, de Tanger à Laayoune. Nos équipes sont formées pour appuyer les entreprises dans la promotion de l’excellence en matière de gestion du capital humain : Intérim, CDD/CDI, Solutions & Ingénierie RH, Développement du capital humain… Pour nos salariés intérimaires , nous proposons une expérience unique, notamment avec la déclaration de 100% des heures travaillées, la mise en place d’une mutuelle pour tous e","Lancer 4K Contrôleur de Paie Française | Casablanca (Maroc) Manpower Group recherche un Contrôleur de Paie Française basé au Maroc. Vos missions incluront le contrôle de la paie selon la législation française, la saisie et la conformité des bulletins",CDD,0
Commercial Terrain CHR (Alimentaire & Boissons),Foods and Goods,Agroalimentaire,Tout le Maroc (Maroc),"Emploi - Foods and Goods Entreprise: Foods and Goods Secteur: Agroalimentaire Postes proposés: 39 Description: Depuis 30 ans, Foods & Goods est un des leader national dans l’importation, la distribution et la construction de marques de produits alimentaires et boissons (alcoolisées et non alcoolisées).

Présent sur toutes les catégories de produits, Foods & Goods veut mettre en avant, à tous les niveaux l’excellence de ses marques, de ses équipes et de son savoir-faire.

Ses collaborateurs et son management s’engagent sur les valeurs suivantes : culture du... [+] Depuis 30 ans, Foods & Goods est un des leader national dans l’importation, la distribution et la construction de marques de produits alimentaires et boissons (alcoolisées et non alcoolisées). Présent sur toutes les catégories de produits, Foods & Goods veut mettre en avant, à tous les niveaux l’excellence de ses marques, de ses équipes et de son savoir-faire. Ses collaborateurs et son management s’engagent sur les valeurs suivantes : culture du résultat , exigence , professionnalisme , intégrité , passion et esprit d’équipe. [-] Suivre 1                        - 10 sur 10 10 Page 1 sur            
             1 Lancer 4K",Lancer 4K Commercial Terrain CHR (Alimentaire & Boissons) | Tout le Maroc (Maroc) Foods & Goods recherche des Commerciaux Terrain CHR (Alimentaire ou Boissons) dans toutes les zones du Maroc. Vos missions incluent le développement et la fidélisation ,CDI,0
Contrôleur(se) de Gestion,Advaloria,Conseil / Etudes,Tétouan (Maroc),"Emploi - Advaloria Entreprise: Advaloria Secteur: Conseil / Etudes Postes proposés: 1 Description: Advaloria est une société marocaine de conseil stratégique, management et ressources humaines qui accompagne les entreprises dans leurs décisions et transformations en combinant expertise conceptuelle et approche pragmatique. Son offre couvre quatre grands domaines : le conseil en stratégie et investissement, la formation professionnelle (via l'Advaloria Academy), la gestion RH (recrutement, outplacement, conduite du changement) et la digitalisation (stratégie digitale, marketing en ligne, développement web). Forte d'une équipe... [+] Advaloria est une société marocaine de conseil stratégique, management et ressources humaines qui accompagne les entreprises dans leurs décisions et transformations en combinant expertise conceptuelle et approche pragmatique. Son offre couvre quatre grands domaines : le conseil en stratégie et investissement, la formation professionnelle (via l'Advaloria Academy), la gestion RH (recrutement, outplacement, conduite du changement) et la digitalisation (stratégie digitale, marketing en ligne, développement web). Forte d'une équipe pluridisciplinaire, Advalo","Lancer 4K Contrôleur(se) de Gestion | Tétouan (Maroc) 1 Advaloria recrute un(e) Contrôleur(se) de Gestion pour un client dans le BTP à Tétouan. Vos missions incluront le suivi budgétaire, le contrôle des coûts, l'analyse de performance et l'accompagn",CDI,0
Gestionnaire de paie et Administration du personnel (ADP),Groupe VILAVI,Assurance / Courtage,TANGER (Maroc),"Emploi - Groupe VILAVI Entreprise: Groupe VILAVI Secteur: Assurance / Courtage Postes proposés: 2 Description: Courtier expert en assurance et en crédit auprès des particuliers, le Groupe VILAVI conseille et accompagne ses clients en toute indépendance, de l’analyse du besoin à la concrétisation du projet.
Cette approche globale du courtage est traduite en deux pôles d’activités et 8 marques.

Vous souhaitez intégrer un grand groupe dynamique qui place ses collaborateurs au centre de ses préoccupations ? Alors, rejoignez le Groupe VILAVI !
Nous rejoindre, c’est :
• Intégrer un Groupe qui vous place au... [+] Courtier expert en assurance et en crédit auprès des particuliers, le Groupe VILAVI conseille et accompagne ses clients en toute indépendance, de l’analyse du besoin à la concrétisation du projet. Cette approche globale du courtage est traduite en deux pôles d’activités et 8 marques. Vous souhaitez intégrer un grand groupe dynamique qui place ses collaborateurs au centre de ses préoccupations ? Alors, rejoignez le Groupe VILAVI ! Nous rejoindre, c’est : • Intégrer un Groupe qui vous place au cœur de ses projets et vous donner l’opportunité d’être acteur de votre carrière • Rele",Lancer 4K Gestionnaire de paie et Administration du personnel (ADP) | TANGER (Maroc) 8 Gestionnaire de paie et ADP (H/F) pour le Groupe VILAVI (1500 collaborateurs). Vous assurez la gestion de la paie (environ 700 collaborateurs) et l'administration ,CDI,0
Chargés de clientèle Bilingue (Francais/Anglais),Atlas Online,Aéronautique / Spatial,Casablanca (Maroc),"Emploi - Atlas Online Entreprise: Atlas Online Secteur: Aéronautique / Spatial Postes proposés: 121 Description: Atlas On Line, filiale de la Royal Air Maroc, est un Centre de Gestion de la Relation Client (télémarketing, support client, vente à distance, service après-vente) spécialisé dans le secteur du transport aérien.

Le capital humain de Atlas On Line est considéré comme la composante majeure de son développement et de sa réussite. De ce fait, la politique RH revêt une dimension stratégique qui s’articule autour de 3 principes fondateurs :


	Offrir un environnement épanouissant
	Valoriser... [+] Atlas On Line, filiale de la Royal Air Maroc, est un Centre de Gestion de la Relation Client (télémarketing, support client, vente à distance, service après-vente) spécialisé dans le secteur du transport aérien. Le capital humain de Atlas On Line est considéré comme la composante majeure de son développement et de sa réussite. De ce fait, la politique RH revêt une dimension stratégique qui s’articule autour de 3 principes fondateurs : Offrir un environnement épanouissant Valoriser son personnel en développant ses performances Promouvoir les talents et les carrières en encourageant l","Lancer 4K Chargés de clientèle Bilingue (Francais/Anglais) | Casablanca (Maroc) 4 Atlas On Line recrute des Chargés de clientèle Bilingue (Français/Anglais) pour son activité de centre de relation client. Vos missions incluront l'accueil, le conseil,",CDI,0
Chargé(e) d'Enseignement en Orthophonie H/F,Université Internationale de Rabat (UIR),Enseignement / Formation,Rabat (Maroc),"Emploi - Université Internationale de Rabat (UIR) Entreprise: Université Internationale de Rabat (UIR) Secteur: Enseignement / Formation Postes proposés: 19 Description: Née de la volonté de répondre aux enjeux économiques, politiques et sociaux du Maroc et de l'Afrique, l'Université Internationale de Rabat (UIR) est la première une université publique à gestion privée sous contrat avec l'État Marocain. Fondée en 2010, elle est devenue dès ses premières années d'existence un modèle d'établissement innovant conforme aux meilleurs standards internationaux dans le domaine de l'Enseignement Supérieur et de la... [+] Née de la volonté de répondre aux enjeux économiques, politiques et sociaux du Maroc et de l'Afrique, l'Université Internationale de Rabat (UIR) est la première une université publique à gestion privée sous contrat avec l'État Marocain. Fondée en 2010, elle est devenue dès ses premières années d'existence un modèle d'établissement innovant conforme aux meilleurs standards internationaux dans le domaine de l'Enseignement Supérieur et de la Recherche. Comptant plus de 8500 étudiants et participants en formation continue, l'UIR propose une offre de formation pluridisciplinaire","Lancer 4K Chargé(e) d'Enseignement en Orthophonie H/F | Rabat (Maroc) L'Université Internationale de Rabat recrute un(e) Chargé(e) d'Enseignement en Orthophonie H/F. Vos missions incluront l'enseignement théorique et pratique, l'encadrement des étudi",CDI,0
Développeur Senior BackEnd Java / Reactive Spring,,,Casablanca (Maroc),"1                        - 5 sur 5 Page 1 sur            
             1 Lancer 4K Développeur Senior BackEnd Java / Reactive Spring | Casablanca (Maroc) 2 CGI recherche un Développeur Senior BackEnd Java / Reactive Spring à Casablanca ou Rabat. Vos responsabilités incluront la conception et le développement d'applications Java et Spring WebFlux, l'architecture de microservices et l'application des principes DevOps. Le poste exige une formation Bac+5 en informatique ou expérience équivalente et une solide expérience en développement Back-End. Publication : du 12/04/2026 au 08/06/2026 |  Postes proposés: 20 Secteur d'activité : Informatique Fonction : Informatique / Electronique , Internet / Multimédia Expérience requise : Intermédiaire (3 à 5 ans) - Confirmé (5 à 10 ans) Niveau d'étude demandé : Bac +3 Type de contrat proposé : CDI - Télétravail : Hybride Lancer 4K Expert technique Oracle PL/SQL F/H | Casablanca (Maroc) 1 CGI recrute un Expert technique Oracle PL/SQL F/H pour concevoir, développer et maintenir des procédures stockées, fonctions et packages PL/SQL. Le candidat idéal possède une expertise avancée en SQL, optimisation des performances Oracle et analyse des plans d'exé",Lancer 4K Développeur Senior BackEnd Java / Reactive Spring | Casablanca (Maroc) 2 CGI recherche un Développeur Senior BackEnd Java / Reactive Spring à Casablanca ou Rabat. Vos responsabilités incluront la conception et le développement d'application,CDI,3
Technicien de réparation (H/F),Oppo,Telecom,Marrakech (Maroc),"Emploi - Oppo Entreprise: Oppo Secteur: Telecom Postes proposés: 2 Description: OPPO est une entreprise internationale de technologie spécialisée dans la conception et la commercialisation de smartphones, d’objets connectés et de solutions intelligentes. Fondée en 2004, la marque est aujourd’hui présente dans plus de 60 pays et régions, et figure parmi les leaders mondiaux du secteur mobile.

Reconnue pour son excellence en recherche et développement, OPPO investit continuellement dans les technologies de pointe, notamment la photographie mobile, la 5G, l’intelligence artificielle et l’optimisation... [+] OPPO est une entreprise internationale de technologie spécialisée dans la conception et la commercialisation de smartphones, d’objets connectés et de solutions intelligentes . Fondée en 2004, la marque est aujourd’hui présente dans plus de 60 pays et régions, et figure parmi les leaders mondiaux du secteur mobile. Reconnue pour son excellence en recherche et développement, OPPO investit continuellement dans les technologies de pointe, notamment la photographie mobile, la 5G, l’intelligence artificielle et l’optimisation de l’expérience utilisateur. L’innovation, la qualité et le d","Lancer 4K Technicien de réparation (H/F) | Marrakech (Maroc) 2 OPPO recherche un Technicien de réparation (H/F) à Marrakech pour son centre de maintenance. Vos missions incluront le diagnostic et la réparation de smartphones, le respect des standards",CDD,0
Commercial B2B,Adequat Interim Maroc,Recrutement / Intérim,Agadir (Maroc),"Emploi - Adequat Interim Maroc Entreprise: Adequat Interim Maroc Secteur: Recrutement / Intérim Postes proposés: 6 Description: Le groupe Adequat, créé en 1987 compte à ce jour 72 agences dans toute la France spécialisées dans la délégation de personnel intérimaire dans les secteurs (Industrie, Tertiaire, Logistique, Grande Distribution et Bâtiment).
Notre filiale au Maroc, Adéquat Intérim Maroc est devenu un acteur incontournable de l’emploi (travail temporaire, CDD, CDI, Recrutement). Vous trouverez chez Adéquat Intérim Maroc un environnement motivant dans lequel votre performance sera reconnue et valorisée.
... [+] Le groupe Adequat, créé en 1987 compte à ce jour 72 agences dans toute la France spécialisées dans la délégation de personnel intérimaire dans les secteurs (Industrie, Tertiaire, Logistique, Grande Distribution et Bâtiment). Notre filiale au Maroc, Adéquat Intérim Maroc est devenu un acteur incontournable de l’emploi (travail temporaire, CDD, CDI, Recrutement). Vous trouverez chez Adéquat Intérim Maroc un environnement motivant dans lequel votre performance sera reconnue et valorisée. [-] Suivre 1                        - 6 sur 6 Page 1 sur            
             1 ","Lancer 4K Commercial B2B | Agadir (Maroc) 3 Adequat Interim recherche un Commercial B2B pour gérer et développer un portefeuille clients, prospecter de nouveaux marchés et proposer des solutions adaptées. Le poste requiert d'excellentes compétences e",INTERIM,0
Commercial / Vente / Export- Distribution (métiers de la)- Secteur BTP / Génie Civil								- Distribution,,,,"Commercial - Meknès Commercial / Vente / Export - Distribution (métiers de la) - Secteur BTP / Génie Civil								- Distribution Intermédiaire (3 à 5 ans) 1 poste(s) sur                                                                            Meknès et région                                     - Maroc Bac +2 Minimum
                                     - BTS / DUT Recherche de nouveauté Respect des règles Extraversion Volonté de persuasion Ambition Implication au travail CDI Télétravail : Non Publiée il y a 2 jours sur ReKrute.com -
                                Postulez avant le 02/06/2026 J'aime Entreprise : Groupe industriel et commercial d'envergure nationale, reconnu pour son expertise dans divers secteurs stratégiques, recherche à renforcer ses équipes dans le cadre de son développement continu. Fort d'une présence établie sur le marché marocain, le groupe se distingue par son engagement envers l'excellence, l'innovation et la durabilité. Nous offrons un environnement stimulant, propice à l'évolution professionnelle, au sein d'une structure valorisant la performance et la collaboration. Nous recherchons un Commercial BTP dynamique et expérimenté pour rejoindre notre équi",,CDI,5
Chef de Projet VDI,Inetum,Informatique,Casablanca (Maroc),"Emploi - Inetum Entreprise: Inetum Secteur: Informatique Postes proposés: 5 Description: A propos d’Inetum, Positive digital flow :

Inetum est une ESN agile, une société de services et de solutions digitales, et un groupe international qui aide les entreprises et institutions à tirer le meilleur du digital flow. Dans un contexte de mouvement permanent, où les besoins et les usages se réinventent sans cesse, le groupe Inetum s’engage auprès de tous les acteurs pour innover, s’adapter continuellement et garder une longueur d’avance. Avec son profil de multi-spécialiste, Inetum met au service de ses... [+] A propos d’Inetum, Positive digital flow : Inetum est une ESN agile, une société de services et de solutions digitales, et un groupe international qui aide les entreprises et institutions à tirer le meilleur du digital flow. Dans un contexte de mouvement permanent, où les besoins et les usages se réinventent sans cesse, le groupe Inetum s’engage auprès de tous les acteurs pour innover, s’adapter continuellement et garder une longueur d’avance. Avec son profil de multi-spécialiste, Inetum met au service de ses clients une combinaison unique de proximité, d’organisation sectorielle e","Lancer 4K Chef de Projet VDI | Casablanca (Maroc) 1 Chef de Projet VDI expérimenté recherché par Inetum à Casablanca pour piloter la mise en œuvre de solutions VDI 3D dans un contexte agile. Vous gérerez les équipes, assurerez le suivi des plannings ",CDI,0
Responsable Unité Assainissement Liquide,Société de Développement des Services Publics de distribution,Service public / Administration,Rabat (Maroc),"Emploi - Société de Développement des Services Publics de distribution Entreprise: Société de Développement des Services Publics de distribution Secteur: Service public / Administration Postes proposés: 8 Description: La SOCIETE DE DEVELOPPEMENT DES SERVICES PUBLICS DE DISTRIBUTION S.A. est une société de Développement Local, qui a pour missions de participer à la gestion et au développement des Services Publics de distribution, et cela à travers notamment, les prestations :


	D’accompagnement dans le domaine financier et de l'ingénierie financière, et dans la mobilisation et la gestion des financements ;
	De suivi et d'évaluation de la gestion et des indicateurs de performance inhérents aux Services Publics ;
	De... [+] La SOCIETE DE DEVELOPPEMENT DES SERVICES PUBLICS DE DISTRIBUTION S.A. est une société de Développement Local, qui a pour missions de participer à la gestion et au développement des Services Publics de distribution, et cela à travers notamment, les prestations : D’accompagnement dans le domaine financier et de l'ingénierie financière, et dans la mobilisation et la gestion des financements ; De suivi et d'évaluation de la gestion et des indicateurs de performance in","Lancer 4K Responsable Unité Assainissement Liquide | Rabat (Maroc) 1 Nous recherchons un Responsable Unité Assainissement Liquide avec 7-10 ans d'expérience. Le poste implique le suivi des indicateurs de performance, l'identification d'axes d'amélior",CDI,0
ExeKutiveResponsable Audit Interne & Risk Management (H/F),Carl Rogers Consulting,Autres services,Casablanca (Maroc),"Emploi - Carl Rogers Consulting Entreprise: Carl Rogers Consulting Secteur: Autres services Postes proposés: 22 Description: Carl Rogers consulting, une approche radicalement différente de la chasse de têtes, du conseil en recrutement et du conseil en gestion des talents.

Nous maitrisons l’art de la connexion. Nous fédérons les talents, en créant des opportunités de carrière pour les individus, et de développement pour les équipes et les organisations.

Notre approche humaine, innovante et sur-mesure nous permet de comprendre les besoins de chacun et de connecter les talents entre eux.

L’humain est au cœur de nos... [+] Carl Rogers consulting, une approche radicalement différente de la chasse de têtes, du conseil en recrutement et du conseil en gestion des talents. Nous maitrisons l’art de la connexion. Nous fédérons les talents, en créant des opportunités de carrière pour les individus, et de développement pour les équipes et les organisations. Notre approche humaine, innovante et sur-mesure nous permet de comprendre les besoins de chacun et de connecter les talents entre eux. L’humain est au cœur de nos métiers et de nos projets. Chaque rencontre et conseil en matière de talent","Lancer 4K ExeKutive Responsable Audit Interne & Risk Management (H/F) | Casablanca (Maroc) Responsable Audit Interne & Risk Management (H/F) recherché pour une filiale de grand groupe. Vous définirez la stratégie d'audit, piloterez les missions et gé",CDI,0
Délégué Hybride: Médical et Pharmaceutique,Smollan Morocco,Autres services,Casablanca - Rabat - Tanger - Fès - Marrakech - Agadir (Maroc),"Emploi - Smollan Morocco Entreprise: Smollan Morocco Secteur: Autres services Postes proposés: 10 Description: Smollan est une multinationale œuvrant dans les domaines des services de ventes, de marketing, de technologie des donnés et du E-commerce. L’entreprise est présente sur les cinq continents, dans plus de 60 pays, avec un effectif dépassant les 84 000 salariés. Au cours de ses 90 ans d’existence, Smollan a constitué un point pivot où les détaillants, les marques et les consommateurs se rencontrent. 

Nous influençons le choix, le moment et l’endroit où les acheteurs naviguent et achètent à... [+] Smollan est une multinationale œuvrant dans les domaines des services de ventes, de marketing, de technologie des donnés et du E-commerce. L’entreprise est présente sur les cinq continents, dans plus de 60 pays, avec un effectif dépassant les 84 000 salariés. Au cours de ses 90 ans d’existence, Smollan a constitué un point pivot où les détaillants, les marques et les consommateurs se rencontrent. Nous influençons le choix, le moment et l’endroit où les acheteurs naviguent et achètent à travers de multiples points de contact, Servant plus de 80 % des marques les plus populaires au mo",Lancer 4K Délégué Hybride: Médical et Pharmaceutique | Casablanca - Rabat - Tanger - Fès - Marrakech - Agadir (Maroc) 2 Smollan recrute un Délégué Hybride (Médical et Pharmaceutique) pour promouvoir des produits de santé auprès des professionnels. Vo,CDI,0
Chargé(e)s de clientèle bilingues (français/anglais) - Marché Canadien,,,Casablanca (Maroc),"1                        - 10 sur 11 10 25 Page 1 2 sur            
             2 Lancer 4K Chargé(e)s de clientèle bilingues (français/anglais) - Marché Canadien | Casablanca (Maroc) 1 Chargé(e) de clientèle bilingue (français/anglais) recherché pour le marché canadien. Vos missions incluront la gestion des appels, l'accompagnement client et la résolution de demandes. Vous devez être parfaitement bilingue, doté d'un excellent sens du service et à l'aise avec les outils informatiques. Publication : du 10/04/2026 au 10/06/2026 |  Postes proposés: 10 Secteur d'activité : Centre d'appels - Offshoring / Nearshoring Fonction : Centre d'appels (métiers de) Expérience requise : Junior (1 à 3 ans) Niveau d'étude demandé : Bac Type de contrat proposé : CDI - Télétravail : Non Lancer 4K Chargé(e) administration des ventes et relation client  | Casablanca (Maroc) 4 OUTSOURCIA recherche un(e) Chargé(e) Administration des Ventes & Relation Client (H/F) pour gérer les commandes BtoB et assurer la satisfaction client. Vos missions incluent la saisie, le suivi des commandes, le traitement des anomalies et l'élaboration de reportings. Bac+2/3 requis, avec une expérience en ADV/relation client et u","Lancer 4K Chargé(e)s de clientèle bilingues (français/anglais) - Marché Canadien | Casablanca (Maroc) 1 Chargé(e) de clientèle bilingue (français/anglais) recherché pour le marché canadien. Vos missions incluront la gestion des appels, l'accompagneme",CDI,0
Auditeur interne junior,HP SEARCH,Conseil / Etudes,Rabat (Maroc),"Emploi - HP SEARCH Entreprise: HP SEARCH Secteur: Conseil / Etudes Postes proposés: 8 Description: HP SEARCH (HIGH POTENTIAL SEARCH)  accompagne ses clients dans le recrutement, l’évaluation et la sélection de leurs Futurs Talents. 

Notre expertise dans divers secteurs d’activité nous permet de vous apporter les solutions optimales en recrutement.

HP SEARCH est une filiale du groupe TEAMWORK spécialisée en Conseil RH, Formation, Coaching et Teambuilding. HP SEARCH (HIGH POTENTIAL SEARCH)  accompagne ses clients dans le recrutement, l’évaluation et la sélection de leurs Futurs Talents. Notre expertise dans divers secteurs d’activité nous permet de vous apporter les solutions optimales en recrutement. HP SEARCH est une filiale du groupe TEAMWORK spécialisée en Conseil RH, Formation, Coaching et Teambuilding. [-] Suivre 1                        - 8 sur 8 Page 1 sur            
             1 Lancer 4K Auditeur interne junior | Rabat (Maroc) 11 HP SEARCH recrute un Auditeur Interne Junior pour un grand groupe bancaire. Vos missions incluent la préparation, la réalisation et le reporting des missions d'audit, ainsi que le suivi des plans d'actions. Vous justifiez d'une formation Bac+5","Lancer 4K Auditeur interne junior | Rabat (Maroc) 11 HP SEARCH recrute un Auditeur Interne Junior pour un grand groupe bancaire. Vos missions incluent la préparation, la réalisation et le reporting des missions d'audit, ainsi que le suivi des plans d",CDI,0
Technicien(ne) Structure,Novec,BTP / Génie Civil,Salé (Technopolis) (Maroc),"Emploi - Novec Entreprise: Novec Secteur: BTP / Génie Civil Postes proposés: 43 Description: Novec, ingénieurs conseils depuis 1958, est aujourd’hui acteur majeur de l’ingénierie en Afrique.

Filiale du groupe Caisse de Dépôt et de Gestion, Novec offre une ingénierie d’excellence, capable d’accompagner le développement du Royaume dans ses projets territoriaux et d’accompagner les projets de croissance en Afrique et au Moyen- Orient.

Fort d’une équipe pluridisciplinaire comptant près de 500 collaborateurs, Novec intervient dans des domaines d’activités variés couvrant les... [+] Novec, ingénieurs conseils depuis 1958, est aujourd’hui acteur majeur de l’ingénierie en Afrique. Filiale du groupe Caisse de Dépôt et de Gestion, Novec offre une ingénierie d’excellence, capable d’accompagner le développement du Royaume dans ses projets territoriaux et d’accompagner les projets de croissance en Afrique et au Moyen- Orient. Fort d’une équipe pluridisciplinaire comptant près de 500 collaborateurs, Novec intervient dans des domaines d’activités variés couvrant les grandes infrastructures, l’eau, l’environnement, l’agriculture, l’énergie et le bâtiment. [-] Suivre 1                        - 10","Lancer 4K Technicien(ne) Structure | Salé (Technopolis) (Maroc) 6 Novec recrute un(e) Technicien(ne) Structure expérimenté(e) pour analyser les plans, réaliser des calculs de structures et modéliser sur Revit, Robot et Tekla. Le poste exige un diplôm",CDI,0
Acheteur Confirmé,ORH Assessment,Recrutement / Intérim,Casablanca (Maroc),"Emploi - ORH Assessment Entreprise: ORH Assessment Secteur: Recrutement / Intérim Postes proposés: 114 Description: ORH Assessment, filiale du groupe LMS ORH, est un cabinet conseil en recrutement qui offre également des prestations en Assessment et prend en charge l’organisation de concours pour le compte de grandes entreprises publiques et privées. ORH Assessment , filiale du groupe LMS ORH , est un cabinet conseil en recrutement qui offre également des prestations en Assessment et prend en charge l’organisation de concours pour le compte de grandes entreprises publiques et privées. [-] Suivre 1                        - 10 sur 34 10 25 50 Page 1 2 3 4 sur            
             4 Lancer 4K Acheteur Confirmé | Casablanca (Maroc) 1 Acheteur Confirmé recherché par un groupe leader dans la distribution d'hydrocarbures au Maroc. Vous piloterez la stratégie et l'optimisation des achats liés aux marchés assurances, incluant l'analyse des besoins, la sélection des prestataires et la négociation. Profil : Bac+4/5 avec 5 ans d'expérience minimum, maîtrise SAP et excellentes aptitudes relationnelles requises. Publication : du 10/04/2026 au 10/06/2026 |  Postes proposés: 1 Secteur d'activi","Lancer 4K Acheteur Confirmé | Casablanca (Maroc) 1 Acheteur Confirmé recherché par un groupe leader dans la distribution d'hydrocarbures au Maroc. Vous piloterez la stratégie et l'optimisation des achats liés aux marchés assurances, incluant l'analys",CDI,0
Infirmière Polyvalente de Nuit,,,Casablanca (Maroc),"1                        - 10 sur 22 10 25 Page 1 2 3 sur            
             3 Lancer 4K Infirmière Polyvalente de Nuit | Casablanca (Maroc) Cnexia recrute une Infirmière Polyvalente de Nuit à Casablanca. Vos missions incluent la surveillance des patients, la gestion des urgences et la réalisation des soins infirmiers durant la nuit. Un diplôme Bac +3 en Santé/Social et 1 à 5 ans d'expérience sont requis, ainsi qu'une grande autonomie et un sens des responsabilités. Publication : du 10/04/2026 au 10/06/2026 Secteur d'activité : Pharmacie / Santé Fonction : Santé / Social (métiers de) Expérience requise : Junior (1 à 3 ans) - Intermédiaire (3 à 5 ans) Niveau d'étude demandé : Bac +3 Type de contrat proposé : CDI - Télétravail : Non Lancer 4K Responsable Système Qualité | Rabat (Maroc) 1 Cnexia recrute un Responsable Système Qualité pour concevoir, gouverner et améliorer le QMS. Le poste requiert une formation Bac+5, une parfaite maîtrise de l'anglais, Excel, PowerPoint, et une norme de management de la qualité (ISO9001, COPC). Vous serez responsable de la cartographie des processus, de la matrice RACI, des audits internes et de l'accompagnement des équipes. Publication : du 10","Lancer 4K Infirmière Polyvalente de Nuit | Casablanca (Maroc) Cnexia recrute une Infirmière Polyvalente de Nuit à Casablanca. Vos missions incluent la surveillance des patients, la gestion des urgences et la réalisation des soins infirmiers durant la",CDI,3
Comptable Fournisseur,Aya Gold & Silver,Extraction / Mines,Casablanca (Maroc),"Emploi - Aya Gold & Silver Entreprise: Aya Gold & Silver Secteur: Extraction / Mines Postes proposés: 22 Description: Aya Gold & Silver est un producteur d’argent canadien en pleine croissance qui exerce ses activités au Royaume du Maroc.

Aya est la seule société minière purement argentifère cotée à la Bourse de Toronto. Elle exploite la mine d’argent Zgounder à forte teneur et explore ses terrains situés le long de l’Accident Sud-Atlasique à fort potentiel, dont plusieurs renferment d’anciennes mines productrices et des ressources historiques. En plus de ses actifs miniers marocains, Aya détient aussi... [+] Aya Gold & Silver est un producteur d’argent canadien en pleine croissance qui exerce ses activités au Royaume du Maroc. Aya est la seule société minière purement argentifère cotée à la Bourse de Toronto. Elle exploite la mine d’argent Zgounder à forte teneur et explore ses terrains situés le long de l’Accident Sud-Atlasique à fort potentiel, dont plusieurs renferment d’anciennes mines productrices et des ressources historiques. En plus de ses actifs miniers marocains, Aya détient aussi le projet aurifère Tijirit situé en Mauritanie, qui avance à l’étape de l’étude de faisabi","Lancer 4K Comptable Fournisseur | Casablanca (Maroc) 9 Aya Gold & Silver recherche un Comptable Fournisseur pour son site au Maroc. Vos missions incluront le traitement des factures, la gestion des fournisseurs et des paiements, ainsi que la particip",CDI,0
Conseiller Commercial en Automobile (Renault/Dacia),M-automotiv,Automobile / Motos / Cycles,Casablanca (Maroc),"Emploi - M-automotiv Entreprise: M-automotiv Secteur: Automobile / Motos / Cycles Postes proposés: 119 Description: Fort d’un réseau de distribution moderne de 7 succursales et 7 agents à travers le Maroc,M-AUTOMOTIV se donne les moyens d'offrir une large gamme de solutions accessibles & innovantes à ses clients, là où ils se trouvent, aux meilleurs standards de qualité.

Site Web :

M-automotiv Fort d’un réseau de distribution moderne de 7 succursales et 7 agents à travers le Maroc, M-AUTOMOTIV se donne les moyens d'offrir une large gamme de solutions accessibles & innovantes à ses clients, là où ils se trouvent, aux meilleurs standards de qualité. Site Web : M-automotiv [-] Suivre Explorer l'entreprise 1                        - 10 sur 26 10 25 50 Page 1 2 3 sur            
             3 Lancer 4K Conseiller Commercial en Automobile (Renault/Dacia) | Casablanca (Maroc) 3 M-AUTOMOTIV recrute un Conseiller Commercial en Automobile (Renault/Dacia) pour rejoindre son équipe. Vous accueillerez, conseillerez et accompagnerez les clients dans l'acquisition de véhicules haut de gamme, développerez un portefeuille clients et mènerez les négociations. Formation Bac+3/5 en commerce/vente e","Lancer 4K Conseiller Commercial en Automobile (Renault/Dacia) | Casablanca (Maroc) 3 M-AUTOMOTIV recrute un Conseiller Commercial en Automobile (Renault/Dacia) pour rejoindre son équipe. Vous accueillerez, conseillerez et accompagnerez les clients da",CDI,0
Conseiller de Service Carrosserie (H/F),CAC (Centrale Automobile Chérifienne),Automobile / Motos / Cycles,Casablanca (Maroc),"Emploi - CAC (Centrale Automobile Chérifienne) Entreprise: CAC (Centrale Automobile Chérifienne) Secteur: Automobile / Motos / Cycles Postes proposés: 19 Description: La Centrale Automobile Chérifienne (CAC) est l'importateur exclusif au Maroc des marques Volkswagen, Volkswagen Utilitaires, Audi, Skoda, Porsche, Bentley, Seat et Cupra, ayant chacune développée une réelle identité les rendant uniques sur leur segment de marché. 

Dotées d'un fort potentiel de développement au Maroc et à l'international, les marques s'appuient sur des services experts et des compétences mutualisés pour augmenter leur performance et accompagner leur croissance.

 La... [+] La Centrale Automobile Chérifienne (CAC) est l'importateur exclusif au Maroc des marques Volkswagen, Volkswagen Utilitaires, Audi, Skoda, Porsche, Bentley, Seat et Cupra , ayant chacune développée une réelle identité les rendant uniques sur leur segment de marché. Dotées d'un fort potentiel de développement au Maroc et à l'international, les marques s'appuient sur des services experts et des compétences mutualisés pour augmenter leur performance et accompagner leur croissance. La politique Ressources Humaines de la CAC se décline au","Lancer 4K Conseiller de Service Carrosserie (H/F) | Casablanca (Maroc) 4 La Centrale Automobile Chérifienne (CAC) recrute un Conseiller de Service Carrosserie (H/F) pour ses marques prestigieuses (Volkswagen, Audi, etc.) au Maroc. Vous assurez la réc",CDI,0
RH / Personnel / Formation                                                                 - Secteur Agroalimentaire,,,,"HR Business Partner – Talent & Culture. - CASABLANCA RH / Personnel / Formation                                                                 - Secteur Agroalimentaire Confirmé (5 à 10 ans) 1 poste(s) sur                                                                            Casablanca et région                                     - Maroc Bac +5 et plus 
                                     - Ecole de commerce Recherche de nouveauté Extraversion Besoin d'objectivité Besoin d'autonomie Implication au travail CDI Télétravail : Non Publiée il y a 3 jours sur ReKrute.com -
                                Postulez avant le 10/06/2026 J'aime Entreprise : Dans le cadre du renforcement de notre fonction Ressources Humaines, nous recrutons un(e) HR Business Partner – Talent & Culture. Poste : Rattaché(e) directeur des Ressources Humaines, vos principales responsabilités seront : Déployer et promouvoir la culture d’entreprise et les valeurs organisationnelles Accompagner les projets de transformation et de changement Accompagner les managers dans la gestion de leurs équipes (organisation, performance, engagement) Contribuer au développement des compétences (GPEC, Mobilité interne) Part",,CDI,5
Rejoignez Foundever en tant que Senior Operations Manager / Directeur des Opérations  Lisbonne,,,Rabat (Maroc),"1                        - 10 sur 18 10 25 Page 1 2 sur            
             2 Lancer 4K Rejoignez Foundever en tant que Senior Operations Manager / Directeur des Opérations  Lisbonne | Rabat (Maroc) Foundever recrute un Senior Operations Manager / Directeur des Opérations à Lisbonne. Vous piloterez la performance opérationnelle, assurerez l'atteinte des objectifs qualitatifs et quantitatifs, et développerez vos équipes. Une expérience confirmée en management d'opérations (BPO/relation client), un leadership reconnu et la maîtrise du français et de l'anglais sont requis. Publication : du 10/04/2026 au 10/06/2026 Secteur d'activité : Centre d'appels Fonction : Centre d'appels (métiers de) , Responsable de Département Expérience requise : Intermédiaire (3 à 5 ans) Niveau d'étude demandé : Bac +2 Type de contrat proposé : CDI - Télétravail : Non Lancer 4K Se necesita gestor de proyectos para nuestro proyecto internacional de vehículos Spanish speakers  Tanger | Tanger (Maroc) 1 Se busca Gestor de Proyectos para proyecto internacional de vehículos en Tánger. Será responsable de gestionar el rendimiento de los agentes, asegurar el cumplimiento de métricas y fomentar un entorno de al",Lancer 4K Rejoignez Foundever en tant que Senior Operations Manager / Directeur des Opérations  Lisbonne | Rabat (Maroc) Foundever recrute un Senior Operations Manager / Directeur des Opérations à Lisbonne. Vous piloterez la performance opérationnell,CDI,3
Gestion / Comptabilité / Finance                                                                 - Secteur Indifférent,,,,"Contrôleur de Gestion H/F - Mohammédia Gestion / Comptabilité / Finance                                                                 - Secteur Indifférent Intermédiaire (3 à 5 ans) 1 poste(s) sur                                                                            Casablanca et région                                     - Maroc Bac +5 et plus Minimum
                                     - Ecole de commerce Extraversion Travail en équipe Implication au travail CDI Télétravail : Non Publiée il y a 3 jours sur ReKrute.com -
                                Postulez avant le 10/06/2026 J'aime Entreprise : Dans le cadre de son développement, société spécialisée dans l’édition, filiale d'un grand groupe français, cherche un(e) Contrôleur(se) de gestion confirmé(e). Sous l’autorité du Directeur Administratif & financier, il/elle aura pour mission : • Le pilotage de la performance financière et opérationnelle de l’entreprise. Il/elle conçoit, déploie et anime les outils de contrôle de gestion, d’aide à la décision et de reporting afin d’assurer la maîtrise des coûts et la rentabilité de l’activité. • Le contrôle interne pour assurer l’élaboration et la conformité aux procédures. Po","confirmée et réussie en contrôle de gestion, audit et finance d’entreprise.",CDI,5
Analyste produit (H/F),,,Casablanca (Maroc),"1                        - 8 sur 8 Page 1 sur            
             1 Lancer 4K Analyste produit (H/F) | Casablanca (Maroc) 3 Nous recrutons un Analyste Produit (H/F) pour résoudre les écarts de stock et traiter les commandes clients et fournisseurs bloquées. Le candidat idéal possède une formation Bac+3/5 en logistique, une maîtrise parfaite d'Excel et de la langue française. Rejoignez un environnement international en croissance rapide et une équipe dynamique. Publication : du 10/04/2026 au 10/06/2026 |  Postes proposés: 1 Secteur d'activité : Transport / Messagerie / Logistique Fonction : Achats / Supply Chain , Administration des ventes / SAV Expérience requise : Junior (1 à 3 ans) Niveau d'étude demandé : Bac +3 Type de contrat proposé : CDI - Télétravail : Non Lancer 4K Frigoriste Francophone (H/F) | Casablanca (Maroc) 3 Frigoriste Francophone (H/F) recherché pour une société leader mondial du froid. Vos missions incluent le suivi des dossiers, le chiffrage technique, et l'interaction client. Formation Bac+2/3 en génie énergétique/climatique et un excellent niveau de français sont requis. Publication : du 09/04/2026 au 13/05/2026 |  Postes proposés: 2 Secteur d'activité : ",Lancer 4K Analyste produit (H/F) | Casablanca (Maroc) 3 Nous recrutons un Analyste Produit (H/F) pour résoudre les écarts de stock et traiter les commandes clients et fournisseurs bloquées. Le candidat idéal possède une formation Bac+3/5 en logistiqu,CDI,3
Commercial en assurance auto & habitation,ADM Value,Centre d'appels,Prime de bienvenue + CDI,"Emploi - ADM Value Entreprise: ADM Value Secteur: Centre d'appels Postes proposés: 141 Description: ADM VALUE, filiale du groupe TESSI, se positionne comme un leader incontesté dans le domaine de la relation et de l’expérience client. Avec une présence établie dans 8 pays et 18 sites de production stratégiquement répartis, nous nous engageons à offrir des solutions novatrices et de haute qualité qui rehaussent l’expérience client.

Notre impact:

Présent dans 8 pays, notre réseau mondial de 18 sites de production nous permet de répondre de manière agile aux besoins de nos clients... [+] ADM VALUE, filiale du groupe TESSI , se positionne comme un leader incontesté dans le domaine de la relation et de l’expérience client. Avec une présence établie dans 8 pays et 18 sites de production stratégiquement répartis, nous nous engageons à offrir des solutions novatrices et de haute qualité qui rehaussent l’expérience client. Notre impact: Présent dans 8 pays, notre réseau mondial de 18 sites de production nous permet de répondre de manière agile aux besoins de nos clients à l’échelle internationale. Collaborateurs dédiés : Forts d’une équipe de plus de 8000 collaborateurs passionnés et enga",Lancer 4K Commercial en assurance auto & habitation | Prime de bienvenue + CDI | Rabat (Maroc) 1 ADM Value recrute un Commercial en assurance auto & habitation en CDI à Casablanca avec une prime de bienvenue de 2000 DHS pour les expérimentés. Votre m,CDI,0
Marketing                                                                 - Secteur Internet / Multimédia,,,,"Product Manager (H/F) - Casablanca Marketing                                                                 - Secteur Internet / Multimédia Junior (1 à 3 ans) 1 poste(s) sur                                                                            Casablanca et région                                     - Maroc Bac +5 et plus Minimum Recherche de nouveauté Extraversion Ambition Flexibilité Organisation CDI Télétravail : Non Poste avec Management Publiée il y a 3 jours sur ReKrute.com -
                                Postulez avant le 11/05/2026 J'aime Entreprise : We are offering an exciting opportunity for a Product Manager  who will be responsible for: Poste : Design and production of online Sport & Fantasy Football products (web and mobile): definition of functional scope (game mechanics, scoring rules, leagues, challenges), page prototyping, expression of needs with a strong ROI component, etc. Enhancement and continuous improvement of existing Sport and Fantasy products (features, engagement mechanics, seasonal updates). Product development monitoring: coordination between project stakeholders (technical, graphic, data, animation / moderation, etc.) and functional teams. Su","or strong interest in user acquisition, engagement and digital marketing strategies.",CDI,5
Marketing                                                                 - Secteur Internet / Multimédia,,,,"Business operations officer (H/F) - Casablanca Marketing                                                                 - Secteur Internet / Multimédia Débutant (-1 an) 1 poste(s) sur                                                                            Casablanca et région                                     - Maroc Bac +5 et plus Minimum Recherche de nouveauté Extraversion Ambition Flexibilité Organisation CDI Télétravail : Non Poste avec Management Publiée il y a 3 jours sur ReKrute.com -
                                Postulez avant le 11/05/2026 J'aime Entreprise : We are offering an exciting opportunity for a Business Operations Officer who will be mobile across the english Africa region and will be responsible for: Poste : Coordinating the implementation of technical connections with telecom operators Continuously benchmarking to launch new markets and products Working closely with Marketing and Technical teams to ensure timely product and market launches Managing the operational activities of one or several countries (service launches, connections, and optimizations) Collaborating intensively with various subsidiaries of the Group Preparing monthly reports on the act",,CDI,5
Méthodes / Process / Industrialisation- Travaux / Chantiers / BTP- Secteur BTP / Génie Civil,,,,"Technicien BTP AUTOCAD - Casablanca Méthodes / Process / Industrialisation - Travaux / Chantiers / BTP - Secteur BTP / Génie Civil Intermédiaire (3 à 5 ans) 2 poste(s) sur                                                                            Casablanca et région                                     - Maroc Bac +3 Minimum
                                     - Formation professionnelle                                     - Formation spécialisée Recherche de nouveauté Respect des règles Ténacité Besoin de réflexion Implication au travail Organisation CDI Télétravail : Non Publiée il y a 4 jours sur ReKrute.com -
                                Postulez avant le 06/05/2026 J'aime Entreprise : Pour le compte de l’un de nos clients, cabinet intervenant dans les études techniques et l’expertise dans le domaine du BTP, nous recrutons un Technicien BTP maîtrisant le logiciel AutoCAD afin de renforcer l’équipe technique. Poste : En tant que Technicien BTP AUTOCAD , vous serez amené à : Réaliser le dessin de tout type de construction. Effectuer les métrés des surfaces et volumes. Rédiger les descriptifs techniques des constructions. Effectuer des déplacements et visites sur sites pour le",,CDI,5
ExeKutiveDirecteur des Opérations en charge de la restauration,Es Saadi Marrakech Resort,Hôtellerie / Restauration,Marrakech (Maroc),"Emploi - Es Saadi Marrakech Resort Entreprise: Es Saadi Marrakech Resort Secteur: Hôtellerie / Restauration Postes proposés: 16 Description: Situé au coeur du prestigieux quartier de l'Hivernage, le Es Saadi Marrakech Resort incarne l'élégance et le raffinement à la marocaine.

Le complexe s'étale sur 9 hectares de parc luxuriant et se compose d'un hôtel 5 étoiles de 149 chambres. Ouvert depuis 1966, Es Saadi dispose également d'un somptueux Palace abritant 81 suites, ainsi que de 10 villas privées et 8 ksars au charme authentique. Le Resort propose enfin 13 restaurants et bars, deux Spas dont l'un signé Dior, et un pôle... [+] Situé au coeur du prestigieux quartier de l'Hivernage, le Es Saadi Marrakech Resort incarne l'élégance et le raffinement à la marocaine. Le complexe s'étale sur 9 hectares de parc luxuriant et se compose d'un hôtel 5 étoiles de 149 chambres. Ouvert depuis 1966, Es Saadi dispose également d'un somptueux Palace abritant 81 suites, ainsi que de 10 villas privées et 8 ksars au charme authentique. Le Resort propose enfin 13 restaurants et bars, deux Spas dont l'un signé Dior, et un pôle Entertainment. Le Es Saadi Marrakech Resort s'impose comme une référence inco","Lancer 4K ExeKutive Directeur des Opérations en charge de la restauration | Marrakech (Maroc) 1 Le Es Saadi Marrakech Resort recherche un Directeur des Opérations en Restauration pour piloter la stratégie, optimiser la rentabilité et garantir une exp",CDI,6
Inspecteur commercial sédentaire,,,Casablanca (Maroc),"1                        - 10 sur 12 10 25 Page 1 2 sur            
             2 Lancer 4K Inspecteur commercial sédentaire | Casablanca (Maroc) 1 HEOMI, acteur majeur du courtage en assurances, recherche un Commercial Senior Grands Comptes F/H. Votre mission sera de développer et fidéliser un portefeuille de courtiers partenaires, en promouvant nos solutions d'assurance. Vous devez avoir une formation Bac+5, d'excellentes compétences commerciales et relationnelles, ainsi qu'une expérience en assurance. Publication : du 09/04/2026 au 03/06/2026 |  Postes proposés: 1 Secteur d'activité : Centre d'appels Fonction : Assurance (métiers de l') , Commercial / Vente / Export Expérience requise : Intermédiaire (3 à 5 ans) Niveau d'étude demandé : Bac +3 Type de contrat proposé : CDI - Télétravail : Non Lancer 4K Chargé d'affaires - Commercial grands comptes F/H | Casablanca (Maroc) 6 HEOMI recherche un Inspecteur Commercial sédentaire H/F pour développer et fidéliser un portefeuille de courtiers. Vous serez en charge de recruter des partenaires, déployer la stratégie commerciale et promouvoir les produits d'assurance. Profil recherché : Bac+2 à Bac+5 avec minimum 2 ans d'expérience comme","Lancer 4K Inspecteur commercial sédentaire | Casablanca (Maroc) 1 HEOMI, acteur majeur du courtage en assurances, recherche un Commercial Senior Grands Comptes F/H. Votre mission sera de développer et fidéliser un portefeuille de courtiers partenaire",CDI,1
Kinésithérapeute,APEE - Association pour la Promotion de l’Enseignement d’Excellence,Enseignement / Formation,Rabat (Maroc),"Emploi - APEE - Association pour la Promotion de l’Enseignement d’Excellence Entreprise: APEE - Association pour la Promotion de l’Enseignement d’Excellence Secteur: Enseignement / Formation Postes proposés: 2 Description: L'Association pour la Promotion de l’Enseignement d’Excellence « APEE », Association à but non lucratif reconnue d’utilité publique, structure de gestion du « Lycée Mohammed VI d’Excellence » et du « Lycée d'Excellence de Rabat », a pour mission d’assurer la promotion d’un enseignement d’excellence au profit d’élèves marocains issus de la diversité sociale et de favoriser l’accès aux grandes écoles et aux... [+] L'Association pour la Promotion de l’Enseignement d’Excellence « APEE » , Association à but non lucratif reconnue d’utilité publique, structure de gestion du « Lycée Mohammed VI d’Excellence » et du « Lycée d'Excellence de Rabat » , a pour mission d’assurer la promotion d’un enseignement d’excellence au profit d’élèves marocains issus de la diversité sociale et de favoriser l’accès aux grandes écoles et aux universités prestigieuses à l'échelle nationale et internationale. [-] Suivre 1                        - 2 sur 2 Page 1 sur            
             1","Lancer 4K Kinésithérapeute | Rabat (Maroc) 6 Lycée d'Excellence de Rabat recherche un Kinésithérapeute spécialisé en sport de haut niveau pour assurer la prévention, le traitement et la réhabilitation des blessures des élèves sportifs. Le poste requi",CDI,0
Administrateur Système SharePoint,DXC - CDG,Informatique,Technopolis (Maroc),"Emploi - DXC - CDG Entreprise: DXC - CDG Secteur: Informatique Postes proposés: 60 Description: DXC Technology est née en avril 2017 d'une fusion entre CSC (Computer Sciences Corporation), Géant du Conseil et HP Enterprise Services, Leader en Services IT.

Le Groupe DXC enregistre 25 milliards $ de revenus, bénéficie de 60 ans d’expérience et emploie 170.000 collaborateurs dans plus de 70 pays qui servent plus de 6000 clients.

DXC Technology au Maroc, implantée depuis 2007, est une joint-venture entre DXC Technology, leader mondial des services d'intégration & d'infogérance et le Groupe CDG ( Caisse de... [+] DXC Technology est née en avril 2017 d'une fusion entre CSC (Computer Sciences Corporation), Géant du Conseil et HP Enterprise Services, Leader en Services IT. Le Groupe DXC enregistre 25 milliards $ de revenus, bénéficie de 60 ans d’expérience et emploie 170.000 collaborateurs dans plus de 70 pays qui servent plus de 6000 clients. DXC Technology au Maroc, implantée depuis 2007, est une joint-venture entre DXC Technology , leader mondial des services d'intégration & d'infogérance et le Groupe CDG ( Caisse de Dépôt et de Gestion). Avec 1200 collaborateurs répartis sur 2 sites ",Lancer 4K Administrateur Système SharePoint | Technopolis (Maroc) 1 DXC Technology recherche un Administrateur Système SharePoint expérimenté pour gérer et faire évoluer les plateformes SharePoint et Windows Server. Le poste requiert une expertise en,CDI,0
Assistante de Direction,Moore Casablanca,Comptabilité / Audit,Casablanca (Maroc),"Emploi - Moore Casablanca Entreprise: Moore Casablanca Secteur: Comptabilité / Audit Postes proposés: 20 Description: Nous sommes un cabinet d'audit, d’expertise comptable et de conseil, inscrit au tableau de l’Ordre des Experts Comptables du Maroc et membre du réseau Moore Stephens International.

Notre activité s'articule principalement autour du contrôle légal des sociétés, des missions d'audit contractuel, de supervision comptable, de conseil juridique et fiscal.

Nous intervenons également sur des missions à forte valeur ajoutée telles que l'audit d'acquisition, le conseil financier et le conseil en... [+] Nous sommes un cabinet d'audit, d’expertise comptable et de conseil , inscrit au tableau de l’Ordre des Experts Comptables du Maroc et membre du réseau Moore Stephens International. Notre activité s'articule principalement autour du contrôle légal des sociétés, des missions d'audit contractuel, de supervision comptable, de conseil juridique et fiscal. Nous intervenons également sur des missions à forte valeur ajoutée telles que l 'audit d'acquisition, le conseil financier et le conseil en organisation. [-] Suivre 1                        - 10 sur 17 10 25 Page 1 2 sur       ","Lancer 4K Assistante de Direction | Casablanca (Maroc) 4 Cabinet d'audit et de conseil recherche une Assistante de Direction basée au Maroc pour un projet France. Vos missions incluront le support administratif, la gestion d'agenda et la coordination",CDI,2
Juriste,,,Rabat (Maroc),"1                        - 4 sur 4 Page 1 sur            
             1 Lancer 4K Juriste | Rabat (Maroc) 1 SOGEA Maroc recherche un Juriste pour gérer les risques juridiques et sécuriser les actions de l'entreprise, de la phase d'appel d'offres à la clôture des contrats. Vous serez responsable de l'assistance juridique interne, de la rédaction et l'analyse de contrats, et de la gestion contractuelle quotidienne. Titulaire d'un Master en droit et doté d'une solide maîtrise de la gestion contractuelle, vous possédez rigueur, esprit d'analyse et excellentes compétences en communication. Publication : du 09/04/2026 au 09/06/2026 |  Postes proposés: 1 Secteur d'activité : BTP / Génie Civil Fonction : Avocat / Juriste / Fiscaliste Expérience requise : Intermédiaire (3 à 5 ans) Niveau d'étude demandé : Bac +5 et plus Type de contrat proposé : CDI - Télétravail : Non Lancer 4K Contrôleur de gestion ( H/F) | Ain Atiq (Maroc) 4 SOGEA Maroc recrute un Contrôleur de Gestion (H/F) pour suivre et contrôler les coûts de chantier, élaborer les budgets et analyser la rentabilité. Vous serez responsable du suivi des dépenses, de la validation des factures, de la mise en place d'outils de reporting","Lancer 4K Juriste | Rabat (Maroc) 1 SOGEA Maroc recherche un Juriste pour gérer les risques juridiques et sécuriser les actions de l'entreprise, de la phase d'appel d'offres à la clôture des contrats. Vous serez responsable de l'assistance juridique ",CDI,3
Responsable Administration RH,Domino HR Morocco,Autres services,Kénitra (Maroc),"Emploi - Domino HR Morocco Entreprise: Domino HR Morocco Secteur: Autres services Postes proposés: 30 Description: DOMINO RH propose l’ensemble des services RH (intérim, recrutement, conseil, formation, portage, management de transition, évaluation) via ses filiales dédiées. Spécialisé dans chaque domaine du marché (Tertiaire, BTP, logistique, industrie), sa branche médico-sociale est leader national dans le secteur social. Actuellement présent dans 5 pays, son développement international est en forte évolution.

La valorisation de chaque personne est la vocation première de DOMINO RH. Au-delà des mots, le... [+] DOMINO RH propose l’ensemble des services RH (intérim, recrutement, conseil, formation, portage, management de transition, évaluation) via ses filiales dédiées. Spécialisé dans chaque domaine du marché (Tertiaire, BTP, logistique, industrie), sa branche médico-sociale est leader national dans le secteur social. Actuellement présent dans 5 pays, son développement international est en forte évolution. La valorisation de chaque personne est la vocation première de DOMINO RH . Au-delà des mots, le groupe encourage les comportements et initiatives permettant d’établir une confi","Lancer 4K Responsable Administration RH | Kénitra (Maroc) 1 DOMINO RH recrute un Responsable Administration RH à Kénitra pour un client. Le poste consiste à piloter la fonction RH, superviser la paie, la gestion administrative et les relations social",CDI,0
Conseiller Client (F/H) - Service client - Marrakech - Allemand,Concentrix,Centre d'appels,Marrakech (Maroc),"Emploi - Concentrix Entreprise: Concentrix Secteur: Centre d'appels Postes proposés: 282 Description: Nous sommes un leader mondial en matière de technologie et de services qui propulse les marques du futur. Nous aidons des marques connues – celles que vous utilisez quotidiennement – à améliorer leurs activités grâce à la technologie et à des solutions intégrées, dans plus de 70 pays. Dans tout ce que nous faisons, nous croyons qu'il faut agir correctement par et pour les gens : nos acteurs qui changent la donne, nos clients et leurs clients, notre communauté, notre planète. Découvrez la... [+] Nous sommes un leader mondial en matière de technologie et de services qui propulse les marques du futur. Nous aidons des marques connues – celles que vous utilisez quotidiennement – à améliorer leurs activités grâce à la technologie et à des solutions intégrées, dans plus de 70 pays. Dans tout ce que nous faisons, nous croyons qu'il faut agir correctement par et pour les gens : nos acteurs qui changent la donne, nos clients et leurs clients, notre communauté, notre planète. Découvrez la puissance de Concentrix. Découvrez l’interview complète de Fairouz Oulad, People Solutions Director et Ke","Lancer 4K Conseiller Client (F/H) - Service client - Marrakech - Allemand | Marrakech (Maroc) 2 Conseiller Client (H/F) bilingue allemand recherché à Marrakech. Votre rôle sera de répondre aux besoins des clients par téléphone, email ou chat, de réso",,0
Traffic Manager (H/F),ADVERWEB,Communication / Evénementiel,Casablanca (Maroc),"Emploi - ADVERWEB Entreprise: ADVERWEB Secteur: Communication / Evénementiel Postes proposés: 1 Description: ADVERWEB DIGITAL & I.A. est une agence de communication digitale spécialisée dans le conseil stratégique et la mise en place de solutions digitales sur mesure, combinant des mix-médias performants pour aider les marques à atteindre leurs objectifs de visibilité et de conversion. Forte de plus de 10 ans d’expérience, l’agence accompagne ses clients dans leur croissance aussi bien online qu’offline.

Elle s’appuie sur une équipe d’une vingtaine de collaborateurs multi-experts, passionnés par... [+] ADVERWEB DIGITAL & I.A. est une agence de communication digitale spécialisée dans le conseil stratégique et la mise en place de solutions digitales sur mesure, combinant des mix-médias performants pour aider les marques à atteindre leurs objectifs de visibilité et de conversion. Forte de plus de 10 ans d’expérience, l’agence accompagne ses clients dans leur croissance aussi bien online qu’offline. Elle s’appuie sur une équipe d’une vingtaine de collaborateurs multi-experts, passionnés par le digital et animés par une forte culture de la performance, de l’innovation et des résultats.","Lancer 4K Traffic Manager (H/F) | Casablanca (Maroc) 2 ADVERWEB DIGITAL & I.A. recherche un Traffic Manager expérimenté (H/F) pour gérer et optimiser les campagnes digitales de ses clients. Vous définirez des stratégies innovantes, analyserez les per",CDI,0
Ingénieur d’État Chargé d’Affaires en Génie Civil,OTS - Office Of Technical Study,Conseil / Etudes,Maroc (Maroc),"Emploi - OTS - Office Of Technical Study Entreprise: OTS - Office Of Technical Study Secteur: Conseil / Etudes Postes proposés: 2 Description: Chez OTS – Office of Technical Study, nous croyons que l'excellence technique naît de la pluridisciplinarité. Bureau d'études spécialisé en génie civil et bâtiment, nous intervenons sur l'ensemble du cycle de vie des projets : de la conception structurelle et des études d'exécution jusqu'à la coordination de chantier et l'assistance à la maîtrise d'ouvrage.

Nos équipes d'ingénieurs et de techniciens, outillées des dernières technologies —... [+] Chez OTS – Office of Technical Study, nous croyons que l'excellence technique naît de la pluridisciplinarité. Bureau d'études spécialisé en génie civil et bâtiment, nous intervenons sur l'ensemble du cycle de vie des projets : de la conception structurelle et des études d'exécution jusqu'à la coordination de chantier et l'assistance à la maîtrise d'ouvrage. Nos équipes d'ingénieurs et de techniciens, outillées des dernières technologies — BIM, GED, stations de travail haute performance — opèrent sur des projets variés et ambitieux dans les domaines du bâtiment, des infrastructures de transport, de l","Lancer 4K Ingénieur d’État Chargé d’Affaires en Génie Civil | Maroc (Maroc) 2 Nous recrutons un Ingénieur d’État Chargé d’Affaires en Génie Civil expérimenté (min. 10 ans) pour notre bureau d'études. Vous piloterez des projets variés, gérerez la rela",CDI,0
Java Full Stack Developer (H/F),AFD.Tech,Informatique,RABAT (Maroc),"Emploi - AFD.Tech Entreprise: AFD.Tech Secteur: Informatique Postes proposés: 1 Description: AFD.TECH part of Accenture, spécialiste du conseil en IT et Télécommunications, a rejoint le groupe Accenture en 2022. Accenture est le Leader mondial des services aux entreprises et administrations, avec une expertise de pointe dans les domaines du numérique, du cloud, et de la sécurité. C’est aussi une communauté de plus de 730 000 talents et une mission commune : réaliser la promesse technologique alliée à l’ingéniosité humaine. 

En 2025, AFD.Tech, filiale d’Accenture, regroupe plus... [+] AFD.TECH part of Accenture, spécialiste du conseil en IT et Télécommunications, a rejoint le groupe Accenture en 2022. Accenture est le Leader mondial des services aux entreprises et administrations, avec une expertise de pointe dans les domaines du numérique, du cloud, et de la sécurité. C’est aussi une communauté de plus de 730 000 talents et une mission commune : réaliser la promesse technologique alliée à l’ingéniosité humaine. En 2025, AFD.Tech, filiale d’Accenture, regroupe plus de 2000 talents répartis dans 3 pays (France, Belgique et Maroc), pour un chiffre d’affaires annuel de plus de 130M€. ","Lancer 4K Java Full Stack Developer (H/F) | RABAT (Maroc) 1 AFD.Tech part of Accenture recherche un Développeur Java Full Stack (H/F) pour concevoir, développer et supporter des applications Java. Vous interviendrez sur le support L3, la gestion des ",CDI,0
Administration des Ventes - ADV (H/F),Sol30,Centre d'appels,Casablanca (Maroc),"Emploi - Sol30 Entreprise: Sol30 Secteur: Centre d'appels Postes proposés: 6 Description: Le Groupe Solutions30 est le partenaire privilégié des entreprises pour la mise en œuvre des nouvelles technologies numériques en Europe et pour l’assistance aux utilisateurs. Leader européen du marché, le Groupe réalise plus de 80 000 interventions par jour grâce à ses 15 000 techniciens et experts, qui accompagnent nos clients pour faire l’expérience d’un monde numérique et connecté.

Présente au Maroc depuis 2011 et implantée au cœur de Casablanca, Sol30 Maroc est au... [+] Le Groupe Solutions30 est le partenaire privilégié des entreprises pour la mise en œuvre des nouvelles technologies numériques en Europe et pour l’assistance aux utilisateurs. Leader européen du marché, le Groupe réalise plus de 80 000 interventions par jour grâce à ses 15 000 techniciens et experts , qui accompagnent nos clients pour faire l’expérience d’un monde numérique et connecté. Présente au Maroc depuis 2011 et implantée au cœur de Casablanca , Sol30 Maroc est au cœur du dispositif du Groupe en Afrique du Nord. La filiale joue un rôle clé dans : La conduite d’activités techniques. Le service client pour les entre","Lancer 4K Administration des Ventes - ADV (H/F) | Casablanca (Maroc) 8 Rejoignez Solutions30 à Casablanca en tant qu'Administrateur des Ventes (H/F) pour gérer administrativement les commandes, assurer le suivi des livraisons et maintenir une relatio",CDI,0
Achats / Supply Chain                                                                 - Secteur BTP / Génie Civil,,,,"Responsable Achat - Marrakech Achats / Supply Chain                                                                 - Secteur BTP / Génie Civil Confirmé (5 à 10 ans) 1 poste(s) sur                                                                            Marrakech et région                                     - Maroc Bac +3 Minimum
                                     - Licence Recherche de nouveauté Respect des règles Distance émotionnelle Rationalisme Besoin d'action CDI Télétravail : Non Publiée il y a 4 jours sur ReKrute.com -
                                Postulez avant le 09/06/2026 J'aime Entreprise : ATM Développement est une société de BTP basée à Marrakech, spécialisée dans les travaux de génie civil et de bâtiment. Nous accompagnons nos clients dans la réalisation de leurs projets avec professionnalisme, respect des délais et maîtrise des coûts, en garantissant une qualité conforme aux normes en vigueur. Poste : Au sein des chantiers d’ATM DÉVELOPPEMENT, le Responsable Achats endosse les responsabilités suivantes : Accompagner les responsables, conducteurs des travaux et Chefs Chantiers dans la planification et la gestion de l’approvisionnement des projets Garantir le","terrain dans le BTP : un must (conducteur de travaux, chef de chantier, approvisionneur terrain, métreur ou technicien)",CDI,5
Assistanat de Direction / Services Généraux- Hôtellerie / Restauration (métiers de)- Secteur Hôtellerie / Restauration								- Service public / Administration,,,,"Agent d'accueil / Réception - Casablanca Assistanat de Direction / Services Généraux - Hôtellerie / Restauration (métiers de) - Secteur Hôtellerie / Restauration								- Service public / Administration Junior (1 à 3 ans)                                     - Intermédiaire (3 à 5 ans) 1 poste(s) sur                                                                            Casablanca et région                                     - Maroc Bac +2 Minimum Respect des règles Distance émotionnelle Rationalisme Travail en équipe Besoin d'objectivité Flexibilité Implication au travail Organisation CDI Télétravail : Non Publiée il y a 4 jours sur ReKrute.com -
                                Postulez avant le 09/06/2026 J'aime Entreprise : Une grande entreprise leader dans son secteur, recrute un Agent d'accueil / Réception . Poste : Rattaché au Responsable des moyens généraux , vos tâches sont les suivantes: Accueillir et orienter les visiteurs, les clients et les fournisseurs ; Contrôler l'accès au site en vérifiant l’identité des visiteurs ; Répondre au téléphone, informer et rediriger les personnes appelantes ; Tenir informer la direction générale sur les irrégularités constatées ; Gére",,CDI,5
Equity Strategist,Société générale Africa Technologies & Services -SG ATS,Banque / Finance,Casablanca (Maroc),"Emploi - Société générale Africa Technologies & Services -SG ATS Entreprise: Société générale Africa Technologies & Services -SG ATS Secteur: Banque / Finance Description: Rejoignez SG ATS, le centre multi-expertises du Groupe Société Générale en Afrique !

Depuis 2014, nous développons à Casablanca des solutions innovantes pour soutenir les activités du Groupe à l’international. Avec 500 talents passionnés, nous intervenons sur des projets stratégiques en finance, risques, conformité et marchés, en collaboration directe avec les équipes en Europe, aux États-Unis et en Asie.

Chez SG ATS, vous évoluez dans un environnement dynamique, multiculturel... [+] Rejoignez SG ATS , le centre multi-expertises du Groupe Société Générale en Afrique ! Depuis 2014, nous développons à Casablanca des solutions innovantes pour soutenir les activités du Groupe à l’international. Avec 500 talents passionnés, nous intervenons sur des projets stratégiques en finance, risques, conformité et marchés, en collaboration directe avec les équipes en Europe, aux États-Unis et en Asie. Chez SG ATS, vous évoluez dans un environnement dynamique, multiculturel et tourné vers l’innovation. Envie de faire partie de ","Lancer 4K Equity Strategist | Casablanca (Maroc) 3 SG ATS, élu Meilleur Employeur 2025 - Maroc, recherche un Equity Strategist basé à Casablanca. Vos missions incluront le développement de recherches originales, la création et maintenance de modèles ",CDI,0
Chargé(e) de Facturation & Livairson,,,Agadir (Maroc),"1                        - 10 sur 10 10 Page 1 sur            
             1 Lancer 4K Chargé(e) de Facturation & Livairson | Agadir (Maroc) 3 Auto Nejma recrute un(e) Chargé(e) de Facturation & Livraison pour gérer les dossiers de livraison, le suivi administratif et comptable, ainsi que l'immatriculation des véhicules. Vous assurerez une expérience client de qualité et une validation des factures PDR/SAV. Un Bac+3/4 en gestion/comptabilité et une expérience en administration/facturation sont requis, ainsi que rigueur et sens du service. Publication : du 09/04/2026 au 09/06/2026 Secteur d'activité : Automobile / Motos / Cycles Fonction : Gestion / Comptabilité / Finance Expérience requise : Intermédiaire (3 à 5 ans) Niveau d'étude demandé : Bac +3 Type de contrat proposé : CDI - Télétravail : Non Lancer 4K Conseiller(e) Commercial(e) | Agadir (Maroc) 4 Auto Nejma recrute un Conseiller(e) Commercial(e) pour développer et fidéliser une clientèle premium, en proposant des véhicules, financements et services associés. Vous contribuerez à atteindre les objectifs commerciaux et au renforcement de la présence de la marque. Un Bac+5 en commerce/vente, avec une expérience dans l'automobil","Lancer 4K Chargé(e) de Facturation & Livairson | Agadir (Maroc) 3 Auto Nejma recrute un(e) Chargé(e) de Facturation & Livraison pour gérer les dossiers de livraison, le suivi administratif et comptable, ainsi que l'immatriculation des véhicules. Vous",CDI,3
BUSINESS ADMINSTRATOR (ADV / FACTURATION – OTC),SGS Maroc SA,Conseil / Etudes,Mohammédia (Maroc),"Emploi - SGS Maroc SA Entreprise: SGS Maroc SA Secteur: Conseil / Etudes Postes proposés: 9 Description: SGS Maroc est la filiale marocaine de la multinationale suisse SGS S.A, est le leader mondial de l’inspection, du contrôle, de l’analyse et de la certification. Employant plus de 96 000 personnes, SGS exploite plus de 2 700 bureaux et laboratoires à travers le monde.

Fondée en 1951, SGS Maroc propose des services qui couvrent l’inspection, la vérification, l'analyse de la qualité des produits, ainsi que les tests de performance selon des normes qui visent à protéger la santé, la sécurité des... [+] SGS Maroc est la filiale marocaine de la multinationale suisse SGS S.A , est le leader mondial de l’inspection, du contrôle, de l’analyse et de la certification. Employant plus de 96 000 personnes, SGS exploite plus de 2 700 bureaux et laboratoires à travers le monde. Fondée en 1951, SGS Maroc propose des services qui couvrent l’inspection, la vérification, l'analyse de la qualité des produits, ainsi que les tests de performance selon des normes qui visent à protéger la santé, la sécurité des consommateurs, et préserver l’environnement. Les services SGS Maroc se déclinent tout au lon","Lancer 4K BUSINESS ADMINSTRATOR (ADV / FACTURATION – OTC) | Mohammédia (Maroc) 8 SGS Maroc recrute un Business Administrator (ADV / Facturation – OTC) pour gérer le processus Order-to-Cash de bout en bout. Vous assurerez le suivi des prestations, la ",CDI,0
Comptable,Beauty Tech,Cosmétique / Parfumerie / Luxe,Casablanca (Maroc),"Emploi - Beauty Tech Entreprise: Beauty Tech Secteur: Cosmétique / Parfumerie / Luxe Postes proposés: 2 Description: Beauty Tech est une entreprise spécialisée dans les produits cosmétiques, présente sur le marché marocain depuis plus de 10 ans. En misant sur l’excellence, nous avons établi des partenariats avec plusieurs marques de renommée internationale. Aujourd’hui, nous représentons plus de 10 marques destinées aux secteurs professionnels de la beauté et du para-pharmaceutique. Dans le cadre de notre expansion au Maroc et à l’international, nous recrutons pour plusieurs postes afin de soutenir notre... [+] Beauty Tech est une entreprise spécialisée dans les produits cosmétiques, présente sur le marché marocain depuis plus de 10 ans. En misant sur l’excellence, nous avons établi des partenariats avec plusieurs marques de renommée internationale. Aujourd’hui, nous représentons plus de 10 marques destinées aux secteurs professionnels de la beauté et du para-pharmaceutique. Dans le cadre de notre expansion au Maroc et à l’international, nous recrutons pour plusieurs postes afin de soutenir notre développement et concrétiser nos ambitions. [-] Suivre 1                        - 2 su","Lancer 4K Comptable | Casablanca (Maroc) 5 Beauty Tech recherche un(e) Comptable expérimenté(e) pour son site de Casablanca. Vous assurerez la tenue des livres comptables, la préparation des états financiers et participerez aux clôtures. Profil Bac +",CDD,0
Assistante de direction,Cabinet Focus RH,Recrutement / Intérim,Casablanca (Maroc),"Emploi - Cabinet Focus RH Entreprise: Cabinet Focus RH Secteur: Recrutement / Intérim Postes proposés: 3 Description: Focus RH est créé depuis 2006 et engagé auprès d’organisations privées et publiques pour un accompagnement sur mesure dans leur développement évolutif et performatif et en référence à des valeurs d’Engagement, d’Exigence d’Equité via les processus de : 


	Recrutement, Evaluation psycho professionnelle, Assessment Center, Gestion des concours. 
	Formation et perfectionnement des compétences métiers et transversales ou soft skills en faveurs de leurs managers de... [+] Focus RH est créé depuis 2006 et engagé auprès d’organisations privées et publiques pour un accompagnement sur mesure dans leur développement évolutif et performatif et en référence à des valeurs d ’Engagement, d’Exigence d’Equité via les processus de : Recrutement, Evaluation psycho professionnelle, Assessment Center, Gestion des concours. Formation et perfectionnement des compétences métiers et transversales ou soft skills en faveurs de leurs managers de proximité et Top Managers. Coaching des Top Managers et Dirigeants. Conseil et implémentation des outils RH. Etudes et interventions psychosociologi","Lancer 4K Assistante de direction | Casablanca (Maroc) 2 Casablanca Open Space recherche une ASSISTANTE de DIRECTION à Casablanca pour soutenir l'équipe dirigeante dans les opérations quotidiennes. Vos missions incluront la gestion d'agenda, la commu",CDI,0
Ingénieur Procédés industriels,Lesieur Cristal,Agroalimentaire,Casablanca (Maroc),"Emploi - Lesieur Cristal Entreprise: Lesieur Cristal Secteur: Agroalimentaire Postes proposés: 3 Description: Pionnier au Maroc et acteur de référence agro-industriel régional, Lesieur Cristal accompagne depuis près de 80 ans la modernisation des filières oléicole et oléagineuse au Maroc.

L’entreprise se positionne également comme le levier de développement du groupe Avril sur le continent africain, capitalisant sur son savoir-faire historique afin de valoriser de nombreuses opportunités de croissance dans le domaine des produits de grande consommation.

Intervenant de la graine jusqu’au produit final, Lesieur... [+] Pionnier au Maroc et acteur de référence agro-industriel régional, Lesieur Cristal accompagne depuis près de 80 ans la modernisation des filières oléicole et oléagineuse au Maroc. L’entreprise se positionne également comme le levier de développement du groupe Avril sur le continent africain, capitalisant sur son savoir-faire historique afin de valoriser de nombreuses opportunités de croissance dans le domaine des produits de grande consommation. Intervenant de la graine jusqu’au produit final, Lesieur Cristal dispose d’un dispositif industriel puissant : trois sites d","Lancer 4K Ingénieur Procédés industriels | Casablanca (Maroc) 1 Nous recrutons un Ingénieur Procédés industriels expérimenté (minimum 5 ans) pour superviser la prévention des risques industriels sur tous nos sites au Maroc, basé à Casablanca avec dép",CDI,0
Assurance (métiers de l')- Banque (métiers de la)- Secteur Assurance / Courtage								- Banque / Finance,,,,"Comptable Technique - Casablanca Assurance (métiers de l') - Banque (métiers de la) - Secteur Assurance / Courtage								- Banque / Finance Intermédiaire (3 à 5 ans) 1 poste(s) sur                                                                            Casablanca et région                                     - Maroc Bac +5 et plus Minimum
                                     - Ecole d'ingénieur                                     - Ecole de commerce Conventionnel Volonté de persuasion Rationalisme Flexibilité Besoin d'autonomie Implication au travail Organisation CDI Télétravail : Non Publiée il y a 5 jours sur ReKrute.com -
                                Postulez avant le 08/06/2026 J'aime Entreprise : Acteur de référence dans le secteur des assurances au Maroc, notre compagnie œuvre depuis plusieurs années pour offrir des solutions d’assurance et de réassurance innovantes, fiables et adaptées aux besoins de nos clients Poste : Assurer la gestion du dossier financier et statistique Garantir la fiabilité des données comptables techniques Suivre et analyser les opérations liées à la comptabilité des assurances Participer à l’élaboration des reportings financiers Veiller au resp",,CDI,5
Audit / Conseil- Gestion / Comptabilité / Finance- Secteur BTP / Génie Civil								- Import / Export / Négoce,,,,"Contrôleur de Gestion industriel  H/F - Meknès Audit / Conseil - Gestion / Comptabilité / Finance - Secteur BTP / Génie Civil								- Import / Export / Négoce Junior (1 à 3 ans) 1 poste(s) sur                                                                            Meknès et région                                     - Maroc Bac +3 Minimum
                                     - Master Respect des règles Conventionnel Besoin de réflexion Organisation CDI Télétravail : Non Publiée il y a 5 jours sur ReKrute.com -
                                Postulez avant le 01/06/2026 J'aime Entreprise : Groupe industriel et commercial d'envergure nationale, reconnu pour son expertise dans divers secteurs stratégiques, recherche à renforcer ses équipes dans le cadre de son développement continu. Fort d'une présence établie sur le marché marocain, le groupe se distingue par son engagement envers l'excellence, l'innovation et la durabilité. Nous offrons un environnement stimulant, propice à l'évolution professionnelle, au sein d'une structure valorisant la performance et la collaboration. Poste : Vous recherchez un poste stimulant dans un secteur dynamique ? Rejoignez notre entreprise leader da",s professionnelles dans un poste similaire : 3 ans ou plus.,CDI,5
Lead Executive,Leyton,Conseil / Etudes,CASABLANCA (Maroc),"Emploi - Leyton Entreprise: Leyton Secteur: Conseil / Etudes Postes proposés: 4 Description: Leyton est un cabinet de conseil international dédié à l’amélioration des performances économiques, sociales et environnementales des organisations. Ses consultants et experts techniques apportent des solutions concrètes qui contribuent au progrès durable de ses clients. Le Groupe compte plus de 3000 collaborateurs répartis dans 16 pays.

Au Maroc, Leyton compte plus de 800 collaborateurs et se distingue par un positionnement singulier et à forte valeur ajoutée sur des métiers de conseil en financement de... [+] Leyton est un cabinet de conseil international dédié à l’amélioration des performances économiques, sociales et environnementales des organisations. Ses consultants et experts techniques apportent des solutions concrètes qui contribuent au progrès durable de ses clients. Le Groupe compte plus de 3000 collaborateurs répartis dans 16 pays. Au Maroc, Leyton compte plus de 800 collaborateurs et se distingue par un positionnement singulier et à forte valeur ajoutée sur des métiers de conseil en financement de l’innovation, en transition écologique et en amélioration de la performance opé","Lancer 4K Lead Executive | CASABLANCA (Maroc) 2 Leyton, cabinet de conseil international, recrute un Lead Executive pour son bureau au Maroc. Vos missions incluront l'analyse de leads, le contact prospect/client pour identifier leurs besoins, et l'an",CDI,0
Agents Opérations,Atlas Multiservices,Aéronautique / Spatial,CASABLANCA (Maroc),"Emploi - Atlas Multiservices Entreprise: Atlas Multiservices Secteur: Aéronautique / Spatial Postes proposés: 22 Description: Atlas Multiservices, filiale du groupe Royal Air Maroc, accompagne le développement des talents dans les métiers de l’industrie aérienne. Forte de son ancrage au sein d’un grand groupe national, elle offre aux candidats de véritables opportunités d’évolution dans l’univers exigeant et captivant du transport aérien, alliant professionnalisme, rigueur et épanouissement Atlas Multiservices , filiale du groupe Royal Air Maroc, accompagne le développement des talents dans les métiers de l’industrie aérienne. Forte de son ancrage au sein d’un grand groupe national, elle offre aux candidats de véritables opportunités d’évolution dans l’univers exigeant et captivant du transport aérien, alliant professionnalisme, rigueur et épanouissement [-] Suivre 1                        - 1 sur 1 Page 1 sur            
             1 Lancer 4K Agents Opérations | CASABLANCA (Maroc) 7 Atlas Multiservices, filiale de Royal Air Maroc, recrute des Agents Opérations (Duty Officer, Crew Scheduler, Flight Dispatcher, Manager On Duty Adjoint). Poste axé sur la coordination des opération","Lancer 4K Agents Opérations | CASABLANCA (Maroc) 7 Atlas Multiservices, filiale de Royal Air Maroc, recrute des Agents Opérations (Duty Officer, Crew Scheduler, Flight Dispatcher, Manager On Duty Adjoint). Poste axé sur la coordination des opérations",CDI,0
"DevOps Engineer, Platform & Reliability Engineering",Cnexia tech,Informatique,Rabat (Maroc),"Emploi - Cnexia tech Entreprise: Cnexia tech Secteur: Informatique Postes proposés: 7 Description: Joining Cnexia is choosing to be part of an ambitious project that values Innovation, promotes Continuous Learning and enables all tech champions to fulfill their creative dreams.

At Cnexia, we do more than support the clients of our world-class network and services. We develop innovative solutions and create original multiplatform media content. In fact, we’re revolutionizing how Canadians communicate on the web, interact with Mobile Apps or benefit from an AI-enhanced experience.

Proud of our status as a fully owned Moroccan subsidiary of the largest Canadian Telecom company, we... [+] Joining Cnexia is choosing to be part of an ambitious project that values Innovation , promotes Continuous Learning and enables all tech champions to fulfill their creative dreams. At Cnexia, we do more than support the clients of our world-class network and services. We develop innovative solutions and create original multiplatform media content . In fact, we’re revolutionizing how Canadians communicate on the web, interact with Mobile Apps or benefit from an AI-enhanced experience. Proud of our st","Lancer 4K DevOps Engineer, Platform & Reliability Engineering | Rabat (Maroc) 1 Cnexia recrute un Ingénieur DevOps expérimenté pour concevoir, construire et maintenir l'infrastructure et les outils DevOps sur OpenShift et GCP. Vous optimiserez les pi",CDI,0
Gestion / Comptabilité / Finance                                                                 - Secteur Agroalimentaire								- Distribution,,,,"Caissier(ère) (H/F) - Casablanca Gestion / Comptabilité / Finance                                                                 - Secteur Agroalimentaire								- Distribution Junior (1 à 3 ans) 1 poste(s) sur                                                                            Casablanca et région                                     - Maroc Bac +3 Minimum
                                     - BTS / DUT Respect des règles Distance émotionnelle Rationalisme Travail en équipe Besoin d'objectivité Implication au travail Humilité Organisation CDI Télétravail : Non Publiée il y a 5 jours sur ReKrute.com -
                                Postulez avant le 08/06/2026 J'aime Entreprise : . Poste : Vos missions principales seront : Arrêté quotidien et saisie des encaissements & décaissements en temps réel . La remise des valeurs chèques et effets en banque . Respect des procédures de gestion de caisse . Respect des procédures de sécurité . Assurer la fluidité des opérations de cash avec les commerciaux toute en respectant les procédures des encaissements . Suivie des dépenses caisses avec respect des procédures des décaissements . Remontée de rapport journalier des encaissements & ",,CDI,5
Gestionnaire de paie sénior,OCS Group,Hôtellerie / Restauration,Casablanca (Maroc),"Emploi - OCS Group Entreprise: OCS Group Secteur: Hôtellerie / Restauration Postes proposés: 1 Description: Overseas Catering & Services (OCS) est un groupe qui offre une gamme de service aux entreprises en matière de Restauration Collective et de Facilities Management.

Créé en 2009, le groupe OCS emploie 5.000 collaborateurs et propose à ses 320 clients répartis au Maroc et au Sénégal des services de qualité pour un chiffre d’affaires qui franchira le cap du milliard de Dirhams en 2024.

Le groupe OCS est devenu le leader de la restauration collective au Maroc, avec les marques Ansamble Maroc et Proxirest.

OCS est un acteur... [+] Overseas Catering & Services (OCS) est un groupe qui offre une gamme de service aux entreprises en matière de Restauration Collective et de Facilities Management. Créé en 2009, le groupe OCS emploie 5.000 collaborateurs et propose à ses 320 clients répartis au Maroc et au Sénégal des services de qualité pour un chiffre d’affaires qui franchira le cap du milliard de Dirhams en 2024. Le groupe OCS est devenu le leader de la restauration collective au Maroc, avec les marques Ansamble Maroc et Proxirest. OCS est un acteur important du Facilities Management","Lancer 4K Gestionnaire de paie sénior | Casablanca (Maroc) 2 Gestionnaire de paie sénior recherché à Casablanca pour un leader de la restauration collective. Vos responsabilités incluront l'établissement des bulletins de paie, la gestion des déclarat",CDI,0
Technicien de Maintenance Polyvalent (H/F),Océan Vagabond Lassarga,Hôtellerie / Restauration,Dakhla (Maroc),"Emploi - Océan Vagabond Lassarga Entreprise: Océan Vagabond Lassarga Secteur: Hôtellerie / Restauration Postes proposés: 2 Description: L'Ecolodge Océan Vagabond Lassarga, situé à l’extrême pointe de la péninsule de Dakhla, a été créé en 2017, et propose toute l’année aux amateurs de sensations de glisse un terrain de jeu particulièrement prisé. Il a en effet été conçu sur un site extraordinaire de par sa nature sauvage et ses paysages, au cœur d’une réserve protégée, et cela en fait une destination d’exception, unique au monde, pour la pratique de sports de glisse,... [+] L'Ecolodge Océan Vagabond Lassarga , situé à l’extrême pointe de la péninsule de Dakhla, a été créé en 2017, et propose toute l’année aux amateurs de sensations de glisse un terrain de jeu particulièrement prisé. Il a en effet été conçu sur un site extraordinaire de par sa nature sauvage et ses paysages, au cœur d’une réserve protégée, et cela en fait une destination d’exception, unique au monde, pour la pratique de sports de glisse, comme le surf, le wind surf et le kitesurf. Il est composé d’un restaurant, d’une base nautique, d’un surfshop et de 30 bungalows d’hébergement, et compte actuellement 80 collaborate",Lancer 4K Technicien de Maintenance Polyvalent (H/F) | Dakhla (Maroc) 1 L'Ecolodge Océan Vagabond Lassarga recherche un Technicien de Maintenance Polyvalent (H/F) à Dakhla. Vous assurerez la maintenance préventive et corrective des installations élec,CDI,0
Hôtellerie / Restauration (métiers de)                                                                 - Secteur Indifférent,,,,"Responsable opérationnel franchise - Casablanca Hôtellerie / Restauration (métiers de)                                                                 - Secteur Indifférent Confirmé (5 à 10 ans) 1 poste(s) sur                                                                            Casablanca et région                                     - Maroc Bac +4 Minimum
                                     - Formation professionnelle                                     - Formation spécialisée Créativité Volonté de persuasion Rationalisme Flexibilité Besoin d'action Travail en équipe Implication au travail Organisation CDI Télétravail : Non Publiée il y a 6 jours sur ReKrute.com -
                                Postulez avant le 07/06/2026 J'aime Entreprise : Rejoignez une entreprise marocaine de référence, acteur clé dans des secteurs stratégiques. Engagé en faveur du développement durable et de l’innovation, le groupe offre à ses talents un environnement stimulant, des parcours de carrière diversifiés et une culture d’entreprise fondée sur la performance et la responsabilité. Vous souhaitez donner du sens à votre parcours professionnel ? Venez construire l’avenir avec nous. Poste : Rejoi",,CDI,5
Achats / Supply Chain                                                                 - Secteur Agroalimentaire								- Autres Industries,,,,"Chef magasinier - Had Soualem Achats / Supply Chain                                                                 - Secteur Agroalimentaire								- Autres Industries Confirmé (5 à 10 ans) 1 poste(s) sur                                                                            Casablanca et région                                     - Maroc Bac +2 Minimum
                                     - BTS / DUT                                     - DEUG Recherche de nouveauté Respect des règles Distance émotionnelle Rationalisme Besoin d'action CDI Télétravail : Non Poste avec Management Publiée il y a 6 jours sur ReKrute.com -
                                Postulez avant le 07/06/2026 J'aime Entreprise : industrie agroalimentaire Poste : En tant que Chef de Magasin, vous serez responsable de la gestion quotidienne du magasin, garantissant une gestion efficace des stocks, la qualité des produits et la satisfaction des besoins de production. Vous superviserez une équipe et assurerez la liaison entre les différents départements pour optimiser les opérations logistiques et de production. Responsabilités Principales : - Superviser et gérer les niveaux de stock, assurer le réapprovisionnem",,CDI,5
Assistant(e) RH,INNOVAI'T,Offshoring / Nearshoring,Casablanca (Maroc),"Emploi - INNOVAI'T Entreprise: INNOVAI'T Secteur: Offshoring / Nearshoring Postes proposés: 1 Description: - - [-] Suivre 1                        - 1 sur 1 Page 1 sur            
             1 Lancer 4K Assistant(e) RH | Casablanca (Maroc) 4 Assistant(e) RH basé à Casablanca pour une société d'offshoring en pleine croissance. Vous assurerez le support opérationnel des processus RH, le recrutement et l'administration du personnel, en veillant à la conformité avec le droit du travail français. Profil Bac+3/5 avec minimum 2 ans d'expérience et excellentes connaissances en droit du travail français requis. Publication : du 07/04/2026 au 07/06/2026 |  Postes proposés: 1 Secteur d'activité : Pharmacie / Santé - Autres Industries Fonction : RH / Personnel / Formation Expérience requise : Intermédiaire (3 à 5 ans) Niveau d'étude demandé : Bac +5 et plus Type de contrat proposé : CDI - Télétravail : Oui 100% 1                        - 1 sur 1 Page 1 sur            
             1","Lancer 4K Assistant(e) RH | Casablanca (Maroc) 4 Assistant(e) RH basé à Casablanca pour une société d'offshoring en pleine croissance. Vous assurerez le support opérationnel des processus RH, le recrutement et l'administration du personnel, en veilla",CDI,3
Stagiaire Chargé(e) de recrutement - Fès,ALTEN Maroc,Informatique,Fès (Maroc),"Emploi - ALTEN Maroc Entreprise: ALTEN Maroc Secteur: Informatique Postes proposés: 92 Description: ALTEN MAROC, Filiale du leader mondial de l’ingénierie et du conseil en technologie créé en 2008 et présent à Fès, Rabat, Tétouan et Casablanca, compte aujourd’hui plus de 2200 collaborateurs et vise un centre d’excellence de 3300 ALTENiens en fin 2027. Elle s’impose aujourd’hui comme un acteur stratégique dans l’accompagnement du développement professionnel des ingénieurs.

Notre mission : répondre aux ambitions technologiques de nos clients — grands donneurs d’ordre... [+] ALTEN MAROC , Filiale du leader mondial de l’ingénierie et du conseil en technologie créé en 2008 et présent à Fès, Rabat, Tétouan et Casablanca, compte aujourd’hui plus de 2200 collaborateurs et vise un centre d’excellence de 3300 ALTENiens en fin 2027 . Elle s’impose aujourd’hui comme un acteur stratégique dans l’accompagnement du développement professionnel des ingénieurs. Notre mission : répondre aux ambitions technologiques de nos clients — grands donneurs d’ordre internationaux — dans les secteurs de l’automobile, du ferroviaire, de la R&D et de l’IT, des télécommunications et des médias. Rejoindre ALTEN Ma","Lancer 4K Stagiaire Chargé(e) de recrutement - Fès | Fès (Maroc) 1 ALTEN Maroc recherche un(e) Stagiaire Chargé(e) de Sourcing & Recrutement à Fès. Vos missions incluront l'analyse des besoins, la rédaction des fiches de poste, la recherche et la pré",STAGE,0
Hôtellerie / Restauration (métiers de)                                                                 - Secteur Indifférent,,,,"Responsable d'exploitation franchise - Casablanca Hôtellerie / Restauration (métiers de)                                                                 - Secteur Indifférent Confirmé (5 à 10 ans) 1 poste(s) sur                                                                            Casablanca et région                                     - Maroc Bac +4 Minimum
                                     - Formation professionnelle                                     - Formation spécialisée Créativité Volonté de persuasion Rationalisme Flexibilité Besoin d'action Travail en équipe Implication au travail Organisation CDI Télétravail : Non Publiée il y a 6 jours sur ReKrute.com -
                                Postulez avant le 07/06/2026 J'aime Entreprise : Rejoignez une entreprise marocaine de référence, acteur clé dans des secteurs stratégiques. Engagé en faveur du développement durable et de l’innovation, le groupe offre à ses talents un environnement stimulant, des parcours de carrière diversifiés et une culture d’entreprise fondée sur la performance et la responsabilité. Vous souhaitez donner du sens à votre parcours professionnel ? Venez construire l’avenir avec nous. Poste : Rej",,CDI,5
Achats / Supply Chain                                                                 - Secteur Distribution,,,,"Acheteur - Casablanca Achats / Supply Chain                                                                 - Secteur Distribution Confirmé (5 à 10 ans) 1 poste(s) sur                                                                            Casablanca et région                                     - Maroc Bac +3 
                                     - Licence Respect des règles Flexibilité Besoin d'autonomie Equilibre personnel Ambition Organisation CDI Télétravail : Non Publiée il y a 6 jours sur ReKrute.com -
                                Postulez avant le 07/06/2026 J'aime Entreprise : Entreprise basée à Casablanca structurée et en pleine expansion, nous évoluons dans un environnement exigeant où la réactivité, la rigueur et la performance opérationnelle sont au cœur de nos priorités. Poste : Dans le cadre de notre développement, nous recrutons un Acheteur Exploitation afin de renforcer notre organisation et accompagner la croissance de nos activités. Vos missions : • Gérer les achats opérationnels liés à l’activité • Assurer le suivi des commandes et des approvisionnements • Négocier avec les fournisseurs (prix, délais, qualité) • Optimiser les coûts et garantir la disponibi",,CDI,5
Data Scientist,CAT Assurance et Réassurance,Assurance / Courtage,Casablanca (Maroc),"Emploi - CAT Assurance et Réassurance Entreprise: CAT Assurance et Réassurance Secteur: Assurance / Courtage Postes proposés: 2 Description: CAT Assurance et réassurance est l’assureur leader du transport public pour voyageurs au Maroc depuis 1993.

Avec un réseau de partenaires de plus de 800 intermédiaires, la CAT est un acteur reconnu sur le marché de l’Assurance des Transporteurs avec une présence sur tout le territoire national CAT Assurance et réassurance est l’ assureur leader du transport public pour voyageurs au Maroc depuis 1993. Avec un réseau de partenaires de plus de 800 intermédiaires, la CAT est un acteur reconnu sur le marché de l’ Assurance des Transporteurs avec une présence sur tout le territoire national [-] Suivre 1                        - 2 sur 2 Page 1 sur            
             1 Lancer 4K Data Scientist | Casablanca (Maroc) 1 Data Scientist recherché par un acteur majeur de l'assurance au Maroc. Vous développerez des modèles prédictifs, concevrez des KPIs et valoriserez les données pour la prise de décision stratégique. Profil issu de grande école, maîtrisant Python, R, SQL, Power BI et ayant une compréhension des enjeux business. Publication : du 07/04/","Lancer 4K Data Scientist | Casablanca (Maroc) 1 Data Scientist recherché par un acteur majeur de l'assurance au Maroc. Vous développerez des modèles prédictifs, concevrez des KPIs et valoriserez les données pour la prise de décision stratégique. Prof",CDI,0
Stagiaire en finance,Capgemini Engineering,Autres services,Casablanca (Maroc),"Emploi - Capgemini Engineering Entreprise: Capgemini Engineering Secteur: Autres services Postes proposés: 12 Description: Capgemini Engineering est la marque du groupe Capgemini réunissant les services d'ingénierie et de R&D d’Altran, leader mondial du secteur dont Capgemini a finalisé l’acquisition en 2020, et l’expertise de Capgemini dans le domaine du digital manufacturing. Grâce à une connaissance sectorielle approfondie et à la maîtrise des technologies digitales et logicielles de pointe, Capgemini Engineering accompagne la convergence des mondes physique et numérique. Conjuguée avec l’ensemble des... [+] Capgemini Engineering est la marque du groupe Capgemini réunissant les services d'ingénierie et de R&D d’Altran, leader mondial du secteur dont Capgemini a finalisé l’acquisition en 2020, et l’expertise de Capgemini dans le domaine du digital manufacturing. Grâce à une connaissance sectorielle approfondie et à la maîtrise des technologies digitales et logicielles de pointe, Capgemini Engineering accompagne la convergence des mondes physique et numérique. Conjuguée avec l’ensemble des capacités du Groupe, elle aide les entreprises à accélérer leur transformation vers l'Intell","Lancer 4K Stagiaire en finance | Casablanca (Maroc) 5 Capgemini Engineering recherche un Stagiaire en Finance pour soutenir son département financier. Vos missions incluront la gestion administrative bancaire, le suivi des opérations, et la participa",STAGE,0
Commercial / Vente / Export- Marketing- Secteur Indifférent,,,,"Chef de Produit Marketing Junior - Casablanca Commercial / Vente / Export - Marketing - Secteur Indifférent Junior (1 à 3 ans) 1 poste(s) sur                                                                            Casablanca et région                                     - Maroc Bac +5 et plus 
                                     - Formation professionnelle                                     - Master Créativité Volonté de persuasion Rationalisme Flexibilité Besoin d'action Travail en équipe Implication au travail Organisation CDI Télétravail : Non Publiée il y a 6 jours sur ReKrute.com -
                                Postulez avant le 07/06/2026 J'aime Entreprise : Rejoignez une entreprise marocaine de référence, acteur clé dans des secteurs stratégiques. Engagé en faveur du développement durable et de l’innovation, le groupe offre à ses talents un environnement stimulant, des parcours de carrière diversifiés et une culture d’entreprise fondée sur la performance et la responsabilité. Vous souhaitez donner du sens à votre parcours professionnel ? Venez construire l’avenir avec nous. Poste : Rejoignez une entreprise dynamique dans son secteur à Casablanca en tant que Chef de Pr",,CDI,5
Production / Qualité / Sécurité / Maintenance                                                                 - Secteur BTP / Génie Civil								- Autres Industries,,,,"Agent de Maintenance Mécanicien - Meknès Production / Qualité / Sécurité / Maintenance                                                                 - Secteur BTP / Génie Civil								- Autres Industries Confirmé (5 à 10 ans) 1 poste(s) sur                                                                            Meknès et région                                     - Maroc Bac +2 Minimum
                                     - BTS / DUT Respect des règles Rationalisme Ténacité Besoin d'objectivité Organisation Autre Télétravail : Non Publiée il y a 6 jours sur ReKrute.com -
                                Postulez avant le 27/05/2026 J'aime Entreprise : Groupe industriel et commercial d'envergure nationale, reconnu pour son expertise dans divers secteurs stratégiques, recherche à renforcer ses équipes dans le cadre de son développement continu. Fort d'une présence établie sur le marché marocain, le groupe se distingue par son engagement envers l'excellence, l'innovation et la durabilité. Nous offrons un environnement stimulant, propice à l'évolution professionnelle, au sein d'une structure valorisant la performance et la collaboration. Poste : En tant qu’agent de maintenance méca",souhaitée sur un poste similaire.,,5
Assistance Technique à la Clientèle – Français & Anglais,Computer Generated Solutions Romania SRL,Informatique,Tout le Maroc (Roumanie),"Emploi - Computer Generated Solutions Romania SRL Entreprise: Computer Generated Solutions Romania SRL Secteur: Informatique Postes proposés: 1 Description: Computer Generated Solutions (CGS) is a global provider of business applications, enterprise learning, and outsourcing services. Founded in 1984 and headquartered in New York, CGS has over 40 years of experience supporting leading international companies.

 

With a workforce of over 5,000 employees worldwide and operations across North America, Europe, Asia, and the Middle East, CGS serves more than 3,500 clients in over 40 countries.

 

The company delivers a wide range of services including technical support, customer experience management, and IT solutions, with a strong... [+] Computer Generated Solutions (CGS) is a global provider of business applications, enterprise learning, and outsourcing services. Founded in 1984 and headquartered in New York, CGS has over 40 years of experience supporting leading international companies. With a workforce of over 5,000 employees worldwide and operations across North America, Europe, Asia, and the Middle East, CGS serves more than 3,500 clients in over 40 countries. The company deliv","Lancer 4K Assistance Technique à la Clientèle – Français & Anglais | Tout le Maroc (Roumanie) 10 Poste de Support Technique Client Bilingue (Français/Anglais) en télétravail. Responsabilités incluent le dépannage, la résolution de problèmes technique",CDI,0
Chercheur dans le domaine de la petite enfance,FMPS  - Fondation Marocaine du Préscolaire,Enseignement / Formation,Rabat (Maroc),"Emploi - FMPS  - Fondation Marocaine du Préscolaire Entreprise: FMPS  - Fondation Marocaine du Préscolaire Secteur: Enseignement / Formation Postes proposés: 5 Description: La Fondation Marocaine du Préscolaire (FMPS) incarne l'engagement indéfectible envers la généralisation de l'enseignement préscolaire au Maroc. 

Depuis 2019, notre fondation a connu une expansion remarquable, passant d'un réseau de 350 à 22 000 classes préscolaires. 

La Fondation opère pour le compte du Ministère de l’Éducation Nationale, du Préscolaire et des Sports et assure la gestion de 70% du préscolaire public Marocain. Nous nous engageons à offrir aux... [+] La Fondation Marocaine du Préscolaire (FMPS) incarne l'engagement indéfectible envers la généralisation de l'enseignement préscolaire au Maroc. Depuis 2019, notre fondation a connu une expansion remarquable, passant d'un réseau de 350 à 22 000 classes préscolaires. La Fondation opère pour le compte du Ministère de l’Éducation Nationale, du Préscolaire et des Sports et assure la gestion de 70% du préscolaire public Marocain. Nous nous engageons à offrir aux enfants âgés de 4 à 6 ans les bases essentielles pour un parcours éducatif de qualité. En coll","Lancer 4K Chercheur dans le domaine de la petite enfance | Rabat (Maroc) 1 La Fondation Marocaine du Préscolaire recrute un Chercheur en petite enfance pour mener des veilles scientifiques, réaliser des recherches-actions et produire des publications",CDI,0
Comptable Confirmé,Ciments du Maroc,BTP / Génie Civil,Casablanca (Maroc),"Emploi - Ciments du Maroc Entreprise: Ciments du Maroc Secteur: BTP / Génie Civil Postes proposés: 14 Description: Ciments du Maroc, plus de 70 ans d’histoire d’hommes et de femmes au service du développement du Royaume.
Filiale du leader mondial Heidelberg Materials, nous sommes un acteur incontournable des matériaux de construction au Maroc, et groupe industriel de référence opérant dans les métiers du ciment, du béton prêt à l’emploi et des granulats.

Notre force réside dans notre savoir-faire, notre engagement et notre capacité à accompagner les grands projets structurants du pays. Avec plus de 900... [+] Ciments du Maroc, plus de 70 ans d’histoire d’hommes et de femmes au service du développement du Royaume. Filiale du leader mondial Heidelberg Materials, nous sommes un acteur incontournable des matériaux de construction au Maroc, et groupe industriel de référence opérant dans les métiers du ciment, du béton prêt à l’emploi et des granulats. Notre force réside dans notre savoir-faire, notre engagement et notre capacité à accompagner les grands projets structurants du pays. Avec plus de 900 collaborateurs, nous disposons d’un ancrage territorial solide et d’un dispositif indus","Lancer 4K Comptable Confirmé | Casablanca (Maroc) 5 Ciments du Maroc, filiale de Heidelberg Materials, recherche un Comptable Confirmé. Vos missions incluront la tenue de la comptabilité générale, la gestion des clôtures et la participation à l'optim",CDI,0
Cadre Commercial Francophone Top Performers,Alkimy,Offshoring / Nearshoring,Casablanca (Maroc),"Emploi - Alkimy Entreprise: Alkimy Secteur: Offshoring / Nearshoring Postes proposés: 27 Description: ALKIMIY est une entreprise basée à Casablanca, spécialisée dans la création et le développement d’équipes commerciales à haute performance.

	Sa mission est claire : créer un environnement où les talents ambitieux peuvent atteindre leur plein potentiel et générer des résultats mesurables. Pour cela, ALKIMIY s’appuie sur une approche structurée reposant sur des méthodes propriétaires, un accompagnement intensif et une culture forte de la performance.

	L’entreprise... [+] ALKIMIY est une entreprise basée à Casablanca, spécialisée dans la création et le développement d’équipes commerciales à haute performance. Sa mission est claire : créer un environnement où les talents ambitieux peuvent atteindre leur plein potentiel et générer des résultats mesurables. Pour cela, ALKIMIY s’appuie sur une approche structurée reposant sur des méthodes propriétaires, un accompagnement intensif et une culture forte de la performance. L’entreprise a développé un système unique, combinant formation accélérée, coaching quotidien et analyse des performances (notamment via des outils d’intelligence artific",Lancer 4K Cadre Commercial Francophone Top Performers | Casablanca (Maroc) 5 Rejoignez Alkimiy à Casablanca en tant que Conseiller Commercial Francophone. Vous contribuerez activement au développement du chiffre d'affaires en gérant le cycle de vente,CDI,0
Candidature Spontanée,Weclose,Offshoring / Nearshoring,Casablanca (Maroc),"Emploi - Weclose Entreprise: Weclose Secteur: Offshoring / Nearshoring Postes proposés: 23 Description: Nous sommes un groupe multinational numéro 1 sur le marché francophone du closing commercial haut niveau. Nous ouvrons  notre filiale Weclose à Casablanca et recherchons nos talents de demain.

Notre mission est simple : convertir des Leads (prospects chauds) en clients engagés, avec précision, impact et efficacité.

Pas de prospection.
Pas de perte de temps.
Que du closing pur.

Nous réunissons une équipe de performers, passionnés par la psychologie de la vente, l’écoute stratégique et la... [+] Nous sommes un groupe multinational numéro 1 sur le marché francophone du closing commercial haut niveau . Nous ouvrons  notre filiale Weclose à Casablanca et recherchons nos talents de demain. Notre mission est simple : convertir des Leads (prospects chauds) en clients engagés , avec précision, impact et efficacité. Pas de prospection. Pas de perte de temps. Que du closing pur. Nous réunissons une équipe de performers , passionnés par la psychologie de la vente, l’écoute stratégique et la conclusion parfaite. Notre environnement est rapide, dynamique, exigeant — et nous ouvrons nos port","Lancer 4K Candidature Spontanée | Casablanca (Maroc) 3 Rejoignez Weclose, filiale d'un leader du closing commercial au Maroc, pour des postes de closers expérimentés ou en reconversion. Vous vous concentrerez sur la conversion de prospects chauds en ",CDI,0
Ingénieur Analyste  - Décisionnel (H/F),,,Casablanca (Maroc),"1                        - 9 sur 9 Page 1 sur            
             1 Lancer 4K Ingénieur Analyste  - Décisionnel (H/F) | Casablanca (Maroc) 9 Ingénieur Analyste Décisionnel (H/F) chez Disty Technologies au Maroc. Concevez et réalisez des outils d'analyse de données, collectez, nettoyez et analysez des données (SQL Server), et créez des tableaux de bord. Formation d'ingénieur avec expérience requise. Publication : du 06/04/2026 au 30/04/2026 |  Postes proposés: 2 Secteur d'activité : Informatique Fonction : Informatique / Electronique , Internet / Multimédia Expérience requise : Junior (1 à 3 ans) Niveau d'étude demandé : Bac +4 Type de contrat proposé : CDI - Télétravail : Non Lancer 4K Comptable Confirmé(e) | Casablanca (Maroc) 8 Disty Technologies recrute un Comptable Confirmé(e) expérimenté(e) (au moins 5 ans) pour la tenue partielle de la comptabilité générale et analytique et l'élaboration de reportings mensuels. Le candidat idéal, issu d'une formation financière ou généraliste, devra être rigoureux, organisé et capable d'analyser des situations comptables complexes. Postulez pour rejoindre un leader de la distribution IT au Maroc et contribuer à notre succès. Publication ","Lancer 4K Ingénieur Analyste  - Décisionnel (H/F) | Casablanca (Maroc) 9 Ingénieur Analyste Décisionnel (H/F) chez Disty Technologies au Maroc. Concevez et réalisez des outils d'analyse de données, collectez, nettoyez et analysez des données (SQL Ser",CDI,3
Chef d'équipe production,,,Casablanca (Maroc),"1                        - 6 sur 6 Page 1 sur            
             1 Lancer 4K Chef d'équipe production | Casablanca (Maroc) 6 Rejoignez le Groupe Richbond en tant que Chef d'équipe production! Vous serez responsable de garantir le respect des objectifs de production (coût, qualité, délai, sécurité) et d'animer votre équipe. Vous devez posséder une formation BAC+2/3 et une expérience significative de 5 ans minimum dans un poste similaire, avec des qualités de leadership et d'organisation. Publication : du 06/04/2026 au 06/06/2026 |  Postes proposés: 1 Secteur d'activité : Autres services Fonction : Production / Qualité / Sécurité / Maintenance Expérience requise : Intermédiaire (3 à 5 ans) Niveau d'étude demandé : Bac +3 Type de contrat proposé : CDI - Télétravail : Non Lancer 4K Graphic Designer – AI Oriented (H/F) | Casablanca (Maroc) 2 Groupe Richbond recherche un Graphiste orienté IA (H/F) passionné par l'innovation visuelle. Vous créerez des contenus impactants en intégrant des outils d'IA générative et collaborerez sur des campagnes variées. Un minimum de 2 ans d'expérience en design et une bonne connaissance des outils IA sont requis. Publication : du 06/04/2026 au 06/06","Lancer 4K Chef d'équipe production | Casablanca (Maroc) 6 Rejoignez le Groupe Richbond en tant que Chef d'équipe production! Vous serez responsable de garantir le respect des objectifs de production (coût, qualité, délai, sécurité) et d'animer votre ",CDI,3
Responsable département animation & business coverage,Finéa,Banque / Finance,Casablanca (Maroc),"Emploi - Finéa Entreprise: Finéa Secteur: Banque / Finance Postes proposés: 3 Description: Agissant en complémentarités et en partenariat avec les banques conventionnées pour leur apporter son expertise et sa garantie, Finéa,  Filiale du groupe CDG, est un établissement de place qui a pour mission et vocation de faciliter l’accès des entreprises, PME en particulier, au financement et à la commande publique et ou privée.

Afin de renforcer son implication auprès de la PME et consolider sa position en tant qu'acteur majeur agissant en faveur du développement économique du Maroc, Finéa... [+] Agissant en complémentarités et en partenariat avec les banques conventionnées pour leur apporter son expertise et sa garantie, Finéa , Filiale du groupe CDG , est un établissement de place qui a pour mission et vocation de faciliter l’accès des entreprises, PME en particulier, au financement et à la commande publique et ou privée. Afin de renforcer son implication auprès de la PME et consolider sa position en tant qu'acteur majeur agissant en faveur du développement économique du Maroc, Finéa adopte un plan de développement 2013-2017 visant à apporter davantage d'inflexion dans le cadre de sa mi","Lancer 4K Responsable département animation & business coverage | Casablanca (Maroc) 4 Finéa recherche un Responsable Département Animation & Business Coverage à Casablanca. Ce poste implique la supervision des processus commerciaux, le recouvrement ",CDI,0
Avocat / Juriste / Fiscaliste                                                                 - Secteur Distribution,,,,"Chargé de recouvrement contentieux - Casa Avocat / Juriste / Fiscaliste                                                                 - Secteur Distribution Confirmé (5 à 10 ans) 1 poste(s) sur                                                                            Casablanca et région                                     - Maroc Bac +3 
                                     - Licence Flexibilité Besoin d'autonomie Implication au travail Ambition Organisation CDI Télétravail : Non Publiée il y a 7 jours sur ReKrute.com -
                                Postulez avant le 06/06/2026 J'aime Entreprise : Entreprise en forte croissance, acteur majeur basé à Casablanca, reconnue pour son exigence opérationnelle et la qualité de ses services, recherche des profils engagés pour accompagner son développement. Nous offrons un environnement structuré, dynamique et orienté performance, favorisant l’autonomie, la responsabilisation et le développement des compétences. Poste : Dans le cadre du renforcement de notre équipe, nous recrutons un Chargé de Recouvrement Contentieux expérimenté. Missions : Gérer les dossiers clients en phase contentieuse Suivre les procédures judiciaires en coordinat",confirmée en recouvrement contentieux,CDI,5
Ingénieur(e) Senior en Études Routières,CID,BTP / Génie Civil,Sala al Jadida (Maroc),"Emploi - CID Entreprise: CID Secteur: BTP / Génie Civil Postes proposés: 3 Description: Fondée en 1982, CID est une entreprise d’ingénierie pluridisciplinaire spécialisée dans les domaines du génie civil, du bâtiment, des transports et de l'hydraulique.

Leader de l’ingénierie au Maroc, CID dispose d'une équipe permanente de 400 collaborateurs. Elle apporte son expertise et son savoir-faire en matière de maitrise d’œuvre et d’assistance à la maitrise d’ouvrages.

CID fait de son capital humain, une valeur fondamentale et une priorité d’investissement... [+] Fondée en 1982, CID est une entreprise d’ingénierie pluridisciplinaire spécialisée dans les domaines du génie civil, du bâtiment, des transports et de l'hydraulique. Leader de l’ingénierie au Maroc, CID dispose d'une équipe permanente de 400 collaborateurs. Elle apporte son expertise et son savoir-faire en matière de maitrise d’œuvre et d’assistance à la maitrise d’ouvrages. CID fait de son capital humain, une valeur fondamentale et une priorité d’investissement en offrant un plan de carrière clair et personnalisé, reconnaissant les compétences et les performances des équipes. [-] Suivre 1                        - 3 sur 3 Page 1","Lancer 4K Ingénieur(e) Senior en Études Routières | Sala al Jadida (Maroc) 1 CID, leader de l'ingénierie au Maroc, recrute un(e) Ingénieur(e) Senior en Études Routières expérimenté(e). Vous piloterez et réaliserez des études routières complexes, enca",CDI,0
Electricité                                                                 - Secteur BTP / Génie Civil								- Electricité,,,,"Ingénieur Électricien / Chef de Projet - Tanger Electricité                                                                 - Secteur BTP / Génie Civil								- Electricité Intermédiaire (3 à 5 ans) 1 poste(s) sur                                                                            Tanger et région                                     - Maroc Bac +5 et plus 
                                     - Ecole d'ingénieur Recherche de nouveauté Créativité Volonté de persuasion Flexibilité Besoin d'autonomie Implication au travail Humilité Organisation CDI Télétravail : Non Poste avec Management Publiée il y a 7 jours sur ReKrute.com -
                                Postulez avant le 06/06/2026 J'aime Entreprise : Poste : Dans le cadre du développement de nos projets industriels, nous recherchons un Ingénieur Électricien expérimenté pour occuper un poste de Chef de Projet Électricité. Vous interviendrez sur des projets d’installations électriques complètes en milieu industriel, notamment dans le cadre de la construction d’une usine d’équipement automobile comprenant : • Postes de transformation HT/BT • Groupes électrogènes • Canalis (systèmes de distribution par canalisation préfabriq",,CDI,5
Commercial / Vente / Export- Distribution (métiers de la)- Secteur Indifférent,,,,"Chef de projet développement réseau  - Casablanca Commercial / Vente / Export - Distribution (métiers de la) - Secteur Indifférent Intermédiaire (3 à 5 ans)                                     - Confirmé (5 à 10 ans) 1 poste(s) sur                                                                            Casablanca et région                                     - Maroc Bac +5 et plus 
                                     - Master                                     - Université Créativité Volonté de persuasion Rationalisme Ténacité Besoin d'action Travail en équipe Ambition Organisation CDI Télétravail : Non Publiée il y a 7 jours sur ReKrute.com -
                                Postulez avant le 06/06/2026 J'aime Entreprise : Rejoignez une entreprise marocaine de référence, acteur clé dans des secteurs stratégiques. Engagé en faveur du développement durable et de l’innovation, le groupe offre à ses talents un environnement stimulant, des parcours de carrière diversifiés et une culture d’entreprise fondée sur la performance et la responsabilité. Vous souhaitez donner du sens à votre parcours professionnel ? Venez construire l’avenir avec nous. Poste : Rejoignez une entreprise dyna",,CDI,5
Méthodes / Process / Industrialisation- Production / Qualité / Sécurité / Maintenance- Secteur Indifférent,,,,"Responsable QHSE - Nouaceur Méthodes / Process / Industrialisation - Production / Qualité / Sécurité / Maintenance - Secteur Indifférent Confirmé (5 à 10 ans)                                     - Expert (10 à 20 ans) 1 poste(s) sur                                                                            Casablanca et région                                     - Maroc Bac +5 et plus 
                                     - Master                                     - Université Recherche de nouveauté Créativité Volonté de persuasion Rationalisme Flexibilité Besoin de réflexion Travail en équipe Organisation CDI Télétravail : Non Publiée il y a 7 jours sur ReKrute.com -
                                Postulez avant le 06/06/2026 J'aime Entreprise : Rejoignez une entreprise marocaine de référence, acteur clé dans des secteurs stratégiques. Engagé en faveur du développement durable et de l’innovation, le groupe offre à ses talents un environnement stimulant, des parcours de carrière diversifiés et une culture d’entreprise fondée sur la performance et la responsabilité. Vous souhaitez donner du sens à votre parcours professionnel ? Venez construire l’avenir avec nous. Poste : Rejoign",,CDI,5
RH / Personnel / Formation                                                                 - Secteur Automobile / Motos / Cycles								- Autres services,,,,"HR Business Partner (HRBP) (H/F) - Casablanca RH / Personnel / Formation                                                                 - Secteur Automobile / Motos / Cycles								- Autres services Intermédiaire (3 à 5 ans) 1 poste(s) sur                                                                            Tanger et région                                     - Maroc Bac +5 et plus Minimum
                                     - Master Recherche de nouveauté Extraversion Distance émotionnelle Besoin d'objectivité Flexibilité Besoin d'autonomie Implication au travail Organisation CDI Télétravail : Non Publiée il y a 7 jours sur ReKrute.com -
                                Postulez avant le 06/06/2026 J'aime Entreprise : Akkodis est un leader mondial sur le marché de l'ingénierie et de la R&D qui s'appuie sur la puissance des données connectées pour accélérer l'innovation et la transformation numérique. Avec une passion commune pour la technologie et le talent, 50 000 ingénieurs et experts numériques offrent une expertise intersectorielle approfondie dans 30 pays d'Amérique du Nord, d'EMEA et d'APAC. Akkodis offre une vaste expérience de l'industrie, et un solide savoir-faire ","de 4 à 10 ans dans une fonction RH, dont une partie en tant que HRBP.",CDI,5
Assistante Commerciale,Bouderka,Automobile / Motos / Cycles,Marrakech (Maroc),"Emploi - Bouderka Entreprise: Bouderka Secteur: Automobile / Motos / Cycles Postes proposés: 3 Description: Fondée en 1973, la Société Bouderka SARL, concessionnaire exclusif à Marrakech des marques Porsche, Volkswagen, Audi et Škoda, s’appuie sur plus de 50 ans d’excellence dans le secteur automobile.

La performance durable de l’entreprise repose sur le développement de ses talents. Sa politique RH est axée sur la montée en compétences, la formation continue et l’appropriation des technologies de pointe, garantissant expertise, engagement et qualité de service.

Entreprise responsable, la... [+] Fondée en 1973, la Société Bouderka SARL, concessionnaire exclusif à Marrakech des marques Porsche, Volkswagen, Audi et Škoda, s’appuie sur plus de 50 ans d’excellence dans le secteur automobile. La performance durable de l’entreprise repose sur le développement de ses talents. Sa politique RH est axée sur la montée en compétences, la formation continue et l’appropriation des technologies de pointe, garantissant expertise, engagement et qualité de service. Entreprise responsable, la Société Bouderka SARL favorise un environnement de travail exigeant et collaboratif, fondé sur des valeurs ","Lancer 4K Assistante Commerciale | Marrakech (Maroc) 2 Société Bouderka SARL recherche une Assistante Commerciale à Marrakech. Vos missions incluront l'accueil client, la gestion des rendez-vous, la communication administrative et le suivi des prospe",CDI,0
Magasinier-Cariste,Pratt & Whitney,Aéronautique / Spatial,Nouaceur (Maroc),"Emploi - Pratt & Whitney Entreprise: Pratt & Whitney Secteur: Aéronautique / Spatial Postes proposés: 5 Description: Pratt & Whitney Maroc, filiale du groupe Pratt & Whitney, un leader mondial de l’industrie aérospatiale fabrique des moteurs de nouvelle génération qui équipent la plus grande flotte d’avions et d’hélicoptères au monde dans les segments de l’aviation d’affaires, de l’aviation générale et de l’aviation régionale. Pratt & Whitney Maroc contribue activement à l'essor du secteur aéronautique régional.

Pourquoi nous rejoindre ?

· ... [+] Pratt & Whitney Maroc, filiale du groupe Pratt & Whitney, un leader mondial de l’industrie aérospatiale fabrique des moteurs de nouvelle génération qui équipent la plus grande flotte d’avions et d’hélicoptères au monde dans les segments de l’aviation d’affaires, de l’aviation générale et de l’aviation régionale. Pratt & Whitney Maroc contribue activement à l'essor du secteur aéronautique régional. Pourquoi nous rejoindre ? · Carrière enrichissante : Développez votre expertise dans un environnement stimulant. · Formation continue : Programmes avancés et collaborations internationales. · Impact global : Contribuez à des projets influençan","Lancer 4K Magasinier-Cariste | Nouaceur (Maroc) 5 Pratt & Whitney Maroc recherche un Magasinier-Cariste expérimenté (minimum 3 ans) pour gérer la réception, le stockage, la préparation et l'expédition des pièces aéronautiques. Le poste requiert un Ba",CDI,0
Ingénieur MRB,,,Nouaceur (Maroc),"1                        - 9 sur 9 Page 1 sur            
             1 Lancer 4K Ingénieur MRB | Nouaceur (Maroc) 1 Safran Nacelles Maroc recrute un Ingénieur MRB à Nouaceur pour soutenir la production et garantir la qualité des nacelles d'avion. Le poste requiert un niveau Bac+5, 3-5 ans d'expérience, des compétences en lecture de plans et processus d'assemblage aéronautique. Vous analyserez les écarts de production en collaboration avec les équipes techniques pour assurer la fiabilité des produits. Publication : du 06/04/2026 au 06/06/2026 |  Postes proposés: 3 Secteur d'activité : Aéronautique / Spatial Fonction : Méthodes / Process / Industrialisation Expérience requise : Intermédiaire (3 à 5 ans) Niveau d'étude demandé : Bac +5 et plus Type de contrat proposé : CDI - Télétravail : Non Lancer 4K Approvisionneur | Nouaceur (Maroc) 6 Rejoignez Safran Nacelles à Nouaceur en tant qu'Approvisionneur pour optimiser la chaîne d'approvisionnement et garantir la disponibilité des composants. Vous piloterez un portefeuille de fournisseurs, négocier les délais et gérer les indicateurs de performance. Un diplôme Bac+3 en Achats/Supply Chain et 1 à 3 ans d'expérience sont requis, ainsi qu","Lancer 4K Ingénieur MRB | Nouaceur (Maroc) 1 Safran Nacelles Maroc recrute un Ingénieur MRB à Nouaceur pour soutenir la production et garantir la qualité des nacelles d'avion. Le poste requiert un niveau Bac+5, 3-5 ans d'expérience, des compétences e",CDI,3
Audit / Conseil                                                                 - Secteur Agroalimentaire,,,,"Controleur de gestion Industriel - Casablanca Audit / Conseil                                                                 - Secteur Agroalimentaire Intermédiaire (3 à 5 ans) 1 poste(s) sur                                                                            Casablanca et région                                     - Maroc Bac +5 et plus Minimum
                                     - Ecole de commerce Rationalisme Flexibilité Besoin de réflexion Organisation CDI Télétravail : Non Publiée il y a 7 jours sur ReKrute.com -
                                Postulez avant le 06/06/2026 J'aime Entreprise : Acteur majeur du catering aérien, assurant la préparation et la livraison de repas à bord, recrute un Contrôleur de Gestion industriel Poste : Contrôleur de Gestion industriel rattaché au Directeur d’Exploitation dont la mission sera de... • Élaborer et suivre les budgets. • Analyser les écarts et proposer des actions correctives. • Mettre en place des indicateurs de performance. • Collaborer pour optimiser les processus. • Réaliser des reportings pour la direction. Profil recherché : • Diplôme en finance ou contrôle de gestion. • Expérience en contrôle de gestion, idéalement In",,CDI,5
Vendeur itinérant en automobile,Meski Invest - Riva Industries,Métallurgie / Sidérurgie,El Jadida (Maroc),"Emploi - Meski Invest - Riva Industries Entreprise: Meski Invest - Riva Industries Secteur: Métallurgie / Sidérurgie Postes proposés: 11 Description: Fort d’une expérience terrain de plus de 40 ans, MESKI Invest est un groupe marocain multi-métiers ayant fait le choix stratégique de la diversification, en intervenant dans les secteurs clés de l’économie marocaine :

• Riva Industrie : Industries sidérurgiques
• Entreprises Belmekki : Distribution de matériaux de construction
• Nadym: Logistique et services de transport routier, transport de marchandises et location camions remorques
• Belmekkimmo :... [+] Fort d’une expérience terrain de plus de 40 ans , MESKI Invest est un groupe marocain multi-métiers ayant fait le choix stratégique de la diversification , en intervenant dans les secteurs clés de l’économie marocaine : • Riva Industrie : Industries sidérurgiques • Entreprises Belmekki : Distribution de matériaux de construction • Nadym : Logistique et services de transport routier, transport de marchandises et location camions remorques • Belmekkimmo : Immobilier • Danub : Location de voitures • Ontario : Transport touristique • Jawda Bois : Distribution de bois • Nouveaux métier","Lancer 4K Vendeur itinérant en automobile | El Jadida (Maroc) 4 MESKI Invest recherche un VENDEUR ITINÉRANT en automobile à El Jadida. Vous serez responsable de la prospection, de la négociation commerciale et du développement de portefeuille clients",CDI,0
Production / Qualité / Sécurité / Maintenance                                                                 - Secteur Aéronautique / Spatial								- Autres Industries,,,,"Technicien Maintenance - Casablanca Production / Qualité / Sécurité / Maintenance                                                                 - Secteur Aéronautique / Spatial								- Autres Industries Intermédiaire (3 à 5 ans) 2 poste(s) sur                                                                            Casablanca et région                                     - Maroc Bac +3 Minimum
                                     - BTS / DUT Respect des règles Rationalisme Ténacité Besoin d'objectivité Organisation CDI Télétravail : Non Publiée il y a 7 jours sur ReKrute.com -
                                Postulez avant le 06/06/2026 J'aime Entreprise : Avec une vaste expérience et une position de leader dans le secteur automobile, notre entreprise tire sa force de son histoire, de son savoir faire, de ses atouts et de ses engagements. Depuis sa création, elle a accumulé une expertise considérable, devenant aujourd'hui un acteur incontournable de son domaine. Poste : Dans le cadre de renforcement de notre équipe, nous recrutons un responsable maintenance qui aura pour mission : Vos missions principales : • Réaliser les opérations de maintenance préventive selon le planning ",,CDI,5
RH / Personnel / Formation                                                                 - Secteur Indifférent,,,,"Formateur - Tanger RH / Personnel / Formation                                                                 - Secteur Indifférent Intermédiaire (3 à 5 ans) 1 poste(s) sur                                                                            Tanger et région                                     - Maroc Bac +5 et plus 
                                     - Master                                     - Université Créativité Extraversion Volonté de persuasion Sensibilité émotionnelle Flexibilité Besoin d'action Travail en équipe Organisation CDI Télétravail : Non Publiée il y a 7 jours sur ReKrute.com -
                                Postulez avant le 06/06/2026 J'aime Entreprise : Rejoignez une entreprise marocaine de référence, acteur clé dans des secteurs stratégiques. Engagé en faveur du développement durable et de l’innovation, le groupe offre à ses talents un environnement stimulant, des parcours de carrière diversifiés et une culture d’entreprise fondée sur la performance et la responsabilité. Vous souhaitez donner du sens à votre parcours professionnel ? Venez construire l’avenir avec nous. Poste : Rejoignez notre dynamique entreprise dans son secteur  en tant que Format",,CDI,5
Commercial / Vente / Export- Distribution (métiers de la)- Secteur Indifférent,,,,"Technico-Commercial - Casablanca Commercial / Vente / Export - Distribution (métiers de la) - Secteur Indifférent Intermédiaire (3 à 5 ans)                                     - Confirmé (5 à 10 ans) 1 poste(s) sur                                                                            Casablanca et région                                     - Maroc Bac +5 et plus Minimum
                                     - Ecole d'ingénieur Volonté de persuasion Rationalisme Ténacité Besoin d'action Travail en équipe Implication au travail Ambition Organisation CDI Télétravail : Non Publiée il y a 7 jours sur ReKrute.com -
                                Postulez avant le 06/06/2026 J'aime Entreprise : Rejoignez une entreprise marocaine de référence, acteur clé dans des secteurs stratégiques. Engagé en faveur du développement durable et de l’innovation, le groupe offre à ses talents un environnement stimulant, des parcours de carrière diversifiés et une culture d’entreprise fondée sur la performance et la responsabilité. Vous souhaitez donner du sens à votre parcours professionnel ? Venez construire l’avenir avec nous. Poste : Rejoignez notre dynamique entreprise dans son secteur en tant que",,CDI,5
Business Support Officer,,,Benguerir (Maroc),"1                        - 10 sur 27 10 25 50 Page 1 2 3 sur            
             3 Lancer 4K Business Support Officer | Benguerir (Maroc) 8 Mohammed VI Polytechnic University recherche un Business Support Officer à Benguerir. Ce poste implique la gestion administrative et financière, le suivi budgétaire, l'organisation des déplacements et événements, ainsi que le support logistique. Le candidat idéal possède d'excellentes compétences organisationnelles, relationnelles et une grande rigueur. Publication : du 04/04/2026 au 04/06/2026 |  Postes proposés: 1 Secteur d'activité : Enseignement / Formation Fonction : Informatique / Electronique Expérience requise : Junior (1 à 3 ans) Niveau d'étude demandé : Bac +3 Type de contrat proposé : CDI - Télétravail : Non Lancer 4K MSN- RESEARCH ASSISTANT IN HYDROGEL MATERIALS | Benguerir (Maroc) Mohammed VI Polytechnic University recherche un(e) Assistant(e) de Recherche en Matériaux Hydrogels à Benguerir. Le poste implique la conception expérimentale, la préparation et le test de matériaux hydrogels, ainsi que l'analyse des données et la rédaction de rapports. Profil recherché : Master ou diplôme d'ingénieur en science des matériaux, polymè","Lancer 4K Business Support Officer | Benguerir (Maroc) 8 Mohammed VI Polytechnic University recherche un Business Support Officer à Benguerir. Ce poste implique la gestion administrative et financière, le suivi budgétaire, l'organisation des déplacem",CDI,3
Banque (métiers de la)- Gestion / Comptabilité / Finance- Secteur Comptabilité / Audit								- Service public / Administration,,,,"Comptable (H/F) - Casablanca Banque (métiers de la) - Gestion / Comptabilité / Finance - Secteur Comptabilité / Audit								- Service public / Administration Junior (1 à 3 ans)                                     - Intermédiaire (3 à 5 ans) 1 poste(s) sur                                                                            Casablanca et région                                     - Maroc Bac +2 Minimum Respect des règles Rationalisme Conventionnel Flexibilité Implication au travail Organisation CDI Télétravail : Non Publiée il y a 9 jours sur ReKrute.com -
                                Postulez avant le 04/06/2026 J'aime Entreprise : Une grande entreprise, leader dans son secteur, recrute un Comptable à Casablanca . Poste : Rattaché au Chef Comptable, vous avez pour principales missions: Passation des opérations comptables, Analyses des comptes, Participation aux travaux de préparation de bilans. Profil recherché : De formation bac+2/4 en comptabilité avec une expérience de 2 ans au minimum dans un poste similaire de préférence dans une fiduciaire. Vous êtes à jour en matière de comptabilité et de fiscalité et maitrisez l'outil informatique. Sérieux, organisé, dynamique, vo",,CDI,5
Distribution (métiers de la)                                                                 - Secteur Distribution,,,,"Comptable Confirmé – Microsoft AX / Dynamics 360 - Casablanca Distribution (métiers de la)                                                                 - Secteur Distribution Intermédiaire (3 à 5 ans) 1 poste(s) sur                                                                            Tout le Maroc                                     - Maroc Bac +5 et plus Minimum
                                     - Ecole de commerce Recherche de nouveauté Respect des règles Implication au travail Organisation CDI Télétravail : Non Publiée il y a 10 jours sur ReKrute.com -
                                Postulez avant le 03/06/2026 J'aime Entreprise : Notre cabinet de recrutement accompagne les entreprises dans l’identification et l’intégration des talents qui font la différence. Nous aidons nos clients à construire des équipes performantes, capables de soutenir leur croissance et leurs ambitions stratégiques. Intervenant dans des secteurs variés tels que l’industrie, les services, la santé, la finance, l’IT ou le BTP, nous proposons des solutions personnalisées, rapides et efficaces, adaptées à chaque organisation. Notre engagement : trouver le bon candidat, au bon poste, au bon moment",confirmée en management ou accompagnement d’équipe souhaitée,CDI,5
Audit / Conseil                                                                 - Secteur Comptabilité / Audit,,,,"Responsable Paie (H/F) - Casablanca Audit / Conseil                                                                 - Secteur Comptabilité / Audit Confirmé (5 à 10 ans) 1 poste(s) sur                                                                            Casablanca et région                                     - Maroc Bac +3 Minimum
                                     - Licence                                     - Master Rationalisme Flexibilité Besoin de réflexion CDI Télétravail : Non Poste avec Management Publiée il y a 10 jours sur ReKrute.com -
                                Postulez avant le 03/06/2026 J'aime Entreprise : Notre cabinet de recrutement accompagne les entreprises dans l’identification et l’intégration des talents qui font la différence. Nous aidons nos clients à construire des équipes performantes, capables de soutenir leur croissance et leurs ambitions stratégiques. Intervenant dans des secteurs variés tels que l’industrie, les services, la santé, la finance, l’IT ou le BTP, nous proposons des solutions personnalisées, rapides et efficaces, adaptées à chaque organisation. Notre engagement : trouver le bon candidat, au bon poste, au bon moment, pour créer",confirmée en gestion de la paie (minimum 5 ans),CDI,5
Agent de recouvrement Terrain,SDK WOOD,Autres services,Casablanca (Maroc),"Emploi - SDK WOOD Entreprise: SDK WOOD Secteur: Autres services Postes proposés: 9 Description: Fondée en 2012, SDK WOOD est une entreprise marocaine spécialisée dans le négoce de bois et de panneaux dérivés. Depuis plus d’une décennie, nous mettons notre expertise au service des professionnels de la menuiserie, de l’agencement et du bâtiment, en leur offrant des produits de qualité et un accompagnement fiable.

Notre croissance repose sur une ambition claire : devenir un acteur de référence du bois au Maroc, tout en gardant une approche humaine et responsable. Grâce à des partenariats... [+] Fondée en 2012, SDK WOOD est une entreprise marocaine spécialisée dans le négoce de bois et de panneaux dérivés. Depuis plus d’une décennie, nous mettons notre expertise au service des professionnels de la menuiserie, de l’agencement et du bâtiment, en leur offrant des produits de qualité et un accompagnement fiable. Notre croissance repose sur une ambition claire : devenir un acteur de référence du bois au Maroc, tout en gardant une approche humaine et responsable. Grâce à des partenariats solides avec des fournisseurs internationaux, à une logistique maîtrisée et à une équipe engagée, SDK WO","Lancer 4K Agent de recouvrement Terrain | Casablanca (Maroc) 4 SDK WOOD recrute un Agent de Recouvrement Terrain expérimenté pour renforcer son équipe. Vos missions incluent le recouvrement des créances clients, la négociation de solutions de règleme",CDI,0
Distribution (métiers de la)                                                                 - Secteur Distribution,,,,"Chef Comptable – Expert Microsoft AX / Dynamics 360 - Bouskoura Distribution (métiers de la)                                                                 - Secteur Distribution Confirmé (5 à 10 ans)                                     - Expert (10 à 20 ans) 1 poste(s) sur                                                                            Casablanca et région                                     - Maroc Bac +5 et plus Minimum
                                     - Ecole de commerce Recherche de nouveauté Respect des règles Implication au travail Organisation CDI Télétravail : Non Poste avec Management Publiée il y a 10 jours sur ReKrute.com -
                                Postulez avant le 03/06/2026 J'aime Entreprise : Notre cabinet de recrutement accompagne les entreprises dans l’identification et l’intégration des talents qui font la différence. Nous aidons nos clients à construire des équipes performantes, capables de soutenir leur croissance et leurs ambitions stratégiques. Intervenant dans des secteurs variés tels que l’industrie, les services, la santé, la finance, l’IT ou le BTP, nous proposons des solutions personnalisées, rapides et efficaces, adaptées à chaque",confirmée en management d’équipe,CDI,5
Gestion / Comptabilité / Finance- Audit / Conseil- Secteur Autres Industries,,,,"Chef Comptable - Casablanca Gestion / Comptabilité / Finance - Audit / Conseil - Secteur Autres Industries Confirmé (5 à 10 ans) 1 poste(s) sur                                                                            Casablanca et région                                     - Maroc Bac +5 et plus Minimum
                                     - Master Besoin d'objectivité Organisation Rationalisme Respect des règles Conventionnel Flexibilité Besoin de réflexion CDI Télétravail : Non Poste avec Management Publiée il y a 10 jours sur ReKrute.com -
                                Postulez avant le 03/06/2026 J'aime Entreprise : Forte d’une solide expérience et acteur majeur de son secteur, notre entreprise puise sa force dans son histoire, son savoir-faire, ainsi que dans ses valeurs et engagements. Depuis sa création, elle n’a cessé de développer son expertise, lui permettant aujourd’hui de s’imposer comme une référence incontournable dans son domaine. Poste : Dans le cadre du renforcement de notre département financier, nous recrutons un(e) Chef Comptable expérimenté(e). Rattaché(e) à la Direction Financière, vous serez responsable de la gestion et de la supervision de l’ensemble des",,CDI,5
Nous cherchons des vrais commerciaux! rejoins nous !! - package atteignant 25k-30k,ELOAN,Banque / Finance,Tanger (Maroc),"Emploi - ELOAN Entreprise: ELOAN Secteur: Banque / Finance Postes proposés: 26 Description: L'expert des solutions financières Créée en 1996, PARTNERS FINANCES est une société experte en solutions financières de restructuration et de réaménagement de crédits.

Leader de l’intermédiation en regroupement de crédits sur le marché français en tant que IOBSP, elle doit sa notoriété à son savoir-faire et à son engagement au service de la clientèle et de ses partenaires.

Son implantation sur l’hexagone, son expertise et son respect du cadre... [+] L'expert des solutions financières Créée en 1996, PARTNERS FINANCES est une société experte en solutions financières de restructuration et de réaménagement de crédits. Leader de l’intermédiation en regroupement de crédits sur le marché français en tant que IOBSP, elle doit sa notoriété à son savoir-faire et à son engagement au service de la clientèle et de ses partenaires. Son implantation sur l’hexagone, son expertise et son respect du cadre législatif et réglementaire en ont fait un acteur incontournable de l’intermédiation bancaire. Nous sommes une entreprise ambitieuse, toujours en quête de développement, valorisant les efforts liés aux per",Lancer 4K Nous cherchons des vrais commerciaux! rejoins nous !! - package atteignant 25k-30k | Tanger (Maroc) 1 PARTNERS FINANCES recherche des commerciaux experts en solutions financières de restructuration de crédits. Vos missions incluront la pros,CDI,0
Chargé de clientèle (H/F),,,Berrechid (Maroc),"1                        - 10 sur 16 10 25 Page 1 2 sur            
             2 Lancer 4K Chargé de clientèle (H/F) | Berrechid (Maroc) 9 Bank Assafa recherche un Chargé de clientèle (H/F) à Berrechid pour développer et gérer un portefeuille clients. Vous conseillerez et proposerez des produits bancaires participatifs, tout en prospectant et fidélisant la clientèle. Le poste requiert un Master (BAC+5), une excellente maîtrise du français, et de bonnes connaissances des produits bancaires. Publication : du 03/04/2026 au 16/04/2026 |  Postes proposés: 2 Secteur d'activité : Banque / Finance Fonction : Banque (métiers de la) Expérience requise : Débutant (-1 an) Niveau d'étude demandé : Bac +5 et plus Type de contrat proposé : CDI - Télétravail : Non Lancer 4K Responsable d'Agence | Casablanca (Maroc) 2 Bank Assafa recrute un Responsable d'Agence pour développer le chiffre d'affaires et assurer l'animation commerciale d'une agence bancaire. Vous aurez la responsabilité de prospecter de nouveaux clients, fidéliser le portefeuille, gérer le volet administratif et manager les équipes. Candidat titulaire d'un Bac+5 avec une expérience de 5 ans minimum dans un poste similaire, une conna","Lancer 4K Chargé de clientèle (H/F) | Berrechid (Maroc) 9 Bank Assafa recherche un Chargé de clientèle (H/F) à Berrechid pour développer et gérer un portefeuille clients. Vous conseillerez et proposerez des produits bancaires participatifs, tout en p",CDI,0
Bilingual customer service representative (French & English),Telus Digital,Centre d'appels,Casablanca (Maroc),"Emploi - Telus Digital Entreprise: Telus Digital Secteur: Centre d'appels Postes proposés: 134 Description: TELUS International est le leader dans le domaine de l'innovation en matière d'expérience client numérique qui conçoit, élabore et offre des solutions numériques de pointe pour des marques mondiales et innovatrices.

À TELUS International, nous favorisons l'innovation en matière d'expérience client grâce à un travail d'équipe dynamique, à une pensée agile et à une culture bienveillante qui place les clients au premier plan. TELUS International est la branche mondiale de... [+] TELUS International est le leader dans le domaine de l'innovation en matière d 'expérience client numérique qui conçoit, élabore et offre des solutions numériques de pointe pour des marques mondiales et innovatrices. À TELUS International, nous favorisons l'innovation en matière d'expérience client grâce à un travail d'équipe dynamique, à une pensée agile et à une culture bienveillante qui place les clients au premier plan. TELUS International est la branche mondiale de TELUS Corporation, l'un des plus importants fournisseurs de services de télécommunications au Canada. Nous offrons des solutions de cen","Lancer 4K Bilingual customer service representative (French & English) | Casablanca (Maroc) TELUS International recherche un Représentant du service client bilingue (français et anglais) pour gérer les demandes des clients par téléphone, e-mail et ch",CDI,0
Responsable Maintenance (H/F),IDEMCO,Edition / Imprimerie,Casablanca (Maroc),"Emploi - IDEMCO Entreprise: IDEMCO Secteur: Edition / Imprimerie Postes proposés: 2 Description: IDEMCO est une imprimerie spécialisée dans l'emballage industriel en carton et papier.

Créé en 1976, IDEMCO a été la première imprimerie en Afrique à recevoir la certification ISO 9001.

IDEMCO est un acteur majeur dans la fabrication d'étuis pour les industries pharmaceutiques, cosmétiques, agroalimentaires, et hygiène. IDEMCO est une imprimerie spécialisée dans l'emballage industriel en carton et papier. Créé en 1976, IDEMCO a été la première imprimerie en Afrique à recevoir la certification ISO 9001. IDEMCO est un acteur majeur dans la fabrication d'étuis pour les industries pharmaceutiques, cosmétiques, agroalimentaires, et hygiène. [-] Suivre 1                        - 2 sur 2 Page 1 sur            
             1 Lancer 4K Responsable Maintenance (H/F) | Casablanca (Maroc) 5 IDEMCO recherche un Responsable Maintenance (H/F) pour gérer la maintenance curative et préventive, superviser le stock de pièces, gérer le budget et les pannes. Vous assurerez le respect des règles d'hygiène et de sécurité, contrôlerez la qualité des interventions et proposerez des améliorations. Profil Bac+","Lancer 4K Responsable Maintenance (H/F) | Casablanca (Maroc) 5 IDEMCO recherche un Responsable Maintenance (H/F) pour gérer la maintenance curative et préventive, superviser le stock de pièces, gérer le budget et les pannes. Vous assurerez le respect",CDI,0
Chargé(e) de services clients,OBK Technologies Auditec,Matériel Médical,Settat (Maroc),"Emploi - OBK Technologies Auditec Entreprise: OBK Technologies Auditec Secteur: Matériel Médical Postes proposés: 10 Description: Redonner voix aux instants, redonner goût à la vie.


Présentation de l’entreprise Auditec

Depuis 2004, Auditec s’est imposée comme un réseau de référence en correction auditive au Maroc, en se démarquant par la qualité de ses produits et ses exigences élevées en matière de service client.

Forte de plus de 20 ans d’expérience, l’entreprise poursuit sa mission : offrir à chaque patient des solutions auditives sur mesure, pour leur permettre de retrouver le plaisir de... [+] Redonner voix aux instants, redonner goût à la vie. Présentation de l’entreprise Auditec Depuis 2004, Auditec s’est imposée comme un réseau de référence en correction auditive au Maroc, en se démarquant par la qualité de ses produits et ses exigences élevées en matière de service client. Forte de plus de 20 ans d’expérience, l’entreprise poursuit sa mission : offrir à chaque patient des solutions auditives sur mesure, pour leur permettre de retrouver le plaisir de bien entendre et le confort d’une vie épanouie et en pleine santé. Chez Auditec, nos audioprothésistes exercent leur méti","Lancer 4K Chargé(e) de services clients | Settat (Maroc) 1 Auditec recrute un(e) Chargé(e) de services clients pour son réseau de référence en correction auditive au Maroc. Vos missions incluront l'accueil, la gestion des dossiers patients, la factur",CDI,0
Talent Acquisition Specialist IT -RPO,Econocom Maroc,Informatique,Sala Al Jadida (Maroc),"Emploi - Econocom Maroc Entreprise: Econocom Maroc Secteur: Informatique Postes proposés: 15 Description: Econocom est un groupe européen de services, spécialisé depuis plus de 25 ans dans la gestion des ressources informatiques et de télécommunications des entreprises.

Les prestations d’Econocom comprennent les services d’exploitation (infogérance, maintenance et conseil), l’approvisionnement en produits et solutions IT, les services télécoms, le financement et la gestion d’actifs.

Le centre de Rabat (Maroc), centre opérationnel du Remote Services Center européen de l’activité de... [+] Econocom est un groupe européen de services, spécialisé depuis plus de 25 ans dans la gestion des ressources informatiques et de télécommunications des entreprises. Les prestations d’Econocom comprennent les services d’exploitation (infogérance, maintenance et conseil), l’approvisionnement en produits et solutions IT, les services télécoms, le financement et la gestion d’actifs. Le centre de Rabat (Maroc), centre opérationnel du Remote Services Center européen de l’activité de Services d’Econocom, a pour mission d’assurer un support clients efficace auprès des comptes existants et de contribuer à","Lancer 4K Talent Acquisition Specialist IT -RPO | Sala Al Jadida (Maroc) 3 Econocom recherche un(e) Talent Acquisition Specialist IT expérimenté(e) pour son centre de Rabat. Vous gérerez l'intégralité du processus de recrutement IT, du sourcing à la ",CDI,0
Stage en Finance,AXA GBS Morocco,Informatique,Sala Eljadida (Maroc),"Emploi - AXA GBS Morocco Entreprise: AXA GBS Morocco Secteur: Informatique Postes proposés: 17 Description: AXA Global Business Services – AXA GBS

At AXA Global Business Services, we believe in the power of partnerships, leveraging our expertise in business services and technology to support AXA entities in their core insurance operations, support functions, and digitization processes.

We are committed to developing fresh and innovative approaches that surpass expectations and address unique challenges. Our passionate team is dedicated to driving innovation and pushing boundaries further, leveraging unparalleled technical expertise to deliver top-notch solutions that add outstanding... [+] AXA Global Business Services – AXA GBS At AXA Global Business Services, we believe in the power of partnerships, leveraging our expertise in business services and technology to support AXA entities in their core insurance operations, support functions, and digitization processes. We are committed to developing fresh and innovative approaches that surpass expectations and address unique challenges. Our passionate team is dedicated to driving innovation and pushing boundaries further, leveraging ","Lancer 4K Stage en Finance | Sala Eljadida (Maroc) 14 Stage en Finance chez AXA GBS Morocco : rejoignez une équipe internationale pour soutenir les activités finance, achat et comptabilité. Vous contribuerez à l'optimisation du cycle Procure-to-Pay, ",STAGE,0
Chargé de participation,Fonds Hassan 2,Service public / Administration,Rabat (Maroc),"Emploi - Fonds Hassan 2 Entreprise: Fonds Hassan 2 Secteur: Service public / Administration Postes proposés: 1 Description: Créé initialement sous forme de compte d’affectation spéciale, en mars 2000, sur Hautes Instructions de Feu Sa Majesté le Roi Hassan II, le Fonds Hassan II pour le développement économique et social a été transformé, en 2002, en établissement public doté de la personnalité morale et de l’autonomie financière.

En vertu de la loi 36-01 portant création du Fonds Hassan II, ce dernier a pour mission de soutenir la réalisation de programmes et projets ayant des retombées... [+] Créé initialement sous forme de compte d’affectation spéciale, en mars 2000, sur Hautes Instructions de Feu Sa Majesté le Roi Hassan II , le Fonds Hassan II pour le développement économique et social a été transformé, en 2002, en établissement public doté de la personnalité morale et de l’autonomie financière. En vertu de la loi 36-01 portant création du Fonds Hassan II , ce dernier a pour mission de soutenir la réalisation de programmes et projets ayant des retombées structurantes à moyen et long terme, et visant le développement économique et social, s’inscrivant dans le cadre des stratég","Lancer 4K Chargé de participation | Rabat (Maroc) 6 Le Fonds Hassan II recrute un Chargé de participation. Vos missions incluront le suivi physique et financier des projets, la préparation des réunions de gouvernance et l'analyse de la performance de",CDI,0
Manager H/F,,,Safi (Maroc),"1                        - 10 sur 14 10 25 Page 1 2 sur            
             2 Lancer 4K Manager H/F | Safi (Maroc) 4 McDonald's Maroc recherche un Manager H/F pour garantir la qualité, le service, la propreté et la sécurité des restaurants. Vos missions incluent la satisfaction client, la gestion des stocks, la planification des équipes et leur évaluation. Ce poste est ouvert aux titulaires d'un Bac+2 minimum, avec une première expérience en management souhaitée. Publication : du 02/04/2026 au 02/06/2026 |  Postes proposés: 6 Secteur d'activité : Centre d'appels - Hôtellerie / Restauration Fonction : Centre d'appels (métiers de) , Hôtellerie / Restauration (métiers de) Expérience requise : Junior (1 à 3 ans) Niveau d'étude demandé : Bac +2 Type de contrat proposé : CDI - Télétravail : Non Lancer 4K Directeur de Restaurant H/F | Tout le Maroc (Maroc) 2 McDonald's Maroc recherche un Directeur de Restaurant H/F pour gérer un centre de profit, incluant les aspects managériaux, opérationnels, financiers et commerciaux. Vous devez avoir une formation Bac +3/5, 5 ans d'expérience minimum en restauration/hôtellerie/grande distribution, et d'excellentes compétences en management et ser","Lancer 4K Manager H/F | Safi (Maroc) 4 McDonald's Maroc recherche un Manager H/F pour garantir la qualité, le service, la propreté et la sécurité des restaurants. Vos missions incluent la satisfaction client, la gestion des stocks, la planification d",CDI,3
Chargé(e) de Communication Institutionnelle & Marketing,ALH Holding,Immobilier / Promoteur / Agence,Casablanca (Maroc),"Emploi - ALH Holding Entreprise: ALH Holding Secteur: Immobilier / Promoteur / Agence Postes proposés: 14 Description: Depuis plus de 60 ans, le Groupe ALH a relevé de nombreux défis. C'est notre capital humain, engagé à nos côtés, qui nous a permis de hisser le groupe parmi les acteurs majeurs du développement économique au Maroc, dans des secteurs tels que l’immobilier, l’agriculture, l’hôtellerie, l’éducation et autres secteurs à forte valeur ajoutée.

Notre force repose sur les valeurs essentielles de respect et de confiance que nous entretenons avec l'ensemble de nos collaborateurs, clients... [+] Depuis plus de 60 ans, le Groupe ALH a relevé de nombreux défis. C'est notre capital humain, engagé à nos côtés, qui nous a permis de hisser le groupe parmi les acteurs majeurs du développement économique au Maroc, dans des secteurs tels que l’immobilier, l’agriculture, l’hôtellerie, l’éducation et autres secteurs à forte valeur ajoutée. Notre force repose sur les valeurs essentielles de respect et de confiance que nous entretenons avec l'ensemble de nos collaborateurs, clients et partenaires. Tourné vers l'avenir, ALH consolide ses activités et poursuit son développement avec la mêm","Lancer 4K Chargé(e) de Communication Institutionnelle & Marketing | Casablanca (Maroc) 5 Groupe ALH recherche un(e) Chargé(e) de Communication Institutionnelle & Marketing pour gérer ses plateformes digitales, produire des supports de communication e",CDI,0
Informatique / Electronique                                                                 - Secteur Informatique,,,,"Chef de projet Sage X3 (Master Data) et Adminstrateur Réseau et Système - Mohammedia Informatique / Electronique                                                                 - Secteur Informatique Intermédiaire (3 à 5 ans) 1 poste(s) sur                                                                            Casablanca et région                                     - Maroc Bac +5 et plus Minimum
                                     - Master Recherche de nouveauté Respect des règles Extraversion Besoin d'objectivité Besoin de réflexion Besoin d'autonomie Implication au travail Ambition CDI Télétravail : Non Publiée il y a 11 jours sur ReKrute.com -
                                Postulez avant le 02/06/2026 J'aime Entreprise : Une entrepsie industrielle basée à Mohammedia, filiale d'un Groupe Marocain de renom. Poste : Rejoignez notre dynamique entreprise du secteur industriel, située au cœur de Mohemadia, en tant que Chef de Projet Système d'Information (Sage X3) et Master Data. C'est une opportunité exceptionnelle de mettre à profit votre expertise et de contribuer activement à l'évolution de nos infrastructures technologiques. Votre rôle sera crucial dans la garantie de la ",,CDI,5
Gestion / Comptabilité / Finance                                                                 - Secteur Comptabilité / Audit,,,,"Contrôleur Financier H/F - Casablanca Gestion / Comptabilité / Finance                                                                 - Secteur Comptabilité / Audit Confirmé (5 à 10 ans) Casablanca et région                                     - Maroc Bac +5 et plus 
                                     - Master Rationalisme CDI Télétravail : Non Publiée il y a 11 jours sur ReKrute.com -
                                Postulez avant le 02/06/2026 J'aime Entreprise : Une multinationale Française basée à Casablanca. Poste : Nous recherchons un Contrôleur Financier H/F pour notre filiale du groupe. Le/la candidat(e) idéal(e) aura une forte expertise technique en finance, prévisions, comptabilité, et saura collaborer efficacement avec les dirigeants de l’entreprise ainsi qu’avec les équipes corporate du groupe. Responsabilités Clés Gestion Financière & Reporting Gérer la gestion budgétaire, les prévisions et l’analyse des écarts pour soutenir les décisions. Superviser le reporting financier. Garantir la préparation précise et dans les délais des états financiers mensuels, trimestriels et annuels. Consolider et remonter les données financières au siège du groupe, en assurant le respec",dans la collaboration avec des sièges de groupe/corporate et dans la gestion de sujets financiers transfrontaliers.,CDI,5
Méthodes / Process / Industrialisation- Production / Qualité / Sécurité / Maintenance- Secteur Indifférent,,,,"Animateur HSE - Meknès Méthodes / Process / Industrialisation - Production / Qualité / Sécurité / Maintenance - Secteur Indifférent Débutant (-1 an)                                     - Junior (1 à 3 ans) 1 poste(s) sur                                                                            Meknès et région                                     - Maroc Bac +2 Minimum
                                     - BTS / DUT                                     - Formation professionnelle Respect des règles Besoin d'objectivité Rationalisme Ténacité Travail en équipe Implication au travail Humilité Organisation CDI Télétravail : Non Publiée il y a 11 jours sur ReKrute.com -
                                Postulez avant le 02/06/2026 J'aime Entreprise : Engagé en faveur du développement durable et de l’innovation, le groupe offre à ses talents un environnement stimulant, des parcours de carrière diversifiés et une culture d’entreprise fondée sur la performance et la responsabilité. Rejoignez une entreprise marocaine de référence, acteur clé dans des secteurs stratégiques. Vous souhaitez donner du sens à votre parcours professionnel ? Venez construire l’avenir avec nous. Poste : Rejoignez no",,CDI,5
Méthodes / Process / Industrialisation- Production / Qualité / Sécurité / Maintenance- Secteur Métallurgie / Sidérurgie								- Autres Industries,,,,"Chaudronnier - Meknès Méthodes / Process / Industrialisation - Production / Qualité / Sécurité / Maintenance - Secteur Métallurgie / Sidérurgie								- Autres Industries Intermédiaire (3 à 5 ans)                                     - Confirmé (5 à 10 ans) 1 poste(s) sur                                                                            Meknès et région                                     - Maroc Bac +2 Minimum
                                     - BTS / DUT Recherche de nouveauté Respect des règles Besoin d'objectivité Rationalisme Ténacité Besoin de réflexion Organisation CDI Télétravail : Non Publiée il y a 11 jours sur ReKrute.com -
                                Postulez avant le 24/05/2026 J'aime Entreprise : Groupe industriel et commercial d'envergure nationale, reconnu pour son expertise dans divers secteurs stratégiques, recherche à renforcer ses équipes dans le cadre de son développement continu. Fort d'une présence établie sur le marché marocain, le groupe se distingue par son engagement envers l'excellence, l'innovation et la durabilité. Nous offrons un environnement stimulant, propice à l'évolution professionnelle, au sein d'une structure valorisant la perfor",,CDI,5
Logistique / Transport (métiers de)- Distribution (métiers de la)- Secteur Distribution								-,,,,"Responsable Parc Auto (H/F) - Bouskoura Logistique / Transport (métiers de) - Distribution (métiers de la) - Secteur Distribution								- Intermédiaire (3 à 5 ans) 1 poste(s) sur                                                                            Casablanca et région                                     - Maroc Bac +3 Minimum Recherche de nouveauté Respect des règles Besoin d'action Travail en équipe Flexibilité Implication au travail Organisation CDI Télétravail : Non Publiée il y a 11 jours sur ReKrute.com -
                                Postulez avant le 02/06/2026 J'aime Entreprise : Depuis 30 ans, Foods & Goods est un des leader national dans l’importation, la distribution et la construction de marques de produits alimentaires et boissons (alcoolisées et non alcoolisées). Présent sur toutes les catégories de produits, Foods & Goods veut mettre en avant, à tous les niveaux l’excellence de ses marques, de ses équipes et de son savoir-faire. Ses collaborateurs et son management s’engagent sur les valeurs suivantes : culture du résultat , exigence , professionnalisme , intégrité , passion et esprit d’équipe. Poste : Au sein du département Logistique, vous êtes en charge d",,CDI,5
Enseignement                                                                 - Secteur Enseignement / Formation,,,,"Délégués pédagogiques (édition scolaire) (H/ F) - Casablanca Enseignement                                                                 - Secteur Enseignement / Formation Junior (1 à 3 ans)                                     - Intermédiaire (3 à 5 ans) 1 poste(s) sur                                                                            Casablanca et région                                     - Maroc Bac +3 Minimum
                                     - Licence                                     - Master Recherche de nouveauté Respect des règles Extraversion Besoin de réflexion Organisation CDI Télétravail : Non Poste avec Management Publiée il y a 11 jours sur ReKrute.com -
                                Postulez avant le 02/06/2026 J'aime Entreprise : Notre maison d’édition recrute des délégués pédagogiques dynamiques et motivés pour promouvoir nos ouvrages scolaires et ressources pédagogiques auprès des établissements d’enseignement. Poste : Présenter et valoriser nos produits auprès des écoles, collèges et institutions éducatives ; Développer des relations de confiance avec les responsables pédagogiques et administratifs ; Assurer la promotion pédagogique de nos ouvrag","dans le secteur éducatif ou commercial (souhaitée),",CDI,5
Technicien de maintenance électrique,Plastima,Plasturgie,Mohammédia (Maroc),"Emploi - Plastima Entreprise: Plastima Secteur: Plasturgie Postes proposés: 1 Description: Fondée en 1969, Plastima est le leader incontesté du marché marocain dans la fabrication et la transformation des matières plastiques.



Depuis plus de 55 ans, nous investissons dans la recherche et le développement, ainsi que dans des équipements industriels de pointe, afin d’atteindre les normes de qualité les plus exigeantes au niveau international. La qualité de nos produits et la diversité de nos gammes nous ont permis de nous établir dans plus de 30 pays à travers le monde.



Fidèles... [+] Fondée en 1969, Plastima est le leader incontesté du marché marocain dans la fabrication et la transformation des matières plastiques. Depuis plus de 55 ans, nous investissons dans la recherche et le développement, ainsi que dans des équipements industriels de pointe, afin d’atteindre les normes de qualité les plus exigeantes au niveau international. La qualité de nos produits et la diversité de nos gammes nous ont permis de nous établir dans plus de 30 pays à travers le monde. Fidèles à l’esprit de notre groupe, nous sommes en quête de nouvelles compétences pour partager notre passion pour ce méti",Lancer 4K Technicien de maintenance électrique | Mohammédia (Maroc) 2 Plastima recherche un Technicien de maintenance électrique à Mohammédia pour assurer la maintenance préventive et corrective des équipements industriels. Vous interviendrez sur les,CDI,0
Trésorier,Transmel,Transport / Messagerie / Logistique,Casablanca (Maroc),"Emploi - Transmel Entreprise: Transmel Secteur: Transport / Messagerie / Logistique Postes proposés: 2 Description: Transmel Group est un acteur historique du transport et de la logistique au Maroc, présent depuis 1948. Fort de plus de 70 ans d’expertise terrain, le Groupe accompagne des clients de secteurs exigeants (industrie, agroalimentaire, automobile…) grâce à des solutions fiables en transport national et international, stockage et logistique, ainsi qu’en freight forwarding (maritime, routier, aérien). Transmel Overseas se distingue également par une expertise reconnue dans la logistique des foires, salons et événements, au Maroc et... [+] Transmel Group est un acteur historique du transport et de la logistique au Maroc, présent depuis 1948. Fort de plus de 70 ans d’expertise terrain, le Groupe accompagne des clients de secteurs exigeants (industrie, agroalimentaire, automobile…) grâce à des solutions fiables en transport national et international , stockage et logistique , ainsi qu’en freight forwarding (maritime, routier, aérien). Transmel Overseas se distingue également par une expertise reconnue dans la logistique des foires, salons et événements , au Maroc et à l’intern","Lancer 4K Trésorier | Casablanca (Maroc) 7 Transmel Group recherche un(e) Trésorier expérimenté(e) à Casablanca. Vos missions incluront la gestion quotidienne de la trésorerie, le suivi des flux financiers, la prévision et l'optimisation des liquidit",CDI,7
Chargé(e) d’Import (H/F),Locamed,Autres services,Rabat (Maroc),"Emploi - Locamed Entreprise: Locamed Secteur: Autres services Postes proposés: 15 Description: Depuis plus de 30 ans, LOCAMED est le leader de la distribution de matériel médical au Maroc. Nous proposons une large gamme de produits couvrant l’orthopédie, l’aide à la mobilité, le maintien à domicile, l’équipement hospitalier, la kinésithérapie, le sport et les secours, ainsi que le consommable médical.


Importateur et distributeur exclusif de marques de renommée mondiale, nous garantissons des produits de qualité validés par les professionnels de santé. Notre expertise... [+] Depuis plus de 30 ans, LOCAMED est le leader de la distribution de matériel médical au Maroc. Nous proposons une large gamme de produits couvrant l’orthopédie, l’aide à la mobilité, le maintien à domicile, l’équipement hospitalier, la kinésithérapie, le sport et les secours, ainsi que le consommable médical. Importateur et distributeur exclusif de marques de renommée mondiale, nous garantissons des produits de qualité validés par les professionnels de santé. Notre expertise nous permet d’accompagner efficacement nos clients dans leurs choix d’équipement et de prescriptions médicales. Avec 30 magasins dans les ","Lancer 4K Chargé(e) d’Import (H/F) | Rabat (Maroc) 3 LOCAMED recrute un(e) Chargé(e) d’Import (H/F) à Rabat, Maroc. Vos responsabilités incluent la gestion des opérations d'importation, des relations fournisseurs et de la conformité douanière. Profil",CDI,0
Assistanat de Direction / Services Généraux                                                                 - Secteur Autres services,,,,"Receptionniste - Casablanca Assistanat de Direction / Services Généraux                                                                 - Secteur Autres services Débutant (-1 an) 1 poste(s) sur                                                                            Casablanca et région                                     - Maroc Bac +1 Minimum
                                     - DEUG Conventionnel Respect des règles Extraversion Volonté de persuasion Sensibilité émotionnelle Flexibilité Equilibre personnel Organisation Intérim Télétravail : Non Publiée il y a 11 jours sur ReKrute.com -
                                Postulez avant le 02/06/2026 J'aime Entreprise : Entreprise dynamique dans le secteur du bien-être et du sport, reconnue pour la qualité de ses services et son engagement envers ses clients. L’environnement de travail est stimulant, moderne et axé sur la satisfaction des clients à la recherche d'une receptionniste Poste : Accueillir les clients avec professionnalisme Gérer les inscriptions et les adhésions Fournir des informations sur les services et activités Orienter les clients selon leurs besoins Maintenir l’espace d’accueil propre et organisé Assurer le suiv",,,5
Responsable RH,Yazaki Morocco,Automobile / Motos / Cycles,Meknès (Maroc),"Emploi - Yazaki Morocco Entreprise: Yazaki Morocco Secteur: Automobile / Motos / Cycles Postes proposés: 7 Description: YAZAKI’s timeline of success dates back to 1929 when Sadami YAZAKI began selling wiring harnesses for automobiles.

As a truly global company deeply rooted in Japanese cultural traditions and values, YAZAKI strives to be a reliable partner to its customers as well as a promoter of environmental sustainability throughout the world.
 
We are especially proud to be the world's largest producer of wiring harnesses and at the same time offering environmental systems, with emphasis on energy-related equipment.

As part of Yazaki activities growth in Morocco , we are hiring... [+] YAZAKI’s timeline of success dates back to 1929 when Sadami YAZAKI began selling wiring harnesses for automobiles. As a truly global company deeply rooted in Japanese cultural traditions and values, YAZAKI strives to be a reliable partner to its customers as well as a promoter of environmental sustainability throughout the world. We are especially proud to be the world's largest producer of wiring harnesses and at the same time offering environmental systems, with emphasis on energy-related equ","Lancer 4K Responsable RH | Meknès (Maroc) 5 YAZAKI recherche un Responsable RH à Meknès pour gérer le recrutement, les programmes de stage, l'administration RH et la conformité. Le candidat idéal possède un Master (Bac+5), 3 à 5 ans d'expérience en R",CDI,3
Centre d'appels (métiers de)                                                                 - Secteur Centre d'appels,,,,"Superviseur Service Client Bilingue FR/EN - Casablanca Centre d'appels (métiers de)                                                                 - Secteur Centre d'appels Intermédiaire (3 à 5 ans) 1 poste(s) sur                                                                            Casablanca et région                                     - Maroc Bac +5 et plus Minimum
                                     - Licence                                     - Master Respect des règles Volonté de persuasion Distance émotionnelle Ténacité Besoin d'action Travail en équipe Implication au travail Organisation CDI Télétravail : Non Poste avec Management Publiée il y a 12 jours sur ReKrute.com -
                                Postulez avant le 01/06/2026 J'aime Entreprise : Notre cabinet de recrutement accompagne les entreprises dans l’identification, la sélection et l’intégration des meilleurs talents adaptés à leurs besoins stratégiques. Nous intervenons dans différents secteurs d’activité (industrie, services, médical, finance, IT, BTP, etc.) en proposant des solutions personnalisées et efficaces. Poste : Dans le cadre d’un projet international, vous serez le pilier de l’activité, gar",confirmée en supervision d’équipe,CDI,5
Commercial,Ingelec,Electricité,Casablanca (Maroc),"Emploi - Ingelec Entreprise: Ingelec Secteur: Electricité Postes proposés: 4 Description: Rejoindre INGELEC, c’est intégrer une entreprise familiale marocaine fondée en 1975, portée par une culture de confiance et de valeurs fortes au sein du Groupe Sekkat

Au quotidien, tu évolues dans un environnement industriel solide, avec 5 sites de production à Casablanca et des équipes passionnées qui fabriquent et assemblent des solutions électriques reconnues pour leur qualité.
Chez INGELEC, l’humain est central : plus de 1 300 collaborateurs contribuent chaque jour à des projets concrets, utiles, et... [+] Rejoindre INGELEC , c’est intégrer une entreprise familiale marocaine fondée en 1975 , portée par une culture de confiance et de valeurs fortes au sein du Groupe Sekkat Au quotidien, tu évolues dans un environnement industriel solide, avec 5 sites de production à Casablanca et des équipes passionnées qui fabriquent et assemblent des solutions électriques reconnues pour leur qualité. Chez INGELEC, l’humain est central : plus de 1 300 collaborateurs contribuent chaque jour à des projets concrets, utiles, et exigeants. Tu peux aussi grandir en continu grâce à une dynamique de transmission ","Lancer 4K Commercial | Casablanca (Maroc) 1 INGELEC recherche un Commercial à Casablanca pour développer son chiffre d'affaires et renforcer les relations clients dans le secteur de l'électricité. Vous serez responsable de la prospection, de la promo",CDI,0
Superviseur Restauration - Clinique,AKDITAL,Pharmacie / Santé,Agadir (Maroc),"Emploi - AKDITAL Entreprise: AKDITAL Secteur: Pharmacie / Santé Postes proposés: 27 Description: Suivre 1                        - 10 sur 20 10 25 Page 1 2 sur            
             2 Lancer 4K Superviseur Restauration - Clinique | Agadir (Maroc) 1 Superviseur Restauration recherché pour clinique privée à Inzegane. Responsable de la conformité des services, de l'hygiène, de la gestion des stocks et de l'application des procédures. Profil Bac+2/3 en Hôtellerie/Restauration avec expérience confirmée et connaissances QHSE requises. CDI. Publication : du 01/04/2026 au 01/06/2026 |  Postes proposés: 1 Secteur d'activité : Hôtellerie / Restauration Fonction : Hôtellerie / Restauration (métiers de) Expérience requise : Intermédiaire (3 à 5 ans) Niveau d'étude demandé : Bac +2 Type de contrat proposé : CDI - Télétravail : Non Lancer 4K Comptable | Casablanca (Maroc) 12 Le Groupe AKDITAL, leader de la santé privée au Maroc, recrute des Comptables expérimentés à Casablanca. Vos missions incluront la préparation des états financiers et des déclarations fiscales. Vous justifiez d'un Bac+3 et d'au moins deux ans d'expérience en cabinet comptable. Publication : du 31/03/2026 au 31/05/2026 |  ","Lancer 4K Superviseur Restauration - Clinique | Agadir (Maroc) 1 Superviseur Restauration recherché pour clinique privée à Inzegane. Responsable de la conformité des services, de l'hygiène, de la gestion des stocks et de l'application des procédures.",CDI,6
VQR & Innovation Brand  Manager,Groupe Bel,Agroalimentaire,Casablanca (Maroc),"Emploi - Groupe Bel Entreprise: Groupe Bel Secteur: Agroalimentaire Postes proposés: 11 Description: Bel est un acteur majeur de l’alimentation à travers des portions de bien manger laitières, fruitières ou végétales, et l’un des leaders mondiaux du secteur des fromages de marque. Son portefeuille de produits différenciés et d’envergure internationale tels que La Vache qui rit, Kiri, Babybel, Boursin, Nurishh, Pom’Potes ou GoGo squeeZ, ainsi qu’une trentaine d’autres marques locales, lui ont permis de réaliser un chiffre d’affaires de 3 645 millions d’euros en 2023.

10 902 collaborateurs... [+] Bel est un acteur majeur de l’alimentation à travers des portions de bien manger laitières, fruitières ou végétales, et l’un des leaders mondiaux du secteur des fromages de marque. Son portefeuille de produits différenciés et d’envergure internationale tels que La Vache qui rit, Kiri, Babybel, Boursin, Nurishh, Pom’Potes ou GoGo squeeZ, ainsi qu’une trentaine d’autres marques locales, lui ont permis de réaliser un chiffre d’affaires de 3 645 millions d’euros en 2023. 10 902 collaborateurs répartis dans 51 filiales dans le monde contribuent à déployer la mission du Groupe : offrir une alimen",Lancer 4K VQR & Innovation Brand  Manager | Casablanca (Maroc) 6 Bel recherche un La Vache Qui Rit & Innovation Brand Manager pour développer et exécuter la stratégie de marque afin de stimuler une croissance durable. Vos responsabilités incluront l',CDI,0
Agent Commercial de Comptoir,Top Business,Distribution,Casablanca (Maroc),"Emploi - Top Business Entreprise: Top Business Secteur: Distribution Postes proposés: 4 Description: Alliant l’expertise d’un grand groupe et la convivialité d’une entreprise à taille humaine, Top Business a nourri, dès sa création en 1992, une ambition à la hauteur de ses compétences : convertir les besoins de ses clients en fournitures de bureau en solutions innovantes et adaptées.

Top Business a su rester fidèle à ses origines tout en se réinventant pour accompagner les mutations du marché, la propulsant ainsi au Top 500 des plus grandes entreprises au Maroc en 2005.

Passion de... [+] Alliant l’expertise d’un grand groupe et la convivialité d’une entreprise à taille humaine, Top Business a nourri, dès sa création en 1992, une ambition à la hauteur de ses compétences : convertir les besoins de ses clients en fournitures de bureau en solutions innovantes et adaptées. Top Business a su rester fidèle à ses origines tout en se réinventant pour accompagner les mutations du marché, la propulsant ainsi au Top 500 des plus grandes entreprises au Maroc en 2005. Passion de servir auprès de nos clients, esprit de responsabilité mutuelle vis-à-vis de nos fournisseurs, et ouverture d’esprit","Lancer 4K Agent Commercial de Comptoir | Casablanca (Maroc) 3 TOP BUSINESS recherche un Agent Commercial de Comptoir à Casablanca. Vous serez responsable de l'accueil client, du traitement des commandes, et du développement du chiffre d'affaires. Un ",CDI,0
Responsable Bureau de Gestion Direct (H/F),Royale Marocaine d'Assurance,Assurance / Courtage,Tan Tan (Maroc),"Emploi - Royale Marocaine d'Assurance Entreprise: Royale Marocaine d'Assurance Secteur: Assurance / Courtage Postes proposés: 700 Description: Forte de plus de 70 ans d’existence sur le marché, Royale Marocaine d’Assurance, filiale de O ’Capital est un acteur de référence des métiers de l’assurance, leader de son secteur.

Assureur généraliste, RMA emploie plus de 1000 collaborateurs qui mettent leur expertise au service de la satisfaction de milliers d’assurés au quotidien et dans l’accomplissement de leurs projets personnels et professionnels.

Vous êtes dynamique, responsable, et engagé(e) ?

Devenez Agent... [+] Forte de plus de 70 ans d’existence sur le marché, Royale Marocaine d’Assurance, filiale de O ’Capital est un acteur de référence des métiers de l’assurance, leader de son secteur. Assureur généraliste, RMA emploie plus de 1000 collaborateurs qui mettent leur expertise au service de la satisfaction de milliers d’assurés au quotidien et dans l’accomplissement de leurs projets personnels et professionnels. Vous êtes dynamique, responsable, et engagé(e) ? Devenez Agent Général en profitant de l'expertise d'un Groupe Leader. [-] Suivre 1                        - 10 sur 14 1","Lancer 4K Responsable Bureau de Gestion Direct (H/F) | Tan Tan (Maroc) 2 Rejoignez RMA, leader de l'assurance au Maroc, en tant que Responsable Bureau de Gestion Direct (H/F) dans votre région. Vous développerez un portefeuille clients, proposerez de",,0
Call Center Agent - Outbound,Air Arabia,Aéronautique / Spatial,Casablanca (Maroc),"Emploi - Air Arabia Entreprise: Air Arabia Secteur: Aéronautique / Spatial Postes proposés: 18 Description: Air Arabia (PJSC), listed on the Dubai Financial Market, is the Middle East and North Africa’s first and leading low-cost carrier flying to over 150 destinations across the world. Air Arabia was the first airline to introduce the low-cost carrier concept in the region and is on a mission to serve all Arab countries and beyond, constantly undergoing aggressive route expansion, taking advantage of its ideally located hubs in the United Arab Emirates, Morocco and Egypt. Over the past years, Air Arabia, through continuous market research and customer feedback, has provided a range of value... [+] Air Arabia (PJSC), listed on the Dubai Financial Market, is the Middle East and North Africa’s first and leading low-cost carrier flying to over 150 destinations across the world. Air Arabia was the first airline to introduce the low-cost carrier concept in the region and is on a mission to serve all Arab countries and beyond, constantly undergoing aggressive route expansion, taking advantage of its ideally located hubs in the United Arab Emirates, Morocco and Egypt. Over the past years,","Lancer 4K Call Center Agent - Outbound | Casablanca (Maroc) 2 Air Arabia Maroc recherche un Agent de Centre d'Appels - Ventes Externes à Casablanca. Le rôle consiste à développer les ventes de groupes, forfaits vacances et téléventes, tout en gérant ",CDI,0
Chargé des Cartes Monétique,Attijari Payment Processing,Banque / Finance,Casablanca (Maroc),"Emploi - Attijari Payment Processing Entreprise: Attijari Payment Processing Secteur: Banque / Finance Postes proposés: 2 Description: Attijari Payment Processing, Filiale Monétique du Groupe Attijariwafa bank, centralise au Maroc les traitements monétiques de l’ensemble des filiales du Groupe. Elle accompagne ces dernières dans l'optimisation de leurs coûts d’investissement et garantit le bon fonctionnement de l’activité monétique. Elle leur permet, entre autres, d’innover en proposant des produits et des services à forte valeur ajoutée et surtout d'aligner leur stratégie monétique à celle du Groupe.
... [+] Attijari Payment Processing , Filiale Monétique du Groupe Attijariwafa bank , centralise au Maroc les traitements monétiques de l’ensemble des filiales du Groupe. Elle accompagne ces dernières dans l'optimisation de leurs coûts d’investissement et garantit le bon fonctionnement de l’activité monétique. Elle leur permet, entre autres, d’innover en proposant des produits et des services à forte valeur ajoutée et surtout d'aligner leur stratégie monétique à celle du Groupe. [-] Suivre 1                        - 1 sur 1 Page 1 sur            
             1 Lancer 4K Chargé des Ca","Lancer 4K Chargé des Cartes Monétique | Casablanca (Maroc) 11 Attijari Payment recrute un Charge des Cartes Monétiques (Bac+2/3 Informatique, finance) pour gérer l'installation, le suivi des incidents et la facturation des cartes bancaires. Une expér",CDD,0
Informatique / Electronique                                                                 - Secteur Assurance / Courtage								- Informatique,,,,"Project Manager (Technology Change) (H/ F) - Casablanca Informatique / Electronique                                                                 - Secteur Assurance / Courtage								- Informatique Expert (10 à 20 ans) 3 poste(s) sur                                                                            Casablanca et région                                     - Maroc Bac +5 et plus Minimum
                                     - Master Besoin d'autonomie Besoin de réflexion Ambition Implication au travail Recherche de nouveauté CDI Télétravail : Hybride Poste avec Management Publiée il y a 13 jours sur ReKrute.com -
                                Postulez avant le 31/05/2026 J'aime Entreprise : Dans le cadre du portefeuille Technology Change, nous recherchons une ressources séniore en tant que Project Manager capable de piloter des initiatives complexes de transformation technologique dans un environnement dynamique, exigeant et en forte évolution. Poste : le Programme Manager doit être capable de prendre en charge des programmes technologiques majeurs, notamment : Pilotage de programmes et projets de transformation IT à forte visibilité. Coordination de multiples streams te",,CDI,5
Informatique / Electronique                                                                 - Secteur Assurance / Courtage								- Informatique,,,,"Programme Manager (Technology Change) (H/ F) - Casablanca Informatique / Electronique                                                                 - Secteur Assurance / Courtage								- Informatique Confirmé (5 à 10 ans)                                     - Expert (10 à 20 ans) Casablanca et région                                     - Maroc Bac +5 et plus Minimum
                                     - Master Besoin d'autonomie Besoin de réflexion Ambition Implication au travail Recherche de nouveauté CDI Télétravail : Hybride Poste avec Management Publiée il y a 13 jours sur ReKrute.com -
                                Postulez avant le 31/05/2026 J'aime Entreprise : Dans le cadre du portefeuille Technology Change, nous recherchons une ressources séniore en tant que Programme Manager capable de piloter des initiatives complexes de transformation technologique dans un environnement dynamique, exigeant et en forte évolution. Poste : le Programme Manager doit être capable de prendre en charge des programmes technologiques majeurs, notamment : Pilotage de programmes et projets de transformation IT à forte visibilité. Coordination de multiples streams techniques (cloud, migration",,CDI,5
Production / Qualité / Sécurité / Maintenance                                                                 - Secteur Agroalimentaire,,,,"Responsable Qualité Hygiène & Environnement - Casablanca Production / Qualité / Sécurité / Maintenance                                                                 - Secteur Agroalimentaire Confirmé (5 à 10 ans) 1 poste(s) sur                                                                            Casablanca et région                                     - Maroc Bac +5 et plus 
                                     - Ecole d'ingénieur Conventionnel Créativité Flexibilité Organisation CDI Télétravail : Non Poste avec Management Publiée il y a 13 jours sur ReKrute.com -
                                Postulez avant le 31/05/2026 J'aime Entreprise : Dans le cadre du renforcement de nos équipes, nous recrutons un(e) Responsable Qualité, Hygiène & Environnement  pour accompagner nos activités de catering aérien. Poste : Rattaché(e) à la direction Générale, vous aurez pour principales responsabilités : Déployer et piloter le système de management Qualité, Hygiène et Environnement Veiller au respect des normes sanitaires et réglementaires en vigueur dans le secteur du catering aérien Mettre en place et suivre les procédures HACCP et les standards qualité Réaliser des audits internes ",,CDI,5
Helpdesk Francophone,Bouygues Construction IT,Informatique,Casablanca (Maroc),"Emploi - Bouygues Construction IT Entreprise: Bouygues Construction IT Secteur: Informatique Postes proposés: 2 Description: Bouygues Construction IT est en charge des Systèmes d’Information de Bouygues Construction. Son objectif est d’apporter aux utilisateurs de Bouygues Construction, en France et à l’International, des services informatiques de qualité, adaptés à leurs métiers et à leurs usages. Les missions de Bouygues Construction IT Maroc:   


	Réaliser et livrer des projets informatiques 
	Exploiter les infrastructures informatiques et les... [+] Bouygues Construction IT est en charge des Systèmes d’Information de Bouygues Construction . Son objectif est d’apporter aux utilisateurs de Bouygues Construction, en France et à l’ International, des services informatiques de qualité, adaptés à leurs métiers et à leurs usages. Les missions de Bouygues Construction IT Maroc : Réaliser et livrer des projets informatiques Exploiter les infrastructures informatiques et les applications Assister les utilisateurs Assurer la continuité du fonctionnement du poste de travail [-] Suivre 1                        - 2 sur 2 Page 1 sur            
             1 Lancer 4K Helpdesk Francophone |",Lancer 4K Helpdesk Francophone | Casablanca (Maroc) 2 Bouygues Construction IT recherche un Helpdesk Francophone pour assurer l'assistance informatique téléphonique des utilisateurs du groupe. Vos missions incluent le diagnostic et la résolution d'in,CDI,3
Contrôleur de Gestion Opérationnel,Sinofra Group,Automobile / Motos / Cycles,Fès (Maroc),"Emploi - Sinofra Group Entreprise: Sinofra Group Secteur: Automobile / Motos / Cycles Postes proposés: 2 Description: Motard Motocycles est une marque de motocycles marocaine en pleine croissance spécialisée dans la conception, l’importation et bientôt la fabrication locale de motos. 

Nous sommes un important fournisseur d’engins de première qualité. Notre mission est de redéfinir les standards de mobilité à deux roues en offrant des motos qui incarnent l'élégance, la performance et la durabilité.

Nous sommes déterminés à forger un avenir où chaque motard au Maroc peut... [+] Motard Motocycles est une marque de motocycles marocaine en pleine croissance spécialisée dans la conception, l’importation et bientôt la fabrication locale de motos . Nous sommes un important fournisseur d’engins de première qualité. Notre mission est de redéfinir les standards de mobilité à deux roues en offrant des motos qui incarnent l'élégance, la performance et la durabilité. Nous sommes déterminés à forger un avenir où chaque motard au Maroc peut expérimenter la liberté avec excellence et fiabilité. [-] Suivre 1                        - 2 sur 2 Page 1 sur            
             1 Lancer 4K Contrôleu","Lancer 4K Contrôleur de Gestion Opérationnel | Fès (Maroc) 4 Motard Motocycles recherche un Contrôleur de Gestion Opérationnel pour fiabiliser et structurer les données financières et opérationnelles. Vous assurerez la traçabilité des flux, le contrô",CDI,0
Production / Qualité / Sécurité / Maintenance                                                                 - Secteur Agroalimentaire,,,,"Responsable production - Casablanca Production / Qualité / Sécurité / Maintenance                                                                 - Secteur Agroalimentaire Confirmé (5 à 10 ans) 1 poste(s) sur                                                                            Casablanca et région                                     - Maroc Bac +5 et plus 
                                     - Ecole d'ingénieur Respect des règles Besoin d'objectivité Travail en équipe CDI Télétravail : Non Poste avec Management Publiée il y a 13 jours sur ReKrute.com -
                                Postulez avant le 31/05/2026 J'aime Entreprise : Dans le cadre du renforcement de nos équipes, nous recrutons un(e) Responsable Production spécialisé(e) dans le catering aérien. Poste : Rattaché(e) à la direction, vous serez en charge de piloter et coordonner l’ensemble des activités de production, notamment : Le management opérationnel des trois départements : Pick & Pack, Make & Pack et Wash & Pack L’organisation et l’optimisation des flux de production dans le respect des normes qualité, hygiène et sécurité Le suivi de la performance des équipes et la mise en place d’actions d’amélioration co",,CDI,5
Marketing                                                                 - Secteur Indifférent,,,,"Chef de marque programmes communautaires - Casablanca Marketing                                                                 - Secteur Indifférent Intermédiaire (3 à 5 ans) 1 poste(s) sur                                                                            Casablanca et région                                     - Maroc Bac +5 et plus 
                                     - Master                                     - Université Respect des règles Besoin d'objectivité Flexibilité Besoin de réflexion Travail en équipe Implication au travail Ambition Organisation CDI Télétravail : Non Poste avec Management Publiée il y a 13 jours sur ReKrute.com -
                                Postulez avant le 31/05/2026 J'aime Entreprise : Rejoignez une entreprise marocaine de référence, acteur clé dans des secteurs stratégiques. Engagé en faveur du développement durable et de l’innovation, le groupe offre à ses talents un environnement stimulant, des parcours de carrière diversifiés et une culture d’entreprise fondée sur la performance et la responsabilité. Vous souhaitez donner du sens à votre parcours professionnel ? Venez construire l’avenir avec nous. Poste : Vous souhaitez évoluer ",,CDI,5
"Assistant(e) Technique, Administratif(ve) & Commercial(e)",CMC Maroc,BTP / Génie Civil,Casablanca (Maroc),"Emploi - CMC Maroc Entreprise: CMC Maroc Secteur: BTP / Génie Civil Postes proposés: 3 Description: CMC MAROC est une société de prestation de service, spécialisée dans la maitrise d'ouvrage deleguée, l'assistance à maitrise d'ouvrage et l'OPC dans le secteur du BTP CMC MAROC est une société de prestation de service, spécialisée dans la maitrise d'ouvrage deleguée, l'assistance à maitrise d'ouvrage et l'OPC dans le secteur du BTP [-] Suivre 1                        - 3 sur 3 Page 1 sur            
             1 Lancer 4K Assistant(e) Technique, Administratif(ve) & Commercial(e) | Casablanca (Maroc) 9 CMC MAROC recherche un(e) Assistant(e) Technique, Administratif(ve) & Commercial(e) polyvalent(e) pour accompagner la direction et les équipes projets. Vos missions incluront le suivi de facturation, la gestion documentaire, le support commercial (appels d'offres, réseaux sociaux) et le support technique aux projets. Profil Bac+2/3 avec 2-5 ans d'expérience, maîtrise Excel, notions de facturation/comptabilité et aisance digitale requises. Publication : du 31/03/2026 au 31/05/2026 |  Postes proposés: 1 Secteur d'activité : BTP / Génie Civil - Comptabilité / Audit Fonction : Gestion / C","Lancer 4K Assistant(e) Technique, Administratif(ve) & Commercial(e) | Casablanca (Maroc) 9 CMC MAROC recherche un(e) Assistant(e) Technique, Administratif(ve) & Commercial(e) polyvalent(e) pour accompagner la direction et les équipes projets. Vos mis",CDI,0
Conseillers en assurance - Gestionnaires sinistres Auto et habitation,AXA Services Maroc,Assurance / Courtage,Rabat / Technopolis (Maroc),"Emploi - AXA Services Maroc Entreprise: AXA Services Maroc Secteur: Assurance / Courtage Postes proposés: 122 Description: AXA Services Maroc est le centre d'expertise en relation client au Maroc des sociétés : AXA France, AXA Direct France, AXA Assistance, AXA Belgique et AXA Suisse

Présents à Rabat depuis mai 2004 et à Kénitra depuis 2024, nous sommes à ce jour plus de 4 500 collaborateurs.

Nous rejoindre :


	C'est choisir la première marque d'assurance mondiale
	C'est bénéficier d'une multitude d'avantages bien au-delà des normes du marché
	C'est évoluer dans un... [+] AXA Services Maroc est le centre d'expertise en relation client au Maroc des sociétés : AXA France, AXA Direct France, AXA Assistance, AXA Belgique et AXA Suisse Présents à Rabat depuis mai 2004 et à Kénitra depuis 2024, nous sommes à ce jour plus de 4 500 collaborateurs. Nous rejoindre : C'est choisir la première marque d'assurance mondiale C'est bénéficier d'une multitude d'avantages bien au-delà des normes du marché C'est évoluer dans un environnement valorisant proposant une diversité de métiers C'est intégrer un groupe responsable, offrant une véritable culture d'entreprise, basée sur le développement des ",Lancer 4K Conseillers en assurance - Gestionnaires sinistres Auto et habitation | Rabat / Technopolis (Maroc) 2 AXA Services Maroc recherche des Conseillers en assurance - Gestionnaires sinistres Auto et habitation à Rabat. Vos missions incluent la g,CDI,0
Ingénieur Travaux  F/H,VINCI Energies Afrique de l'Ouest,Autres Industries,Casablanca (Maroc),"Emploi - VINCI Energies Afrique de l'Ouest Entreprise: VINCI Energies Afrique de l'Ouest Secteur: Autres Industries Description: À Propos de VINCI Energies Afrique de l'Ouest

VINCI Energies Afrique de l'Ouest (VEAO) est un pôle de VINCI Energie, entité du Groupe VINCI, regroupant plus de 3000 collaborateurs répartis à travers 5 pays de la région (Bénin, Côte d'Ivoire, Guinée, Sénégal, Maroc et Mauritanie) et représenté par 6 marques : Omexom, Actemium, Axians, Citeos, Cegelec, VINCI Energies Building Solutions et VINCI Facilities.

Présent au Maroc à travers la marque Cegelec depuis 1946 et solidement... [+] À Propos de VINCI Energies Afrique de l'Ouest VINCI Energies Afrique de l'Ouest (VEAO) est un pôle de VINCI Energie, entité du Groupe VINCI, regroupant plus de 3000 collaborateurs répartis à travers 5 pays de la région (Bénin, Côte d'Ivoire, Guinée, Sénégal, Maroc et Mauritanie) et représenté par 6 marques : Omexom, Actemium, Axians, Citeos, Cegelec, VINCI Energies Building Solutions et VINCI Facilities. Présent au Maroc à travers la marque Cegelec depuis 1946 et solidement ancré en Afrique par ses 55 entreprises, VEAO offre aujourd’hui à ses partenaires une large palette d’ex",Lancer 4K Ingénieur Travaux  F/H | Casablanca (Maroc) 12 VINCI Energies Afrique de l'Ouest recherche un Ingénieur Travaux H/F pour gérer et coordonner des projets d'installations électriques (CFO-CFA) dans un environnement industriel. Le poste requie,CDI,8
Chargé(e) de Communication & Digital,,,Casablanca (Maroc),"1                        - 4 sur 4 Page 1 sur            
             1 Lancer 4K Chargé(e) de Communication & Digital | Casablanca (Maroc) 2 ARCOL recrute un(e) Chargé(e) de Communication & Digital expérimenté(e) (Bac+5, min. 2 ans). Vous définirez et mettrez en œuvre la stratégie de communication digitale et traditionnelle, développerez le contenu créatif, et animerez les réseaux sociaux et influenceurs. Poste basé à [lieu si connu], idéal pour un professionnel passionné par le brand content et les outils digitaux. Publication : du 31/03/2026 au 31/05/2026 |  Postes proposés: 1 Secteur d'activité : Agence pub / Marketing Direct - Chimie / Parachimie / Peintures Fonction : Communication / Publicité / RP , Marketing Expérience requise : Junior (1 à 3 ans) - Intermédiaire (3 à 5 ans) Niveau d'étude demandé : Bac +5 et plus Type de contrat proposé : CDI - Télétravail : Non Lancer 4K Responsable de Production (H/F) | Casablanca (Maroc) 1 ARCOL recherche un Responsable de Production (H/F) pour organiser, planifier et suivre la production afin d'atteindre les objectifs définis. Le poste requiert un minimum de 5 ans d'expérience dans un poste similaire et des compétences en gestion d'éq","Lancer 4K Chargé(e) de Communication & Digital | Casablanca (Maroc) 2 ARCOL recrute un(e) Chargé(e) de Communication & Digital expérimenté(e) (Bac+5, min. 2 ans). Vous définirez et mettrez en œuvre la stratégie de communication digitale et traditionn",CDI,3
Commercial / Vente / Export                                                                 - Secteur Indifférent,,,,"Commercial Grands Comptes - Casablanca Commercial / Vente / Export                                                                 - Secteur Indifférent Junior (1 à 3 ans)                                     - Intermédiaire (3 à 5 ans) 1 poste(s) sur                                                                            Casablanca et région                                     - Maroc Bac +5 et plus Minimum
                                     - Master                                     - Université Recherche de nouveauté Respect des règles Rationalisme Flexibilité Besoin de réflexion Travail en équipe Implication au travail Organisation CDI Télétravail : Non Publiée il y a 13 jours sur ReKrute.com -
                                Postulez avant le 31/05/2026 J'aime Entreprise : Rejoignez une entreprise marocaine de référence, acteur clé dans des secteurs stratégiques. Engagé en faveur du développement durable et de l’innovation, le groupe offre à ses talents un environnement stimulant, des parcours de carrière diversifiés et une culture d’entreprise fondée sur la performance et la responsabilité. Vous souhaitez donner du sens à votre parcours professionnel ? Venez construire ",,CDI,5
Méthodes / Process / Industrialisation                                                                 - Secteur Autres Industries,,,,"Opérateur Machine - El Jadida Méthodes / Process / Industrialisation                                                                 - Secteur Autres Industries Junior (1 à 3 ans) 1 poste(s) sur                                                                            Casablanca et région                                     - Maroc Qualification avant Bac Minimum
                                     - BTS / DUT Recherche de nouveauté Respect des règles Besoin de réflexion Organisation Autre Télétravail : Non Publiée il y a 14 jours sur ReKrute.com -
                                Postulez avant le 30/05/2026 J'aime Entreprise : Groupe industriel et commercial d'envergure nationale, reconnu pour son expertise dans divers secteurs stratégiques, recherche à renforcer ses équipes dans le cadre de son développement continu. Fort d'une présence établie sur le marché marocain, le groupe se distingue par son engagement envers l'excellence, l'innovation et la durabilité. Nous offrons un environnement stimulant, propice à l'évolution professionnelle, au sein d'une structure valorisant la performance et la collaboration. Poste : Assurer le bon fonctionnement des machines de production. Appr",en conduite de machines souhaitée (formation possible pour débutants motivés).,,5
Informatique / Electronique                                                                 - Secteur Assurance / Courtage								- Informatique,,,,"Business Analyst - BMP Motor Fleet (Motor Trade)  (H/ F) - Casablanca Informatique / Electronique                                                                 - Secteur Assurance / Courtage								- Informatique Intermédiaire (3 à 5 ans) 3 poste(s) sur                                                                            Casablanca et région                                     - Maroc Bac +5 et plus Minimum
                                     - Master Besoin d'autonomie Besoin de réflexion Ambition Implication au travail Recherche de nouveauté CDI Télétravail : Hybride Poste avec Management Publiée il y a 14 jours sur ReKrute.com -
                                Postulez avant le 30/05/2026 J'aime Entreprise : We are offering an exciting opportunity for a Business Analyst -  BMP Motor Fleet (Motor Trade) Poste : Proven experience as a Senior Business Analyst within the General Insurance sector. Expertise in gathering and refining comprehensive requirements, achieving stakeholder consensus through techniques such as workshop facilitation. Confidence and experience in running workshops. Proficiency in creating Epics and User Stories using tools like Confluence and Jira. Str",in the Commercial Motor Trade domain.,CDI,5
Responsable Trésorerie,Butec Energies & Services,Energie,Casablanca (Maroc),"Emploi - Butec Energies & Services Entreprise: Butec Energies & Services Secteur: Energie Postes proposés: 3 Description: BUTEC est un groupe régional de premier plan, reconnu pour son expertise multidisciplinaire couvrant l’ingénierie et la construction, les solutions électromécaniques, la maintenance multitechnique et la gestion des services publics. Depuis sa fondation en 1964, le groupe s’engage à offrir des solutions de pointe et une excellence opérationnelle dans les secteurs de l’environnement, de l’énergie, du oil & gaz, ainsi que de la construction industrielle, tant dans le secteur public que privé, à travers le... [+] BUTEC est un groupe régional de premier plan, reconnu pour son expertise multidisciplinaire couvrant l’ingénierie et la construction, les solutions électromécaniques, la maintenance multitechnique et la gestion des services publics. Depuis sa fondation en 1964, le groupe s’engage à offrir des solutions de pointe et une excellence opérationnelle dans les secteurs de l’environnement, de l’énergie, du oil & gaz, ainsi que de la construction industrielle, tant dans le secteur public que privé, à travers le Moyen-Orient et l’Afrique. Présent dans plus de 21 pays","Lancer 4K Responsable Trésorerie | Casablanca (Maroc) 1 BUTEC recrute un Responsable Trésorerie pour optimiser et sécuriser les flux financiers. Vous assurerez la gestion quotidienne, les prévisions, les relations bancaires et le contrôle des risques",CDI,0
Juriste d'affaires - H/F,SFM,Banque / Finance,Casablanca (Maroc),"Emploi - SFM Entreprise: SFM Secteur: Banque / Finance Postes proposés: 6 Description: Créée en 1931, SFM Conseil est le plus ancien cabinet de conseil juridique, fiscal et financier en exercice au Maroc.

Conseil des plus importantes entreprises, SFM Conseil a pu, tout en s'adaptant progressivement aux grandes mutations du pays, offrir en permanence une organisation polyvalente qui correspond aux besoins tant de la clientèle locale que des investisseurs étrangers.

Pendant des décennies, nous avons accompagné la création et le développement des plus grandes entreprises nationales et filiales de... [+] Créée en 1931, SFM Conseil est le plus ancien cabinet de conseil juridique, fiscal et financier en exercice au Maroc. Conseil des plus importantes entreprises, SFM Conseil a pu, tout en s'adaptant progressivement aux grandes mutations du pays, offrir en permanence une organisation polyvalente qui correspond aux besoins tant de la clientèle locale que des investisseurs étrangers. Pendant des décennies, nous avons accompagné la création et le développement des plus grandes entreprises nationales et filiales de multinationales [-] Suivre 1                        - 6 sur 6 Page 1 sur    ","Lancer 4K Juriste d'affaires - H/F | Casablanca (Maroc) 4 SFM Conseil recherche un Juriste d'affaires H/F pour rejoindre son équipe à Casablanca. Vos missions incluront la rédaction d'actes juridiques, de contrats commerciaux et la gestion d'opératio",CDI,0
RH / Personnel / Formation- Responsable de Département- Secteur Agriculture / Environnement 								- Autres services,,,,"HR Specialist - Agadir RH / Personnel / Formation - Responsable de Département - Secteur Agriculture / Environnement 								- Autres services Intermédiaire (3 à 5 ans) 1 poste(s) sur                                                                            Agadir et région                                     - Maroc Bac +3 Minimum
                                     - Université                                     - Formation professionnelle Recherche de nouveauté Respect des règles Volonté de persuasion Distance émotionnelle Rationalisme Travail en équipe Implication au travail Improvisation CDI Télétravail : Oui 100% Poste avec Management Publiée il y a 14 jours sur ReKrute.com -
                                Postulez avant le 30/05/2026 J'aime Entreprise : Nous sommes une entreprise multinationale leader dans la catégorie des fruits rouge s, présente sur différents marchés et références dans le secteur agroalimentaire. Nous avons une proposition claire, un engagement en faveur du développement durable , de l'inclusion et de la non-discrimination , et nous considérons la valeur de la diversité et du multiculturalisme comme facteurs clés de l'innovation. A cette occasion, nou",,CDI,5
Gestion / Comptabilité / Finance                                                                 - Secteur Banque / Finance,,,,"Responsable Groupe d'Agence (H/F) - Boujerah Gestion / Comptabilité / Finance                                                                 - Secteur Banque / Finance Intermédiaire (3 à 5 ans)                                     - Confirmé (5 à 10 ans) 2 poste(s) sur                                                                            Tout le Maroc                                     - Maroc Bac +4 Minimum Respect des règles Rationalisme Conventionnel Besoin d'objectivité Organisation CDI Télétravail : Non Poste avec Management Publiée il y a 14 jours sur ReKrute.com -
                                Postulez avant le 17/05/2026 J'aime Entreprise : Avec plus de 30 ans d’expertise, la Fondation Arrawaj est un acteur économique et social majeur dans le secteur de la micro-finance. Basée au Maroc et avec plus de 2 000 collaborateurs répartis sur plus de 260 agences et 15 régions , la Fondation Arrawaj est fière de contribuer à l’inclusion financière des porteurs de projets et des micro-entrepreneurs exclus des circuits de financements classiques en leur offrant des produits et des services diversifiés, de proximité, adaptés et innovants. Le succès de notre institution repose s",,CDI,5
Gestion / Comptabilité / Finance- Gestion projet / Etudes / R&D- Secteur Assurance / Courtage								- Banque / Finance,,,,"Responsable Groupe d'Agence (H/F) - Tanger - Mesnana Gestion / Comptabilité / Finance - Gestion projet / Etudes / R&D - Secteur Assurance / Courtage								- Banque / Finance Intermédiaire (3 à 5 ans)                                     - Confirmé (5 à 10 ans) 2 poste(s) sur                                                                            Tout le Maroc                                     - Maroc Bac +4 Minimum Respect des règles Rationalisme Conventionnel Besoin d'objectivité Organisation CDI Télétravail : Non Poste avec Management Publiée il y a 14 jours sur ReKrute.com -
                                Postulez avant le 17/05/2026 J'aime Entreprise : Avec plus de 30 ans d’expertise, la Fondation Arrawaj est un acteur économique et social majeur dans le secteur de la micro-finance. Basée au Maroc et avec plus de 2 000 collaborateurs répartis sur plus de 260 agences et 15 régions , la Fondation Arrawaj est fière de contribuer à l’inclusion financière des porteurs de projets et des micro-entrepreneurs exclus des circuits de financements classiques en leur offrant des produits et des services diversifiés, de proximité, adaptés et innovants. Le succès de notre institution re",,CDI,5
Commercial / Vente / Export- Gestion / Comptabilité / Finance- Secteur Banque / Finance,,,,"Responsable Groupe d'Agence - Marrakech - Attaoui Commercial / Vente / Export - Gestion / Comptabilité / Finance - Secteur Banque / Finance Intermédiaire (3 à 5 ans)                                     - Confirmé (5 à 10 ans) 2 poste(s) sur                                                                            Tout le Maroc                                     - Maroc Bac +4 Minimum Respect des règles Rationalisme Conventionnel Besoin d'objectivité Organisation CDI Télétravail : Non Poste avec Management Publiée il y a 14 jours sur ReKrute.com -
                                Postulez avant le 17/05/2026 J'aime Entreprise : Avec plus de 30 ans d’expertise, la Fondation Arrawaj est un acteur économique et social majeur dans le secteur de la micro-finance. Basée au Maroc et avec plus de 2 000 collaborateurs répartis sur plus de 260 agences et 15 régions , la Fondation Arrawaj est fière de contribuer à l’inclusion financière des porteurs de projets et des micro-entrepreneurs exclus des circuits de financements classiques en leur offrant des produits et des services diversifiés, de proximité, adaptés et innovants. Le succès de notre institution repose sur un socle de valeurs fondam",,CDI,5
Informatique / Electronique                                                                 - Secteur Informatique,,,,"Chef de Projet Infrastructure (H/F) - Casablanca/Rabat Informatique / Electronique                                                                 - Secteur Informatique Confirmé (5 à 10 ans) 1 poste(s) sur                                                                            Casablanca et région                                     - Maroc Bac +5 et plus Minimum
                                     - Master Recherche de nouveauté Ambition Besoin de réflexion Besoin d'autonomie Implication au travail CDI Télétravail : Hybride Poste avec Management Publiée il y a 14 jours sur ReKrute.com -
                                Postulez avant le 17/05/2026 J'aime Entreprise : Rejoignez une entreprise leader dans le secteur de l'informatique en tant que Chef de projet infrastructure. Ce poste stratégique, basé à Casablanca / Rabat, vous place au cœur de l'innovation et du développement technologique. Votre rôle sera essentiel dans la conception, la mise en œuvre et la gestion des projets d'infrastructure informatique. Vous contribuerez activement à l'amélioration continue et à l'optimisation des systèmes, tout en garantissant la satisfaction des parties prenantes et le respect des délai",,CDI,5
Chef de Service Après-Vente et Magasin Pièces de Rechange,,,Oujda (Maroc),"1                        - 10 sur 15 10 25 Page 1 2 sur            
             2 Lancer 4K Chef de Service Après-Vente et Magasin Pièces de Rechange | Oujda (Maroc) 2 Le Groupe Smeia recrute un Chef de Service Après-Vente et Magasin Pièces de Rechange. Vous assurerez la satisfaction client et la qualité du service après-vente, gérerez et coacherez les équipes, et atteindrez les objectifs de performance. Profil Ingénieur Génie Mécanique/Electromécanique avec 6 ans d'expérience, dont 3 en management. Publication : du 30/03/2026 au 30/05/2026 |  Postes proposés: 1 Secteur d'activité : Automobile / Motos / Cycles Fonction : Production / Qualité / Sécurité / Maintenance , Responsable de Département Expérience requise : Confirmé (5 à 10 ans) Niveau d'étude demandé : Bac +5 et plus Type de contrat proposé : CDI - Télétravail : Non Lancer 4K Chef de la Section Processus, AMOA et PMO | Casablanca (Maroc) Le Groupe Smeia recherche un Chef de la Section Processus, AMOA et PMO pour rejoindre son Département Organisation, Processus et Qualité. Vos missions incluront la mise en place de manuels qualité, le suivi des standards constructeurs, et l'élaboration de projets de dématérialisation. Vou","Lancer 4K Chef de Service Après-Vente et Magasin Pièces de Rechange | Oujda (Maroc) 2 Le Groupe Smeia recrute un Chef de Service Après-Vente et Magasin Pièces de Rechange. Vous assurerez la satisfaction client et la qualité du service après-vente, gé",CDI,3
Agente de Facturation / caisse (SAGE),Revetou,Import / Export / Négoce,Casablanca (Maroc),"Emploi - Revetou Entreprise: Revetou Secteur: Import / Export / Négoce Postes proposés: 1 Description: REVÊTOU est une entreprise jeune et dynamique, spécialisée dans la distribution de revêtements d’intérieur et extérieur ainsi que de produits destinés à l'agencement et à la décoration.

Forte de notre savoir-faire, acquis d'une part à travers une accumulation d'expériences diverses, et d'autre part grâce à nos valeurs humaines et notre esprit d’équipe, nous avons su répondre aux défis de l'évolution des différents secteurs :... [+] REVÊTOU est une entreprise jeune et dynamique , spécialisée dans la distribution de revêtements d’intérieur et extérieur ainsi que de produits destinés à l'agencement et à la décoration. Forte de notre savoir-faire, acquis d'une part à travers une accumulation d'expériences diverses, et d'autre part grâce à nos valeurs humaines et notre esprit d’équipe, nous avons su répondre aux défis de l'évolution des différents secteurs : Aménagement, Bâtiment, Industrie. Dans le cadre de notre développement constant, nous vous offrons l’opportunité de donner de l’élan à votre carrière, et de participer à notre marche vers la performance. Pour plus d’informations, ","Lancer 4K Agente de Facturation / caisse (SAGE) | Casablanca (Maroc) 9 REVÊTOU recherche une Agente de Facturation / Caisse (SAGE) à Casablanca. Ce poste implique la gestion de la comptabilité client, des encaissements, et l'utilisation du logiciel S",CDI,0
Informatique / Electronique                                                                 - Secteur Autres Industries								- Autres services,,,,"Help Desk  Sage X3 H/F - Meknès Informatique / Electronique                                                                 - Secteur Autres Industries								- Autres services Débutant (-1 an)                                     - Junior (1 à 3 ans) 1 poste(s) sur                                                                            Meknès et région                                     - Maroc Bac +2 Minimum
                                     - BTS / DUT Recherche de nouveauté Ambition Besoin de réflexion Besoin d'autonomie Implication au travail CDI Télétravail : Non Publiée il y a 16 jours sur ReKrute.com -
                                Postulez avant le 28/05/2026 J'aime Entreprise : Groupe industriel et commercial d'envergure nationale, reconnu pour son expertise dans divers secteurs stratégiques, recherche à renforcer ses équipes dans le cadre de son développement continu. Fort d'une présence établie sur le marché marocain, le groupe se distingue par son engagement envers l'excellence, l'innovation et la durabilité. Nous offrons un environnement stimulant, propice à l'évolution professionnelle, au sein d'une structure valorisant la performance et la collaboration. Pos",,CDI,5
Commercial / Vente / Export                                                                 - Secteur Immobilier / Promoteur / Agence,,,,"Commercial Immobilier - Casablanca Commercial / Vente / Export                                                                 - Secteur Immobilier / Promoteur / Agence Junior (1 à 3 ans)                                     - Intermédiaire (3 à 5 ans) 4 poste(s) sur                                                                            Casablanca et région                                     - Maroc Bac +2 
                                     - BTS / DUT                                     - Ecole de commerce Recherche de nouveauté Extraversion Volonté de persuasion Besoin d'autonomie Implication au travail Ambition CDD Télétravail : Non Publiée il y a 17 jours sur ReKrute.com -
                                Postulez avant le 27/05/2026 J'aime Entreprise : Société reconnue dans le secteur de l’immobilier haut de gamme, spécialisée dans la conception et la commercialisation de projets de haut standing. Elle se distingue par la qualité de ses constructions, son sens du détail et son engagement à offrir des services personnalisés à une clientèle exigeante. Forte de son expertise et de son savoir-faire, l’entreprise contribue activement au développement de projets immobiliers de",,CDD,5
Directeur Technique – Agroalimentaire,ENI GROUP,Recrutement / Intérim,Casablanca (Maroc),"Emploi - ENI GROUP Entreprise: ENI GROUP Secteur: Recrutement / Intérim Postes proposés: 57 Description: Acteur de référence des solutions RH, ENI GROUP  accompagne depuis plus de 35 ans les entreprises de tous secteurs dans le développement de leurs ressources humaines.

Avec un réseau national solide, des équipes expertes et une culture profondément humaine, nous plaçons le candidat au cœur de notre mission.

Notre engagement est simple : proposer des opportunités professionnelles stables, encadrées et évolutives.

Que vous soyez ouvrier qualifié, technicien ou cadre, nous vous connectons aux bonnes... [+] Acteur de référence des solutions RH, ENI GROUP  accompagne depuis plus de 35 ans les entreprises de tous secteurs dans le développement de leurs ressources humaines. Avec un réseau national solide, des équipes expertes et une culture profondément humaine, nous plaçons le candidat au cœur de notre mission. Notre engagement est simple : proposer des opportunités professionnelles stables, encadrées et évolutives. Que vous soyez ouvrier qualifié, technicien ou cadre, nous vous connectons aux bonnes opportunités, au bon moment. ENI GROUP AU SERVICE DU CAPITAL HUMAIN ! [-] Suivre 1 ","Lancer 4K Directeur Technique – Agroalimentaire | Casablanca (Maroc) 3 Nous recherchons un Directeur Technique expérimenté pour une entreprise agroalimentaire majeure. Vos missions incluront la supervision des opérations techniques, le déploiement de",CDI,0
Gestion projet / Etudes / R&D- Informatique / Electronique- Secteur Assurance / Courtage								- Banque / Finance,,,,"Manager Programme Digital - Casablanca Gestion projet / Etudes / R&D - Informatique / Electronique - Secteur Assurance / Courtage								- Banque / Finance Confirmé (5 à 10 ans) 1 poste(s) sur                                                                            Casablanca et région                                     - Maroc Bac +5 et plus Minimum
                                     - Ecole d'ingénieur Recherche de nouveauté Rationalisme Besoin d'autonomie Implication au travail Ambition CDI Télétravail : Non Poste avec Management Publiée il y a 17 jours sur ReKrute.com -
                                Postulez avant le 27/05/2026 J'aime Entreprise : - Poste : Pilotage du programme : Définir et maintenir la roadmap digitale en cohérence avec la stratégie de l'entreprise Coordonner le portefeuille de projets digitaux : parcours clients, selfcare, distribution digitale, automatisation des processus Suivre les indicateurs de performance (KPIs) et produire les reportings pour le COMEX Management & gouvernance : Animer et encadrer les équipes Digital Delivery & UX Coordonner les interactions entre les équipes IT, métier et les prestataires externes Assurer la gouvernance des pro","significative dans le secteur assurance, banque ou fintech",CDI,5
Gestion projet / Etudes / R&D- Informatique / Electronique- Secteur Assurance / Courtage								- Banque / Finance,,,,"Chef de Projet AMOA - Casablanca Gestion projet / Etudes / R&D - Informatique / Electronique - Secteur Assurance / Courtage								- Banque / Finance Confirmé (5 à 10 ans) 1 poste(s) sur                                                                            Casablanca et région                                     - Maroc Bac +5 et plus Minimum
                                     - Ecole d'ingénieur Recherche de nouveauté Rationalisme Besoin d'autonomie Implication au travail Ambition CDI Télétravail : Non Publiée il y a 17 jours sur ReKrute.com -
                                Postulez avant le 27/05/2026 J'aime Entreprise : - Poste : Recueillir et formaliser les besoins métier : cahiers des charges, spécifications fonctionnelles, user stories Piloter les projets AMOA de bout en bout : cadrage, conception, recette, déploiement et conduite du changement Assurer l'interface entre les directions métier et les équipes IT Coordonner les campagnes de recette fonctionnelle et valider la conformité aux exigences Assurer le suivi projet : planning, risques, budget, reporting Accompagner les utilisateurs en phase de formation et mise en production Contribuer à la digitalisation des par",:,CDI,5
Conducteur de travaux bâtiment,KOA,Chimie / Parachimie / Peintures,Casablanca (Maroc),"Emploi - KOA Entreprise: KOA Secteur: Chimie / Parachimie / Peintures Postes proposés: 2 Description: KOA Maroc est une entreprise spécialisée dans la peinture industrielle et les travaux de revêtement technique, intervenant sur des projets de construction et d’infrastructures exigeants. Grâce à l’expertise de ses équipes, l’entreprise propose des solutions performantes en protection anticorrosion, protection passive contre l’incendie, étanchéité des bâtiments et revêtements de sols techniques, en s’appuyant sur des produits certifiés et des méthodes conformes aux normes les... [+] KOA Maroc est une entreprise spécialisée dans la peinture industrielle et les travaux de revêtement technique , intervenant sur des projets de construction et d’infrastructures exigeants. Grâce à l’expertise de ses équipes, l’entreprise propose des solutions performantes en protection anticorrosion, protection passive contre l’incendie, étanchéité des bâtiments et revêtements de sols techniques , en s’appuyant sur des produits certifiés et des méthodes conformes aux normes les plus strictes. Chez KOA Maroc, la sécurité, la qualité et l’amélioration continue sont au cœur de la culture d’entreprise, avec u","Lancer 4K Conducteur de travaux bâtiment | Casablanca (Maroc) 5 KOA Maroc recrute un Conducteur de travaux bâtiment expérimenté pour piloter des chantiers de peinture industrielle, ravalement, et réhabilitation. Le poste requiert une formation Bac+2 ",CDI,0
Ingénieur de Production (Dynatrace),Excel Management Conseil,Informatique,Salé (Maroc),"Emploi - Excel Management Conseil Entreprise: Excel Management Conseil Secteur: Informatique Postes proposés: 1 Description: Référencée au sein de nombreux grands comptes en tant que fournisseur de prestation IT,  Excel Management Conseil est une société de services en informatique existante depuis plus de 10 ans.

Riche d’une expérience significative en France et en Europe, notre groupe E.X.M.C se positionne en tant qu’acteur majeur sur le marché des sociétés de services en ingénierie informatique.

Nous intervenons à la fois sur des périmètres  Métiers, Techniques et Opérationnels.... [+] Référencée au sein de nombreux grands comptes en tant que fournisseur de prestation IT, Excel Management Conseil est une société de services en informatique existante depuis plus de 10 ans. Riche d’une expérience significative en France et en Europe, notre groupe E.X.M.C se positionne en tant qu’acteur majeur sur le marché des sociétés de services en ingénierie informatique. Nous intervenons à la fois sur des périmètres  Métiers, Techniques et Opérationnels. Notre groupe affiche un effectif de plus de 300 collaborateurs disponibles et mobiles. Nous sommes structuré autour de Quatre Pôles : Le Co","Lancer 4K Ingénieur de Production (Dynatrace) | Salé (Maroc) 2 Excel Management Conseil recrute un Ingénieur de Production à Rabat pour assurer le suivi, la qualité de service et la gestion des incidents sur les environnements clients. Le poste requi",CDI,0
Centre d'appels (métiers de)- Informatique / Electronique- Secteur Centre d'appels								- Informatique,,,,"Team Manager Hispanophone Service Desk (H/F) - Sala Al Jadida Centre d'appels (métiers de) - Informatique / Electronique - Secteur Centre d'appels								- Informatique Intermédiaire (3 à 5 ans) 1 poste(s) sur                                                                            Rabat et région                                     - Maroc Bac +3 Minimum Recherche de nouveauté Ambition Besoin de réflexion Besoin d'autonomie Implication au travail CDI Télétravail : Hybride Poste avec Management Publiée il y a 17 jours sur ReKrute.com -
                                Postulez avant le 27/05/2026 J'aime Entreprise : Econocom est un groupe européen de services, spécialisé depuis plus de 49 ans dans la gestion des ressources informatiques et de télécommunications des entreprises. Les prestations d’Econocom comprennent les services d’exploitation (infogérance, maintenance et conseil), l’approvisionnement en produits et solutions IT, les services télécoms, le financement et la gestion d’actifs. Le centre de Rabat (Maroc), centre opérationnel du Remote Services Center européen de l’activité de Services d’Econocom, a pour mission d’assurer un support clients efficace auprès des comptes ",,CDI,5
Spécialiste Acquisition Digitale & Lead Generation H/F - Casablanca,WOW7H24,Centre d'appels,Casablanca (Maroc),"Emploi - WOW7H24 Entreprise: WOW7H24 Secteur: Centre d'appels Postes proposés: 2 Description: WOW7H24 est une société marocaine basée à Casablanca, spécialisée dans l’offshoring et les solutions digitales de télécommunication.

Créée en 2019, elle réunit aujourd’hui plus de 200 collaborateurs et poursuit sa croissance en attirant de nouveaux talents pour renforcer son expertise et innover dans ses services.

Chez WOW7H24, nous croyons que notre succès repose avant tout sur nos équipes. Chaque nouveau talent qui nous rejoint devient une pièce essentielle de notre puzzle,... [+] WOW7H24 est une société marocaine basée à Casablanca, spécialisée dans l’offshoring et les solutions digitales de télécommunication . Créée en 2019 , elle réunit aujourd’hui plus de 200 collaborateurs et poursuit sa croissance en attirant de nouveaux talents pour renforcer son expertise et innover dans ses services. Chez WOW7H24, nous croyons que notre succès repose avant tout sur nos équipes. Chaque nouveau talent qui nous rejoint devient une pièce essentielle de notre puzzle, contribuant à construire un environnement stimulant, collaboratif et tourné vers l’excellence. Nous recherchons aujourd’hui des profi",Lancer 4K Spécialiste Acquisition Digitale & Lead Generation H/F - Casablanca | Casablanca (Maroc) 1 Spécialiste Acquisition Digitale & Lead Generation H/F basé à Casablanca. Votre mission sera de générer des leads qualifiés via les campagnes réseaux,CDI,0
Informatique / Electronique                                                                 - Secteur Informatique,,,,"Administrateur Réseau et système - Mohammedia Informatique / Electronique                                                                 - Secteur Informatique Confirmé (5 à 10 ans) 1 poste(s) sur                                                                            Casablanca et région                                     - Maroc Bac +5 et plus 
                                     - Ecole d'ingénieur                                     - Master Conventionnel Respect des règles Flexibilité Besoin d'action Travail en équipe Implication au travail Humilité Organisation CDI Télétravail : Non Publiée il y a 17 jours sur ReKrute.com -
                                Postulez avant le 27/05/2026 J'aime Entreprise : Une entrepsie industrielle basée à Mohammedia, filiale d'un Groupe Marocain de renom. Poste : Rejoignez notre dynamique entreprise du secteur industriel, située au cœur de Mohemadia , en tant qu' Administrateur Réseau et Système . C'est une opportunité exceptionnelle de mettre à profit votre expertise et de contribuer activement à l'évolution de nos infrastructures technologiques. Votre rôle sera crucial dans la garantie de la performance , de la sécurité et de la dispon",avec les solutions de sauvegarde et de stockage.,CDI,5
Responsable Maintenance ( Line Maintenance Lead),Mondelez Maroc SA,Agroalimentaire,Casablanca (Maroc),"Emploi - Mondelez Maroc SA Entreprise: Mondelez Maroc SA Secteur: Agroalimentaire Description: At Mondelz International, our purpose is to empower people to snack right through offering the right snack, for the right moment, made the right way. That means delivering a broader range of delicious, high-quality snacks that nourish life's moments, made with sustainable ingredients and packaging that consumers can feel good about.

We have a rich portfolio of strong brands – both global and local. Including many household names such as Oreo, belVita and LU biscuits; Cadbury Dairy Milk, Milka and Toblerone chocolate; Sour Patch Kids candy and Trident gum. We are proud to hold the... [+] At Mondelz International, our purpose is to empower people to snack right through offering the right snack, for the right moment, made the right way. That means delivering a broader range of delicious, high-quality snacks that nourish life's moments, made with sustainable ingredients and packaging that consumers can feel good about. We have a rich portfolio of strong brands – both global and local. Including many household names such as Oreo , belVita and LU biscuits ; Cadbury Dairy Milk , Milka and Toble",Lancer 4K Responsable Maintenance ( Line Maintenance Lead) | Casablanca (Maroc) 6 Mondelz International recherche un Responsable Maintenance (Line Maintenance Lead) pour diriger la planification et l'amélioration des processus de maintenance. Le cand,CDI,3
Chef de Chantier Projets Industriels et Urbains,XCDM Maroc,Conseil / Etudes,Tiflet (Maroc),"Emploi - XCDM Maroc Entreprise: XCDM Maroc Secteur: Conseil / Etudes Postes proposés: 9 Description: Fondée en 2012 au Maroc, notre Cabinet Conseil aborde toutes les problématiques et solutions de la gestion des ressources humaines autour de 3 expertises : 

	
		Recrutement & Head Hunting de cadres, managers et directeurs de tous secteurs d'activités, nous disposons de plusieurs consultants RH experts métier, répartis par secteurs d’activité. 
	
		Consulting et accompagnement RH: organisation, management de transition, team-buildings, coaching [...]
	
		Mise à disposition et gestion de contrats du personnel.
... [+] Fondée en 2012 au Maroc, notre Cabinet Conseil aborde toutes les problématiques et solutions de la gestion des ressources humaines autour de 3 expertises : Recrutement & Head Hunting de cadres, managers et directeurs de tous secteurs d'activités, nous disposons de plusieurs consultants RH experts métier, répartis par secteurs d’activité. Consulting et accompagnement RH: organisation, management de transition, team-buildings, coaching [...] Mise à disposition et gestion de contrats du personnel. [-] Suivre 1                        - 5 sur 5 Page 1 sur            
       ",Lancer 4K Chef de Chantier Projets Industriels et Urbains | Tiflet (Maroc) 6 Chef de Chantier Projets Industriels et Urbains recherché pour un poste en CDD à la zone industrielle Ain Johra Tifelt. Vos responsabilités incluront la supervision des trav,CDD,0
Commercial / Vente / Export- Télécom / Réseaux- Secteur Autres Industries								- Informatique,,,,"Responsable Carte Monétique - CASABLANCA Commercial / Vente / Export - Télécom / Réseaux - Secteur Autres Industries								- Informatique Intermédiaire (3 à 5 ans)                                     - Confirmé (5 à 10 ans) 1 poste(s) sur                                                                            Casablanca et région                                     - Maroc Bac +4 Minimum
                                     - Master Recherche de nouveauté Extraversion Volonté de persuasion Ambition Intuition / Spontanéité Besoin de réflexion Besoin d'autonomie Implication au travail CDI Télétravail : Non Publiée il y a 17 jours sur ReKrute.com -
                                Postulez avant le 27/05/2026 J'aime Entreprise : Une grande entreprise commerciale basée à Casablanca recrute un Responsable carte monétique. Poste : Développer, animer et suivre le portefeuille clients. Analyser et suivre l’évolution des volumes de carburants vendus via les cartes carburants. Répondre aux réclamations clients et demandes de nos clients. Assurer en veille concurrentielle. Établir les reportings mensuels . Mettre en œuvre un plan d’actions nécessaire à la réalisation des objectifs . Profil",,CDI,5
Commercial / Vente / Export- Distribution (métiers de la)- Secteur BTP / Génie Civil								- Distribution,,,,"Commercial - Meknès Commercial / Vente / Export - Distribution (métiers de la) - Secteur BTP / Génie Civil								- Distribution Intermédiaire (3 à 5 ans) 1 poste(s) sur                                                                            Meknès et région                                     - Maroc Bac +2 Minimum
                                     - BTS / DUT Recherche de nouveauté Respect des règles Extraversion Volonté de persuasion Ambition Implication au travail CDI Télétravail : Non Publiée il y a 17 jours sur ReKrute.com -
                                Postulez avant le 27/05/2026 J'aime Entreprise : Groupe industriel et commercial d'envergure nationale, reconnu pour son expertise dans divers secteurs stratégiques, recherche à renforcer ses équipes dans le cadre de son développement continu. Fort d'une présence établie sur le marché marocain, le groupe se distingue par son engagement envers l'excellence, l'innovation et la durabilité. Nous offrons un environnement stimulant, propice à l'évolution professionnelle, au sein d'une structure valorisant la performance et la collaboration. Nous recherchons un Commercial BTP dynamique et expérimenté pour rejoindre notre équ",,CDI,5
Commercial / Vente / Export- Logistique / Transport (métiers de)- Secteur Energie								- Pétrole / Gaz,,,,"Gérant de Station-Service - Khouribga Commercial / Vente / Export - Logistique / Transport (métiers de) - Secteur Energie								- Pétrole / Gaz Junior (1 à 3 ans)                                     - Intermédiaire (3 à 5 ans) 1 poste(s) sur                                                                            Béni Mellal et région                                     - Maroc Bac +2 Minimum Recherche de nouveauté Respect des règles Volonté de persuasion Distance émotionnelle Rationalisme Besoin d'action Improvisation Implication au travail CDI Télétravail : Non Poste avec Management Publiée il y a 17 jours sur ReKrute.com -
                                Postulez avant le 27/05/2026 J'aime Entreprise : Une grande entreprise leader dans son secteur, recrute un Gérant de Station-Service à Khouribga . Poste : Rattaché(e) à la Direction Réseau Direct, vous êtes l'interlocuteur principal du client, Vos principales missions seront : • Gestion et fiabilisation des stocks carburants et lubrifiants • Etablissement des rapports journaliers et décadaires d’activités • Suivi et recouvrement des crédits clients • Etre le garant de la qualité de service • Etre le garant de la sécurité des ",,CDI,5
Chargé de Clientèle - Rabat et Régions,Bank Of Africa,Banque / Finance,Rabat (Maroc),"Emploi - Bank Of Africa Entreprise: Bank Of Africa Secteur: Banque / Finance Postes proposés: 313 Description: Groupe multi-métiers avec des expertises couvrant tous les domaines d’activités de la banque et de la finance, Bank Of Africa affirme son appartenance à un groupe régional leader résolument ouvert à l’international. Avec plus de 2 millions de clients, plus de 5 000 collaborateurs, plus de 600 agences au Maroc et plusieurs points de vente à l’étranger.

Bank Of Africa est dotée d’une assise financière solide, d’un capital de savoir-faire diversifié et d’outils d’expertise... [+] Groupe multi-métiers avec des expertises couvrant tous les domaines d’activités de la banque et de la finance, Bank Of Africa affirme son appartenance à un groupe régional leader résolument ouvert à l’international. Avec plus de 2 millions de clients, plus de 5 000 collaborateurs, plus de 600 agences au Maroc et plusieurs points de vente à l’étranger. Bank Of Africa est dotée d’une assise financière solide, d’un capital de savoir-faire diversifié et d’outils d’expertise modernes. Bank Of Africa fonde son succès sur des valeurs fortes d’ouverture, de proximité et d’excellence lui permettant de bâtir ","Lancer 4K Chargé de Clientèle - Rabat et Régions | Rabat (Maroc) 25 Bank Of Africa recherche un Chargé de Clientèle pour son agence de Rabat. Vous serez responsable du conseil, de la fidélisation et du développement d'un portefeuille clients, en prop",CDI,0
Travaux / Chantiers / BTP- Immobilier / Promotion (métiers de)- Secteur BTP / Génie Civil								- Indifférent,,,,"Ingénieur Travaux Génie Civil (H/F) - Tout le Maroc Travaux / Chantiers / BTP - Immobilier / Promotion (métiers de) - Secteur BTP / Génie Civil								- Indifférent Intermédiaire (3 à 5 ans)                                     - Confirmé (5 à 10 ans) 1 poste(s) sur                                                                            Tout le Maroc                                     - Maroc Bac +5 et plus Minimum
                                     - Ecole d'ingénieur Respect des règles Rationalisme Besoin d'action Travail en équipe Besoin d'objectivité Implication au travail CDI Télétravail : Non Poste avec Management Publiée il y a 17 jours sur ReKrute.com -
                                Postulez avant le 27/05/2026 J'aime Entreprise : Une grande société recrute un Ingénieur Travaux Génie Civil (H/F). Poste : Rattaché à la Direction Générale, vous avez pour principale mission de manager, conduire et coordonner les sous-traitants génie civil en respectant les coûts, les délais et les process qualité conformément aux exigences attendues. Vos missions sont les suivantes : Élaborer les cahiers des charges des travaux ; Élaborer les contrats avec les entreprises des travaux ; ",,CDI,5
Consultant(e) RH et Transformation,Be One Consulting,Conseil / Etudes,Casablanca (Maroc),"Emploi - Be One Consulting Entreprise: Be One Consulting Secteur: Conseil / Etudes Postes proposés: 1 Description: BE ONE CONSULTING est un acteur de confiance reconnu en conseil de performance et ressources humaines, notre mission s’inscrit dans un virage transformationnel en supportant nos clients dans leurs challenges et nouveaux projets.

Pour une performance ciblée, nous nous appuyons sur notre expertise, nos valeurs, notre équipe et écosystème, en offrant des services RH et BPM globaux intégrés.de qualité et sur mesure.

BEONE , BE DIFFERENT WITH US ! BE ONE CONSULTING est un acteur de confiance reconnu en conseil de performance et ressources humaines, notre mission s’inscrit dans un virage transformationnel en supportant nos clients dans leurs challenges et nouveaux projets. Pour une performance ciblée, nous nous appuyons sur notre expertise, nos valeurs, notre équipe et écosystème, en offrant des services RH et BPM globaux intégrés.de qualité et sur mesure. BEONE , BE DIFFERENT WITH US ! [-] Suivre 1                        - 1 sur 1 Page 1 sur            
             1 Lancer 4K Consultant(e) RH et Transformation | Casablanca (Maroc) 3 BE ONE CONSULTING recherche un(e) Con","Lancer 4K Consultant(e) RH et Transformation | Casablanca (Maroc) 3 BE ONE CONSULTING recherche un(e) Consultant(e) RH et Transformation basé(e) à Casablanca, avec une mobilité géographique. Vous accompagnerez les clients dans leurs transformations s",CDI,0
Assistanat de Direction / Services Généraux                                                                 - Secteur Import / Export / Négoce,,,,"Office Manager / Assistante de Direction Générale - Casablanca Assistanat de Direction / Services Généraux                                                                 - Secteur Import / Export / Négoce Confirmé (5 à 10 ans) 1 poste(s) sur                                                                            Casablanca et région                                     - Maroc Bac +5 et plus 
                                     - Master Besoin d'autonomie Implication au travail Ambition Organisation CDI Télétravail : Non Publiée il y a 18 jours sur ReKrute.com -
                                Postulez avant le 26/05/2026 J'aime Entreprise : Société basée à Casablanca, reconnue comme un acteur de référence dans son domaine, notre entreprise connaît une croissance soutenue et s’appuie sur une organisation structurée, orientée performance et amélioration continue. Forte d’une expertise développée au fil des années, elle accompagne ses clients avec des solutions fiables et adaptées, en s’appuyant sur des équipes engagées et des processus optimisés. L’entreprise place la qualité de service, la rigueur opérationnelle et la satisfaction client au cœur de ses priorités. Dans un contex",minimum de 3 à 5 ans dans un poste similaire,CDI,5
Gestion / Comptabilité / Finance                                                                 - Secteur Import / Export / Négoce,,,,"Comptable confirmé - Casablanca Gestion / Comptabilité / Finance                                                                 - Secteur Import / Export / Négoce Intermédiaire (3 à 5 ans) 1 poste(s) sur                                                                            Casablanca et région                                     - Maroc Bac +3 
                                     - Licence Travail en équipe Implication au travail Ambition Organisation CDI Télétravail : Non Publiée il y a 18 jours sur ReKrute.com -
                                Postulez avant le 26/05/2026 J'aime Entreprise : Société basée à Casablanca, leader dans son domaine, nous évoluons dans un environnement dynamique, structuré et en forte croissance. Portée par une ambition de développement durable et une exigence constante de performance, notre organisation s’appuie sur des équipes engagées et des processus en amélioration continue. Nous accordons une importance particulière à la rigueur, à la fiabilité de l’information financière et à l’excellence opérationnelle. Dans ce cadre, nous renforçons notre direction financière et recherchons un Comptable Confirmé pour accompagner la structuration et la sé",,CDI,5
Visual Merchandising Coworker,IKEA Maroc,Distribution,Casablanca (Maroc),"Emploi - IKEA Maroc Entreprise: IKEA Maroc Secteur: Distribution Description: IKEA is a global retailer known for affordable, modernist furniture designs and unique shopping experience. Founded in 1943 by Ingvar Kamprad in Sweden, IKEA started as a mail-order business and has grown to operate 473 stores in 63 countries as of May 2024. In Morocco, IKEA Concept is brought by Al-Homaizi Ltd that operates in three IKEA Markets – Kuwait, Jordan, and Morocco.

At IKEA -SYH MOROCCO, We have a passion for home furnishing and an inspiring shared vision: to create a better everyday life for the many people. This, together with our straightforward business idea,... [+] IKEA is a global retailer known for affordable, modernist furniture designs and unique shopping experience. Founded in 1943 by Ingvar Kamprad in Sweden, IKEA started as a mail-order business and has grown to operate 473 stores in 63 countries as of May 2024. In Morocco, IKEA Concept is brought by Al-Homaizi Ltd that operates in three IKEA Markets – Kuwait, Jordan, and Morocco. At IKEA -SYH MOROCCO, We have a passion for home furnishing and an inspiring shared vision: to create a better everyday life for the many people. This, t","Lancer 4K Visual Merchandising Coworker | Casablanca (Maroc) 3 IKEA Zenata recherche un Visual Merchandising Coworker pour concevoir et implémenter des stratégies de merchandising impactantes. Ce poste requiert un Bac +5 (urbanisme/architecture), 1-3",CDI,3
Achats / Supply Chain                                                                 - Secteur Agroalimentaire,,,,"Acheteur - Casablanca Achats / Supply Chain                                                                 - Secteur Agroalimentaire Confirmé (5 à 10 ans) 1 poste(s) sur                                                                            Casablanca et région                                     - Maroc Bac +5 et plus 
                                     - Ecole de commerce                                     - Université Créativité Flexibilité Travail en équipe Organisation CDI Télétravail : Non Publiée il y a 18 jours sur ReKrute.com -
                                Postulez avant le 26/05/2026 J'aime Entreprise : Nous recherchons un acheteur pour rejoindre notre Entreprise opérant dans un environnement à forte exigence opérationnelle, spécialisé dans la préparation, la manutention et la distribution de produits alimentaires destinés au secteur aérien. Poste : Rattaché au directeur achats Elaboration des dossiers de consultations ; • Prospection du marché ; • Sélection des fournisseurs à consulter et mise à jour de leurs bases ; • Coordination des évaluations techniques en interne et en externe ; • Gestion opérationnel et administrative des dossiers achats conformément au",,CDI,5
Order to Cash team (France Market) On-site in Rabat,HCLTech,Informatique,Rabat (Maroc),"Emploi - HCLTech Entreprise: HCLTech Secteur: Informatique Postes proposés: 29 Description: HCLTech is a global technology company, home to more than 223 000 people across 60 countries, delivering industry-leading capabilities centered around digital, engineering, cloud and AI, powered by a broad portfolio of technology services and products. We work with clients across all major verticals, providing industry solutions for Financial Services, Manufacturing, Life Sciences and Healthcare, Technology and Services, Telecom and Media, Retail and CPG, and Public Services. Consolidated revenues as of 12 months ending March 2025 totaled $13.8B. To learn how we can supercharge progress... [+] HCLTech is a global technology company, home to more than 223 000 people across 60 countries , delivering industry-leading capabilities centered around digital, engineering, cloud and AI, powered by a broad portfolio of technology services and products. We work with clients across all major verticals, providing industry solutions for Financial Services, Manufacturing, Life Sciences and Healthcare, Technology and Services, Telecom and Media, Retail and CPG, and Public Services. Consolidated revenues as ","Lancer 4K Order to Cash team (France Market) On-site in Rabat | Rabat (Maroc) 3 HCLTech recrute un(e) Associé(e) Order to Cash pour son centre de Rabat. Ce rôle implique la gestion des créances clients, la facturation et la résolution des litiges pou",CDI,0
Assurance (métiers de l')- Informatique / Electronique- Secteur Banque / Finance								- Informatique,,,,"Business Analyst - Engineering Inspection Services  (H/ F) - Casablanca Assurance (métiers de l') - Informatique / Electronique - Secteur Banque / Finance								- Informatique Intermédiaire (3 à 5 ans) 3 poste(s) sur                                                                            Casablanca et région                                     - Maroc Bac +5 et plus Minimum
                                     - Master Recherche de nouveauté Volonté de persuasion Rationalisme Besoin de réflexion Besoin d'autonomie Implication au travail Ambition Organisation CDI Télétravail : Hybride Poste avec Management Publiée il y a 18 jours sur ReKrute.com -
                                Postulez avant le 26/05/2026 J'aime Entreprise : We are offering an exciting opportunity for a Business Analyst - Engineering Inspection Services. Poste : Gather, analyze, and formalize business requirements from stakeholders Translate business needs into functional specifications and user stories Participate in the design and optimization of insurance process Collaborate closely with IT teams to ensure proper implementation of solutions Support testing phases and validate deliverables Contribute to data",as a Business Analyst in the General insurance of Financial Services domain,CDI,5
Informatique / Electronique                                                                 - Secteur Assurance / Courtage								- Informatique,,,,"Business Analyst - Outbound Communications  (H/ F) - Casablanca Informatique / Electronique                                                                 - Secteur Assurance / Courtage								- Informatique Intermédiaire (3 à 5 ans)                                     - Confirmé (5 à 10 ans) 3 poste(s) sur                                                                            Casablanca et région                                     - Maroc Bac +5 et plus Minimum
                                     - Master Besoin d'autonomie Besoin de réflexion Ambition Implication au travail Recherche de nouveauté CDI Télétravail : Hybride Poste avec Management Publiée il y a 18 jours sur ReKrute.com -
                                Postulez avant le 26/05/2026 J'aime Entreprise : We are offering an exciting opportunity for a Business Analyst - Outbound Communications. Poste : Experience as a Business Analyst in the Insurance domain Able to elicit comprehensive requirements and achieve consensus from stakeholders using a variety of analysis techniques, including workshop facilitation Solid experience creating Epics and User Stories using Confluence and Jira Good understanding of Use Cases,",as a Business Analyst in the Insurance domain,CDI,5
Informatique / Electronique                                                                 - Secteur Assurance / Courtage								- Informatique,,,,"Business Analyst Senior – Insurance (H/ F) - Casablanca Informatique / Electronique                                                                 - Secteur Assurance / Courtage								- Informatique Confirmé (5 à 10 ans) 1 poste(s) sur                                                                            Casablanca et région                                     - Maroc Bac +5 et plus Minimum
                                     - Master Besoin d'autonomie Besoin de réflexion Ambition Implication au travail Recherche de nouveauté CDI Télétravail : Hybride Poste avec Management Publiée il y a 18 jours sur ReKrute.com -
                                Postulez avant le 26/05/2026 J'aime Entreprise : We are offering an exciting opportunity for a Business Analyst Senior – Insurance. Poste : Gather, analyze, and formalize business requirements from stakeholders Translate business needs into functional specifications and user stories Participate in the design and optimization of insurance process Collaborate closely with IT teams to ensure proper implementation of solutions Support testing phases and validate deliverables Contribute to data analysis and reporting when required Ensur",working on IT or/and data driven projects,CDI,5
Informatique / Electronique                                                                 - Secteur Assurance / Courtage								- Informatique,,,,"Business Analyst - BMP Claims (H/ F) - Casablanca Informatique / Electronique                                                                 - Secteur Assurance / Courtage								- Informatique Intermédiaire (3 à 5 ans) 3 poste(s) sur                                                                            Casablanca et région                                     - Maroc Bac +5 et plus Minimum
                                     - Master Besoin d'autonomie Besoin de réflexion Ambition Implication au travail Recherche de nouveauté CDI Télétravail : Hybride Poste avec Management Publiée il y a 18 jours sur ReKrute.com -
                                Postulez avant le 26/05/2026 J'aime Entreprise : We are offering an exciting opportunity for a Business Analyst - BMP Claims. Poste : Experience as a Business Analyst in the General insurance Claims domain Able to elicit comprehensive requirements and achieve consensus from stakeholders using a variety of analysis techniques, including workshop facilitation Solid experience creating Epics and User Stories using Confluence and Jira Good understanding of Use Cases, Value Streams, and Personas Can apply recognised industry standard mode",as a Business Analyst in the General insurance Claims domain,CDI,5
Informatique / Electronique                                                                 - Secteur Assurance / Courtage								- Informatique,,,,"Business Analyst - SAP finance (H/ F) - Casablanca Informatique / Electronique                                                                 - Secteur Assurance / Courtage								- Informatique Intermédiaire (3 à 5 ans)                                     - Confirmé (5 à 10 ans) 3 poste(s) sur                                                                            Casablanca et région                                     - Maroc Bac +5 et plus Minimum
                                     - Master Besoin d'autonomie Besoin de réflexion Ambition Implication au travail Recherche de nouveauté CDI Télétravail : Hybride Poste avec Management Publiée il y a 18 jours sur ReKrute.com -
                                Postulez avant le 26/05/2026 J'aime Entreprise : We are offering an exciting opportunity for a Business Analyst - SAP finance. Poste : Experience as a Business Analyst in Finance in the General Insurance domain Able to elicit comprehensive requirements and achieve consensus from stakeholders using a variety of analysis techniques, including workshop facilitation Solid experience creating Epics and User Stories using Confluence and Jira Good understanding of Use Cases, Value",as a Business Analyst in Finance in the General Insurance domain,CDI,5
Responsable Contrôle de Gestion Industriel (H/F),Energy Transfo,Electro-mécanique / Mécanique,Casablanca (Maroc),"Emploi - Energy Transfo Entreprise: Energy Transfo Secteur: Electro-mécanique / Mécanique Description: ENERGY TRANSFO, pionnier dans la transformation énergétique, repousse les limites de l'innovation depuis plus de 30 ans. Spécialiste des postes de distribution électrique moyenne et basse tension, l’entreprise, filiale du prestigieux groupe ENERGY HOLDING, transforme l’avenir énergétique avec des solutions de pointe conformes aux normes internationales les plus exigeantes.


Implantée au cœur de Casablanca, et solidement présente en Afrique de l’Ouest et centrale, ENERGY TRANSFO s’impose comme un... [+] ENERGY TRANSFO , pionnier dans la transformation énergétique, repousse les limites de l'innovation depuis plus de 30 ans. Spécialiste des postes de distribution électrique moyenne et basse tension , l’entreprise, filiale du prestigieux groupe ENERGY HOLDING , transforme l’avenir énergétique avec des solutions de pointe conformes aux normes internationales les plus exigeantes. Implantée au cœur de Casablanca , et solidement présente en Afrique de l’Ouest et centrale, ENERGY TRANSFO s’impose comme un partenaire stratégique pour l’optimisation des infrastructures électriques. Ses équi",Lancer 4K Responsable Contrôle de Gestion Industriel (H/F) | Casablanca (Maroc) 9 Energy Transfo recherche un Responsable Contrôle de Gestion Industriel (H/F) pour piloter la performance financière et opérationnelle. Vos missions incluront l'élaborat,CDI,0
Chef Projet Event/ communication/Marketing/activation/institutionnel,K events,Communication / Evénementiel,Casablanca (Maroc),"Emploi - K events Entreprise: K events Secteur: Communication / Evénementiel Postes proposés: 15 Description: K events est une agence conseil en communication événementielle. Durant les dix dernières années, K events a accompagné ses clients dans l'organisation de leurs évènements au Maroc et à l'international. Domaines de compétences : organisation de salons et foires, organisation de campagnes de communications, organisation d'événements institutionnels, corporates ou privés. K events est une agence conseil en communication événementielle. Durant les dix dernières années, K events a accompagné ses clients dans l'organisation de leurs évènements au Maroc et à l'international. Domaines de compétences : organisation de salons et foires, organisation de campagnes de communications, organisation d'événements institutionnels, corporates ou privés. [-] Suivre 1                        - 6 sur 6 Page 1 sur            
             1 Lancer 4K Chef Projet Event/ communication/Marketing/activation/institutionnel | Casablanca (Maroc) 6 K Events recherche un(e) Chef de Projet Événementiel pour concevoir et réaliser des événements à forte valeur ajoutée, de la conception à la clôture. Le poste","Lancer 4K Chef Projet Event/ communication/Marketing/activation/institutionnel | Casablanca (Maroc) 6 K Events recherche un(e) Chef de Projet Événementiel pour concevoir et réaliser des événements à forte valeur ajoutée, de la conception à la clôture",CDI,0
Responsable Exploitation Réseau – Points de Vente,MiniMelt Maroc,Distribution,Casablanca (Maroc),"Emploi - MiniMelt Maroc Entreprise: MiniMelt Maroc Secteur: Distribution Postes proposés: 1 Description: MiniMelt Maroc est le représentant officiel de la marque internationale MiniMelt, pionnière et leader mondial dans la fabrication de glaces perlées par technologie cryogénique.

Présente dans plus de 40 pays et forte de plus de 20 ans d’expertise, la marque s’appuie sur une technologie brevetée permettant de produire une glace de qualité premium, à la texture unique et au goût préservé. 

Dans le cadre de son développement au Maroc, MiniMelt Maroc déploie un modèle multi-canaux... [+] MiniMelt Maroc est le représentant officiel de la marque internationale MiniMelt , pionnière et leader mondial dans la fabrication de glaces perlées par technologie cryogénique. Présente dans plus de 40 pays et forte de plus de 20 ans d’expertise, la marque s’appuie sur une technologie brevetée permettant de produire une glace de qualité premium, à la texture unique et au goût préservé. Dans le cadre de son développement au Maroc, MiniMelt Maroc déploie un modèle multi-canaux combinant : Grande distribution Réseau de points de vente (centres commerciaux, cafés, stations-service, emplacements saison","Lancer 4K Responsable Exploitation Réseau – Points de Vente | Casablanca (Maroc) 2 MiniMelt Maroc recherche un Responsable Exploitation Réseau pour structurer et piloter les opérations des points de vente. Ce rôle clé implique le recrutement, la form",CDI,0
Coordinateur de Chantier Bâtiment.,Bricoma,Distribution,Fès (Maroc),"Emploi - Bricoma Entreprise: Bricoma Secteur: Distribution Description: BRICOMA a ouvert son premier magasin en 2004 à Rabat dévoilant ainsi en exclusivité aux marocains la première grande surface spécialisée en Bricolage. Depuis, nous nous sommes imposés comme les leaders du Bricolage au Maroc avec l'inauguration de plusieurs autres grandes surfaces à travers les plus grandes villes du Royaume. Aujourd'hui, BRICOMA est une enseigne 100% marocaine leader dans son secteur, présente à travers 18 villes du Royaume et 24 Magasins de vente. Avec 1500 collaborateurs, notre succès est... [+] BRICOMA a ouvert son premier magasin en 2004 à Rabat dévoilant ainsi en exclusivité aux marocains la première grande surface spécialisée en Bricolage. Depuis, nous nous sommes imposés comme les leaders du Bricolage au Maroc avec l'inauguration de plusieurs autres grandes surfaces à travers les plus grandes villes du Royaume. Aujourd'hui, BRICOMA est une enseigne 100% marocaine leader dans son secteur, présente à travers 18 villes du Royaume et 24 Magasins de vente. Avec 1500 collaborateurs, notre succès est assuré par leur travail et le sens du devoir. Notre capital humain, ainsi que notre assise fina","Lancer 4K Coordinateur de Chantier Bâtiment. | Fès (Maroc) 7 BRICOMA recrute un Coordinateur de Chantier Bâtiment pour sa filiale la FONCIERE DE TOUBKAL. Vous assurerez le suivi quotidien des travaux, coordonnerez les différents corps de métier et ve",CDI,0
Enseignement                                                                 - Secteur Enseignement / Formation,,,,"Professeurs des Ecoles Aefe - Casablanca Enseignement                                                                 - Secteur Enseignement / Formation Intermédiaire (3 à 5 ans)                                     - Confirmé (5 à 10 ans) 5 poste(s) sur                                                                            Casablanca et région                                     - Maroc Bac +2 Minimum
                                     - Formation professionnelle                                     - Formation spécialisée Recherche de nouveauté Respect des règles Extraversion Besoin de réflexion Organisation CDI Télétravail : Non Publiée il y a 19 jours sur ReKrute.com -
                                Postulez avant le 25/05/2026 J'aime Entreprise : Groupe scolaire d’excellence, institution historique et prestigieuse, reconnue pour la qualité de son enseignement et son haut niveau d’exigence académique. Porté par une vision pédagogique ambitieuse et des valeurs fortes, cet établissement de renom s’inscrit dans une dynamique constante d’innovation et d’accompagnement vers la réussite et l’épanouissement de chaque élève. Poste : Rattaché(e) à la direction pédagogique, vous aur",confirmée de 3 ans ou plus dans un établissement homologué AEFE ou suivant le programme français,CDI,5
Informatique / Electronique                                                                 - Secteur Indifférent,,,,"Senior Mobile Developer (React Native) - Casablanca Informatique / Electronique                                                                 - Secteur Indifférent Intermédiaire (3 à 5 ans) 1 poste(s) sur                                                                            Casablanca et région                                     - Maroc Bac +5 et plus Minimum
                                     - Ecole d'ingénieur                                     - Master Recherche de nouveauté Créativité Rationalisme Besoin de réflexion Besoin d'autonomie Implication au travail Ambition Organisation CDI Télétravail : Non Publiée il y a 19 jours sur ReKrute.com -
                                Postulez avant le 25/05/2026 J'aime Entreprise : ous sommes une société spécialisée dans le recrutement et l’intérim, accompagnant entreprises et candidats dans la mise en relation efficace et le développement de carrière. Rejoignez notre réseau pour accéder à des missions variées et des opportunités professionnelles adaptées à votre profil. Poste : Dans le cadre du renforcement de son équipe tech, notre client, une plateforme SaaS innovante spécialisée dans le recrutement, recherche un(e) Senior",,CDI,5
Chargé des achats,Equelec,Electricité,Rabat (Maroc),"Emploi - Equelec Entreprise: Equelec Secteur: Electricité Postes proposés: 1 Description: EQUELEC, entreprise marocaine fondée en 1986, dispose de près de 40 ans d’expertise en installations électriques et solutions photovoltaïques. EQUELEC, entreprise marocaine fondée en 1986, dispose de près de 40 ans d’expertise en installations électriques et solutions photovoltaïques. [-] Suivre 1                        - 1 sur 1 Page 1 sur            
             1 Lancer 4K Chargé des achats | Rabat (Maroc) 10 EQUELEC recrute un Chargé des Achats pour gérer les besoins des services, lancer les consultations, négocier et suivre les commandes. Vous analyserez les besoins, négocierez avec les fournisseurs et assurerez le suivi des livraisons. Une formation en achats et une première expérience sont requises, ainsi qu'un bon sens de l'organisation et de la négociation. Publication : du 25/03/2026 au 25/05/2026 |  Postes proposés: 1 Secteur d'activité : BTP / Génie Civil - Electricité Fonction : Achats / Supply Chain , Electricité Expérience requise : Junior (1 à 3 ans) - Intermédiaire (3 à 5 ans) Niveau d'étude demandé : Bac +3 Type de contrat proposé : CDI - Télétravail : Non 1                 ","Lancer 4K Chargé des achats | Rabat (Maroc) 10 EQUELEC recrute un Chargé des Achats pour gérer les besoins des services, lancer les consultations, négocier et suivre les commandes. Vous analyserez les besoins, négocierez avec les fournisseurs et assu",CDI,0
Chef de Projet MOA Trésorerie & Cash Management (H/F),Tectra,Recrutement / Intérim,Casablanca (Maroc),"Emploi - Tectra Entreprise: Tectra Secteur: Recrutement / Intérim Postes proposés: 1 Description: Créé en 2002, TECTRA est bien plus qu’un acteur du recrutement : c’est un partenaire humain qui place les talents, les parcours et les relations durables au centre de son engagement.

À travers un réseau de 28 agences au Maroc, dont 5 spécialisées dans des secteurs clés (hôtellerie, BTP, industrie, services tertiaires et métiers agricoles), TECTRA accompagne chaque jour candidats et entreprises avec écoute, proximité et expertise.

Animé par une vision responsable et inclusive, le Groupe a... [+] Créé en 2002, TECTRA est bien plus qu’un acteur du recrutement : c’est un partenaire humain qui place les talents, les parcours et les relations durables au centre de son engagement. À travers un réseau de 28 agences au Maroc , dont 5 spécialisées dans des secteurs clés (hôtellerie, BTP, industrie, services tertiaires et métiers agricoles), TECTRA accompagne chaque jour candidats et entreprises avec écoute, proximité et expertise . Animé par une vision responsable et inclusive, le Groupe a élargi son horizon en 2019 en s’implantant en Côte d’Ivoire, au Sénégal et au Cameroun , affirmant ainsi ",Lancer 4K Chef de Projet MOA Trésorerie & Cash Management (H/F) | Casablanca (Maroc) 6 Chef de Projet MOA Trésorerie & Cash Management (H/F) à pourvoir chez TECTRA. Vous piloterez la mise en place d'une solution TMS et de la connectivité bancaire mul,CDI,0
Commercial / Vente / Export- Gestion / Comptabilité / Finance- Secteur Import / Export / Négoce,,,,"chargé de recouvrement - Casablanca Commercial / Vente / Export - Gestion / Comptabilité / Finance - Secteur Import / Export / Négoce Junior (1 à 3 ans)                                     - Intermédiaire (3 à 5 ans) 1 poste(s) sur                                                                            Casablanca et région                                     - Maroc Bac +2 Minimum
                                     - BTS / DUT Flexibilité Travail en équipe Ambition Organisation CDI Télétravail : Non Publiée il y a 19 jours sur ReKrute.com -
                                Postulez avant le 25/05/2026 J'aime Entreprise : Une entreprise spécialisée dans la distribution d’équipements, de consommables et de solutions destinés aux laboratoires. Elle accompagne ses clients en proposant des produits de qualité ainsi que des services adaptés à leurs besoins spécifiques. Poste : Rejoignez notre dynamique entreprise spécialisée dans le Matériel Médical , idéalement située à Casablanca . Une opportunité vous attend en tant que Chargé de Recouvrement , un rôle clé pour la gestion de nos flux financiers et le maintien de relations clients saines. Votre objectif principal sera de garantir l",,CDI,5
Administration des ventes / SAV- Commercial / Vente / Export- Secteur Distribution								- Pétrole / Gaz,,,,"Responsable de Zone - Tout le Maroc Administration des ventes / SAV - Commercial / Vente / Export - Secteur Distribution								- Pétrole / Gaz Intermédiaire (3 à 5 ans)                                     - Confirmé (5 à 10 ans) 1 poste(s) sur                                                                            Tout le Maroc                                     - Maroc Bac +5 et plus Minimum
                                     - Licence                                     - Master Volonté de persuasion Rationalisme Improvisation Implication au travail CDI Télétravail : Non Poste avec Management Publiée il y a 20 jours sur ReKrute.com -
                                Postulez avant le 24/05/2026 J'aime Entreprise : Une grande société recrute un Responsable de Zone. Poste : En tant que Responsable de zone, vos missions principales consistent à : Gérer et animer une équipe de gérants ; Assurer le contrôle interne dans le respect des procédures en vigueur ; Assurer le reporting régulier auprès de la direction de l’entreprise ; Animer les stations ; Surveiller les écarts entre les objectifs prévisionnels et les objectifs réalisés et proposer des actions correctives ; Assurer une",,CDI,5
RH / Personnel / Formation                                                                 - Secteur Indifférent								- Autres services,,,,"Responsable RH de proximité - Meknès RH / Personnel / Formation                                                                 - Secteur Indifférent								- Autres services Intermédiaire (3 à 5 ans)                                     - Confirmé (5 à 10 ans) 1 poste(s) sur                                                                            Meknès et région                                     - Maroc Bac +3 Minimum
                                     - Formation spécialisée Extraversion Besoin d'objectivité Besoin d'autonomie Implication au travail CDI Télétravail : Non Poste avec Management Publiée il y a 20 jours sur ReKrute.com -
                                Postulez avant le 24/05/2026 J'aime Entreprise : Groupe industriel et commercial d'envergure nationale, reconnu pour son expertise dans divers secteurs stratégiques, recherche à renforcer ses équipes dans le cadre de son développement continu. Fort d'une présence établie sur le marché marocain, le groupe se distingue par son engagement envers l'excellence, l'innovation et la durabilité. Nous offrons un environnement stimulant, propice à l'évolution professionnelle, au sein d'une structure valorisant la performanc",,CDI,5
Méthodes / Process / Industrialisation- Commercial / Vente / Export- Secteur Chimie / Parachimie / Peintures								- Autres Industries,,,,"Technical Sales Engineer – Morocco Office - Berrechid Méthodes / Process / Industrialisation - Commercial / Vente / Export - Secteur Chimie / Parachimie / Peintures								- Autres Industries Débutant (-1 an)                                     - Junior (1 à 3 ans) 1 poste(s) sur                                                                            Casablanca et région                                     - Maroc Bac +3 Minimum
                                     - Licence Recherche de nouveauté Respect des règles Extraversion Volonté de persuasion Intuition / Spontanéité Besoin de réflexion Ambition Organisation Autre Télétravail : Non Publiée il y a 20 jours sur ReKrute.com -
                                Postulez avant le 24/05/2026 J'aime Entreprise : Company Description: We are a multinational company operating in the chemical and materials industry, with subsidiaries in more than 20 countries across Europe, Africa, Asia, and the Americas. Our business model is focused on the B2B sector, providing innovative chemical solutions and advanced materials to industrial clients worldwide. Our mission is to deliver value through technology, innovation, and close collaboration w",,,5
Conseillers Expérimentés : Métiers de Conseil et Relation Client avec Rebond,Unifitel,Banque / Finance,Casablanca (Maroc),"Emploi - Unifitel Entreprise: Unifitel Secteur: Banque / Finance Description: UNIFITEL et la Succursale Marocaine d’ARGENCE DEVELOPPEMENT, centres de services financiers, membres du Groupe Français Crédit Agricole Personal Finance & Mobility, proposent des métiers de la chaîne de valeur du Crédit et de l’Assurance.

Nous opérons principalement sur 3 axes financiers pour le marché Français : Crédit à la consommation, Recouvrement et Assurances.

Nous fournissons nos services en omnicanal avec une forte expertise sur le Digital.

Notre politique sociale, managériale et de... [+] UNIFITEL et la Succursale Marocaine d’ARGENCE DEVELOPPEMENT , centres de services financiers, membres du Groupe Français Crédit Agricole Personal Finance & Mobility , proposent des métiers de la chaîne de valeur du Crédit et de l’Assurance. Nous opérons principalement sur 3 axes financiers pour le marché Français : Crédit à la consommation, Recouvrement et Assurances. Nous fournissons nos services en omnicanal avec une forte expertise sur le Digital. Notre politique sociale, managériale et de formation est avant-gardiste et ambitieuse. Nous plaçons nos collaborateurs dans des conditions idéales pour s’épanoui",Lancer 4K Conseillers Expérimentés : Métiers de Conseil et Relation Client avec Rebond | Casablanca (Maroc) 2 Rejoignez UNIFITEL en tant que Conseiller Expérimenté en Métiers de Conseil et Relation Client à Tanger. Vous accompagnerez les clients dans,CDI,0
Logistique / Transport (métiers de)                                                                 - Secteur Agroalimentaire								-,,,,"Magasinier - Settat Logistique / Transport (métiers de)                                                                 - Secteur Agroalimentaire								- Junior (1 à 3 ans) 1 poste(s) sur                                                                            Casablanca et région                                     - Maroc Bac +2 Minimum
                                     - Université Respect des règles Besoin d'action Implication au travail Organisation CDI Télétravail : Non Publiée il y a 20 jours sur ReKrute.com -
                                Postulez avant le 24/05/2026 J'aime Entreprise : . Poste : En tant que magasinier, vous aurez comme principale mission : Gestion des Stocks Magasin Produits Finis. Gestion des Stocks Magasin des Emballages (Carton, Barquettes, Etiquettes…etc) Gestion des Stocks Magasin IPC Vos principales activités: Gestion des Stocks Produits Finis. Gestion des Emballages/Cartons/Barquettes Margarine. Gestion des IPC (Ingrédients et Produits Chimique). Réalisation des Inventaires journaliers et Mensuels/Semestriels/Annuels. Edition état des stock journaliers et Edition de la balance technique mensuel. Saisie des productions sur ERP (Sage). Garant ",souhaitée : 3 à 5 ans en environnement industriel.,CDI,5
Distribution (métiers de la)- Gestion / Comptabilité / Finance- Secteur Autres Industries,,,,"Directeur Administratif et Financier - Maroc Distribution (métiers de la) - Gestion / Comptabilité / Finance - Secteur Autres Industries Confirmé (5 à 10 ans) 1 poste(s) sur                                                                            Meknès et région                                     - Maroc Bac +4 Minimum
                                     - Formation spécialisée                                     - Master Respect des règles Rationalisme Besoin d'objectivité Implication au travail Organisation CDI Télétravail : Non Poste avec Management Publiée il y a 20 jours sur ReKrute.com -
                                Postulez avant le 16/05/2026 J'aime Entreprise : Groupe d'envergure nationale, reconnu pour son expertise dans divers secteurs stratégiques, recherche à renforcer ses équipes dans le cadre de son développement continu. Fort d'une présence établie sur le marché marocain, le groupe se distingue par son engagement envers l'excellence, l'innovation et la durabilité. Nous offrons un environnement stimulant, propice à l'évolution professionnelle, au sein d'une structure valorisant la performance et la collaboration. Poste : Vous rêvez d'un rôle stimulant au sein",,CDI,5
Avocat / Juriste / Fiscaliste                                                                 - Secteur Pétrole / Gaz,,,,"Responsable Juridique - Casablanca Avocat / Juriste / Fiscaliste                                                                 - Secteur Pétrole / Gaz Confirmé (5 à 10 ans) 1 poste(s) sur                                                                            Casablanca et région                                     - Maroc Bac +4 Minimum Distance émotionnelle Rationalisme Besoin de réflexion Organisation CDI Télétravail : Non Publiée il y a 20 jours sur ReKrute.com -
                                Postulez avant le 24/05/2026 J'aime Entreprise : Groupe pétrolier solidement implanté depuis plusieurs décennies sur le marché marocain, basé à Sidi Maârouf – Casablanca, et disposant d’un réseau étendu de stations-service directes et indirectes. Dans le cadre du renforcement de notre organisation et de la structuration de notre Direction des Ressources Humaines, nous recrutons un(e) : Responsable Juridique Poste : Vous participerez à la gestion des aspects juridiques du groupe, sous la supervision de la Direction, en veillant à la conformité réglementaire et à la sécurisation des opérations. Vos principales missions seront : • Rédiger, analyser et suivre les contrats et documents j",,CDI,5
Marketing Specialist,TP-Link Morocco,Telecom,Casablanca (Maroc),"Emploi - TP-Link Morocco Entreprise: TP-Link Morocco Secteur: Telecom Postes proposés: 1 Description: À propos de TP-LINK 
TP-LINK est un fournisseur mondial de produits de réseautage SOHO et B2B et le premier fournisseur mondial de produits WLAN, avec des produits disponibles dans plus de 120 pays à des dizaines de millions de clients. Engagé dans une R&D intensive, une production efficace et une gestion stricte de la qualité, TP-LINK continue de fournir des produits de mise en réseau primés dans les domaines du sans fil, de l'ADSL, des routeurs, des commutateurs, des points d'accès et des solutions de... [+] À propos de TP-LINK TP-LINK est un fournisseur mondial de produits de réseautage SOHO et B2B et le premier fournisseur mondial de produits WLAN, avec des produits disponibles dans plus de 120 pays à des dizaines de millions de clients. Engagé dans une R&D intensive, une production efficace et une gestion stricte de la qualité, TP-LINK continue de fournir des produits de mise en réseau primés dans les domaines du sans fil, de l'ADSL, des routeurs, des commutateurs, des points d'accès et des solutions de réseautage d'entreprise, des produits Smart Home aux clients B2B et aux ut","Lancer 4K Marketing Specialist | Casablanca (Maroc) 4 TP-LINK recherche un(e) Marketing Specialist à Casablanca pour coordonner formations, workshops et événements marketing offline. Le/la candidat(e) idéal(e) possède au moins 2 ans d'expérience en o",CDI,0
Software Engineer Python / DevOps,Coface,Assurance / Courtage,Casablanca (Maroc),"Emploi - Coface Entreprise: Coface Secteur: Assurance / Courtage Description: 70 ans d’expérience et un maillage territorial des plus fins ont fait de Coface une référence dans l’assurance-crédit, la gestion des risques et l’économie mondiale. Les experts de Coface opèrent au cœur de l’économie mondiale, aidant ~50.000 clients à construire des entreprises performantes, dynamiques et en croissance dans 200 pays.
 
Avec une présence directe et indirecte dans 12 pays au Maghreb, en Afrique de l’Ouest et Centrale, Coface offre un dispositif unique d’accompagnement... [+] 70 ans d’expérience et un maillage territorial des plus fins ont fait de Coface une référence dans l’assurance-crédit, la gestion des risques et l’économie mondiale. Les experts de Coface opèrent au cœur de l’économie mondiale, aidant ~50.000 clients à construire des entreprises performantes, dynamiques et en croissance dans 200 pays. Avec une présence directe et indirecte dans 12 pays au Maghreb, en Afrique de l’Ouest et Centrale, Coface offre un dispositif unique d’accompagnement aux entreprises implantées dans la région pour les protéger contre le risque de défaillance financière de leurs clients. L’assurance-crédit","Lancer 4K Software Engineer Python / DevOps | Casablanca (Maroc) 3 Coface recherche un Ingénieur Logiciel Python/DevOps pour rejoindre son Data Lab international. Vous développerez des solutions opérationnelles, gérerez des pipelines CI/CD et travail",CDI,0
Informatique / Electronique                                                                 - Secteur Informatique,,,,"Data Engineer - casablanca Informatique / Electronique                                                                 - Secteur Informatique Confirmé (5 à 10 ans) 1 poste(s) sur                                                                            Casablanca et région                                     - Maroc Bac +4 Minimum
                                     - Master Recherche de nouveauté Besoin de réflexion Besoin d'autonomie Implication au travail Ambition CDI Télétravail : Hybride Publiée il y a 21 jours sur ReKrute.com -
                                Postulez avant le 23/05/2026 J'aime Entreprise : Acteur majeur du conseil technologique en France et à l’international, recrute pour ses équipes,nous accompagnons les grandes entreprises et les institutions dans leur transformation digitale, avec une approche alliant expertise métier et innovation technologique. Poste : Rejoignez notre équipe dynamique dans le secteur des Autres services en tant que Data Engineer . Basé(e) à Casablanca , vous jouerez un rôle clé dans la transformation et l'optimisation de nos flux de données. En tant que profil senior, vos missions seront : Concevoir, développer et optimiser des pipeli",significative sur Databricks (obligatoire),CDI,5
Informatique / Electronique                                                                 - Secteur Informatique								- Internet / Multimédia,,,,"Senior Business Analyst - Asset Management (H/ F) - Casablanca Informatique / Electronique                                                                 - Secteur Informatique								- Internet / Multimédia Confirmé (5 à 10 ans) 5 poste(s) sur                                                                            Casablanca et région                                     - Maroc Bac +5 et plus Minimum
                                     - Master Besoin d'autonomie Besoin de réflexion Ambition Implication au travail Recherche de nouveauté CDI Télétravail : Hybride Poste avec Management Publiée il y a 21 jours sur ReKrute.com -
                                Postulez avant le 09/05/2026 J'aime Entreprise : Pour l'un de nos projets, nous recrutons un Senior Business Analyst - Asset Management (H/ F). Poste : Vous aurez comme mission: Recueillir, challenger, macro-chiffrer et formaliser les exigences et les macro-fonctionnalités / user stories de la solution dans SAP IMA (Investment Management Assets) Modéliser et proposer des simplifications de processus métier et des règles de gestion et justifier ces évolutions envisagées Identifier les impacts sur les processus transverses et",senior en cadrage et conception d'ensemble de projets à fort impact sur les processus métier et outils IT (Management des Processus et approche de bout en bout des solutions IT),CDI,5
Deviseur,Structural Aerospace Morocco (AVIAGROUP),Aéronautique / Spatial,Nouaceur (Maroc),"Emploi - Structural Aerospace Morocco (AVIAGROUP) Entreprise: Structural Aerospace Morocco (AVIAGROUP) Secteur: Aéronautique / Spatial Description: Structural Aerospace Morocco (SAM) est une filiale du groupe Aviagroup Industries, spécialisée dans la conception, la fabrication et l’assemblage de pièces et sous-ensembles métalliques pour l’aéronautique civile et militaire. Implantée à Casablanca, SAM joue un rôle clé dans la chaîne de valeur du groupe et dans le développement du secteur aéronautique marocain.

Les structures métalliques produites par SAM sont destinées à équiper des aéronefs de haute... [+] Structural Aerospace Morocco (SAM ) est une filiale du groupe Aviagroup Industries, spécialisée dans la conception, la fabrication et l’assemblage de pièces et sous-ensembles métalliques pour l’aéronautique civile et militaire. Implantée à Casablanca, SAM joue un rôle clé dans la chaîne de valeur du groupe et dans le développement du secteur aéronautique marocain. Les structures métalliques produites par SAM sont destinées à équiper des aéronefs de haute performance. Elles répondent aux exigences les plus strictes du secteur : précision dimensionnelle, résistance mécanique et fia","Lancer 4K Deviseur | Nouaceur (Maroc) 1 Structural Aerospace Morocco (SAM) recrute un Deviseur à Casablanca. Vous étudierez la faisabilité et le coût de revient des produits aéronautiques. Bac+2 en Génie Mécanique, avec de bonnes connaissances en fab",CDI,0
Responsable ressources humaines RH,Ms Smart Electro,Electronique,Casablanca (Maroc),"Emploi - Ms Smart Electro Entreprise: Ms Smart Electro Secteur: Electronique Postes proposés: 6 Description: Electro Salam est un acteur majeur de la vente de produits électroniques au Maroc. Nous proposons une large gamme de produits (smartphones, tablettes, PC, TV, électroménager et accessoires) avec un engagement constant sur les meilleurs prix du marché et un service client de qualité. Electro Salam est un acteur majeur de la vente de produits électroniques au Maroc. Nous proposons une large gamme de produits (smartphones, tablettes, PC, TV, électroménager et accessoires) avec un engagement constant sur les meilleurs prix du marché et un service client de qualité. [-] Suivre 1                        - 4 sur 4 Page 1 sur            
             1 Lancer 4K Responsable ressources humaines RH | Casablanca (Maroc) 5 RESPONSABLE RESSOURCES HUMAINES (H/F) basé à Casablanca. Vous piloterez la stratégie RH, la gestion des talents et le climat social dans une entreprise leader de l'électronique. Profil : Bac +5 et plus, 10-20 ans d'expérience RH généraliste, leadership et excellentes compétences relationnelles requises. Publication : du 22/03/2026 au 22/05/2026 |  Postes proposés: 1 Se","Lancer 4K Responsable ressources humaines RH | Casablanca (Maroc) 5 RESPONSABLE RESSOURCES HUMAINES (H/F) basé à Casablanca. Vous piloterez la stratégie RH, la gestion des talents et le climat social dans une entreprise leader de l'électronique. Prof",CDI,0
Assistant(e) de Direction,RED,Distribution,Casablanca (Maroc),"Emploi - RED Entreprise: RED Secteur: Distribution Postes proposés: 1 Description: Pure Water Solutions (PWS) est une entreprise marocaine spécialisée dans les solutions de traitement et de distribution d’eau potable premium, écologiques et personnalisées. Partenaire exclusif de Castalie, nous proposons aux hôtels, restaurants et entreprises des fontaines de purification haut de gamme, accompagnées de bouteilles réutilisables sur-mesure. Notre approche “zéro plastique, zéro transport” offre une alternative durable à l’eau en bouteille, tout en valorisant l’image de marque de... [+] Pure Water Solutions (PWS) est une entreprise marocaine spécialisée dans les solutions de traitement et de distribution d’eau potable premium, écologiques et personnalisées. Partenaire exclusif de Castalie, nous proposons aux hôtels, restaurants et entreprises des fontaines de purification haut de gamme, accompagnées de bouteilles réutilisables sur-mesure. Notre approche “zéro plastique, zéro transport” offre une alternative durable à l’eau en bouteille, tout en valorisant l’image de marque de nos clients. PWS assure un service clé en main comprenant l’installation, la maintenance et le suivi qualité, ga","Lancer 4K Assistant(e) de Direction | Casablanca (Maroc) 5 Pure Water Solutions recherche un(e) Assistant(e) de Direction à Casablanca. Vos missions incluent la coordination de projets, l'appui administratif et commercial à la direction, et l'interfa",CDI,0
Méthodes / Process / Industrialisation- Production / Qualité / Sécurité / Maintenance- Secteur Indifférent,,,,"Responsable QHSE - Casablanca Méthodes / Process / Industrialisation - Production / Qualité / Sécurité / Maintenance - Secteur Indifférent Confirmé (5 à 10 ans)                                     - Expert (10 à 20 ans) 1 poste(s) sur                                                                            Casablanca et région                                     - Maroc Bac +5 et plus 
                                     - Ecole d'ingénieur                                     - Master Recherche de nouveauté Créativité Volonté de persuasion Rationalisme Flexibilité Besoin de réflexion Travail en équipe Organisation CDI Télétravail : Non Publiée il y a 25 jours sur ReKrute.com -
                                Postulez avant le 19/05/2026 J'aime Entreprise : Rejoignez une entreprise marocaine de référence, acteur clé dans des secteurs stratégiques. Engagé en faveur du développement durable et de l’innovation, le groupe offre à ses talents un environnement stimulant, des parcours de carrière diversifiés et une culture d’entreprise fondée sur la performance et la responsabilité. Vous souhaitez donner du sens à votre parcours professionnel ? Venez construire l’avenir avec nous. Poste",,CDI,5
Marketing                                                                 - Secteur Import / Export / Négoce,,,,"Responsable marketing - Casablanca Marketing                                                                 - Secteur Import / Export / Négoce Confirmé (5 à 10 ans) 1 poste(s) sur                                                                            Casablanca et région                                     - Maroc Bac +5 et plus 
                                     - Master Créativité Flexibilité Besoin d'action Besoin d'autonomie Ambition Organisation CDI Télétravail : Non Publiée il y a 25 jours sur ReKrute.com -
                                Postulez avant le 19/05/2026 J'aime Entreprise : Entreprise en pleine croissance, nous évoluons dans un environnement dynamique caractérisé par des enjeux de structuration, de performance et de développement durable. Notre organisation s’inscrit dans une logique d’amélioration continue, avec pour ambition de consolider ses fondamentaux tout en accompagnant sa montée en puissance. Portée par une vision claire et orientée résultats, l’entreprise s’attache à construire un modèle performant, fondé sur l’efficacité opérationnelle, la qualité de service et la satisfaction des parties prenantes. Dans ce cadre, nous accordons une importance ",confirmée (minimum 5 ans) dans un poste similaire,CDI,5
Operations Shift Manager,Maersk,Transport / Messagerie / Logistique,Tanger-Tetouan-Al Hoceima – Tanger (Maroc),"Emploi - Maersk Entreprise: Maersk Secteur: Transport / Messagerie / Logistique Postes proposés: 1 Description: At APM Terminals, a global leader in port and terminal operations, we enable global trade and drive sustainable growth. What drives us forward is a mindset of always improving — observing how work happens, identifying what creates value, and removing what gets in the way. We constantly look for smarter, simpler, and safer ways of operating. If you thrive in environments where people value learning and are committed to continuously improving daily operations, join us and be a part of our journey.

Maersk is committed to a diverse and inclusive workplace, and we embrace different styles... [+] At APM Terminals, a global leader in port and terminal operations, we enable global trade and drive sustainable growth. What drives us forward is a mindset of always improving — observing how work happens, identifying what creates value, and removing what gets in the way. We constantly look for smarter, simpler, and safer ways of operating. If you thrive in environments where people value learning and are committed to continuously improving daily operations, join us and be a part of o","Lancer 4K Operations Shift Manager | Tanger-Tetouan-Al Hoceima – Tanger (Maroc) APM Terminals recherche un(e) Shift Manager pour gérer et optimiser les opérations du terminal pendant les quarts de travail. Ce rôle clé implique le leadership d'équipe,",CDI,0
"Ingénieur Avant-Vente – IT, Réseaux, Sécurité & Systèmes Intégrés",ALOMRA GROUP,Nettoyage / Sécurité / Gardiennage,Casablanca (Maroc),"Emploi - ALOMRA GROUP Entreprise: ALOMRA GROUP Secteur: Nettoyage / Sécurité / Gardiennage Description: Fondée en 2004, Alomra est un acteur de premier plan dans la conception et la mise en œuvre de solutions innovantes dans les domaines de la défense et la sécurité, des technologies et de l’innovation ainsi que dans le facility management et la gestion des risques.

Alomra est un intégrateur de solutions à hautes valeurs ajoutées répondant aux défis complexes avec une expertise certaine et un engagement d’excellence.

Servant des institutions étatiques et des entreprises privées, Alomra est... [+] Fondée en 2004, Alomra est un acteur de premier plan dans la conception et la mise en œuvre de solutions innovantes dans les domaines de la défense et la sécurité, des technologies et de l’innovation ainsi que dans le facility management et la gestion des risques. Alomra est un intégrateur de solutions à hautes valeurs ajoutées répondant aux défis complexes avec une expertise certaine et un engagement d’excellence. Servant des institutions étatiques et des entreprises privées, Alomra est présente notamment en Afrique et au Moyen-Orient, en collaborant avec des partenaires internationaux ","Lancer 4K Ingénieur Avant-Vente – IT, Réseaux, Sécurité & Systèmes Intégrés | Casablanca (Maroc) 3 Ingénieur Avant-Vente IT, Réseaux, Sécurité & Systèmes Intégrés recherché par ALOMRA Group pour concevoir et soutenir des offres techniques complexes. ",CDI,0
Informatique / Electronique- Télécom / Réseaux- Secteur Indifférent,,,,"Technicien Réseau Informatique - Casablanca Informatique / Electronique - Télécom / Réseaux - Secteur Indifférent Intermédiaire (3 à 5 ans) 1 poste(s) sur                                                                            Casablanca et région                                     - Maroc Bac +2 Minimum
                                     - Université Créativité Volonté de persuasion Flexibilité Besoin de réflexion Travail en équipe Organisation CDI Télétravail : Non Publiée il y a 25 jours sur ReKrute.com -
                                Postulez avant le 19/05/2026 J'aime Entreprise : Rejoignez une entreprise marocaine de référence, acteur clé dans des secteurs stratégiques. Engagé en faveur du développement durable et de l’innovation, le groupe offre à ses talents un environnement stimulant, des parcours de carrière diversifiés et une culture d’entreprise fondée sur la performance et la responsabilité. Vous souhaitez donner du sens à votre parcours professionnel ? Venez construire l’avenir avec nous. Poste : Rejoignez une entreprise dynamique dans son secteur à Casablanca en tant que Technicien Réseau Informatique , ce poste représente une opportunité unique de mettre à p","avec les systèmes d'exploitation serveurs (Windows Server, Linux).",CDI,5
Production / Qualité / Sécurité / Maintenance                                                                 - Secteur Agriculture / Environnement 								- Agroalimentaire,,,,"Mécanicien - Chefchaouen Production / Qualité / Sécurité / Maintenance                                                                 - Secteur Agriculture / Environnement 								- Agroalimentaire Confirmé (5 à 10 ans) 1 poste(s) sur                                                                            Tanger et région                                     - Maroc Bac +2 Minimum
                                     - Formation spécialisée Respect des règles Besoin d'objectivité Rationalisme Ténacité Organisation CDI Télétravail : Non Publiée il y a 26 jours sur ReKrute.com -
                                Postulez avant le 18/05/2026 J'aime Entreprise : Dans le cadre du renforcement de sa Direction Technique, une entreprise pharmaceutique recrute un Mécanicien pour son Service Maintenance. Poste : Mission principale : Effectuer les travaux mécaniques curatifs et préventifs nécessaires à maintenir les équipements de production du département en état de fonctionnement selon les règles de sécurité et les impératifs de production (délais, qualité, ...) Activités principales : Localiser l’origine d’une panne éventuelle Réaliser la réparation, l'entretien, le réglage, la révision e",,CDI,5
Méthodes / Process / Industrialisation                                                                 - Secteur Agroalimentaire								- Autres Industries,,,,"Ingénieur Procédés industriels - Casablanca Méthodes / Process / Industrialisation                                                                 - Secteur Agroalimentaire								- Autres Industries Intermédiaire (3 à 5 ans)                                     - Confirmé (5 à 10 ans) 1 poste(s) sur                                                                            Casablanca et région                                     - Maroc Bac +5 et plus 
                                     - Ecole d'ingénieur Recherche de nouveauté Respect des règles Rationalisme Flexibilité Besoin de réflexion Besoin d'autonomie Implication au travail Organisation CDI Télétravail : Non Poste avec Management Publiée il y a 26 jours sur ReKrute.com -
                                Postulez avant le 18/05/2026 J'aime Entreprise : Leader national spécialisé dans les produits de grande consommation, notre politique de recrutement innovante et dynamique permet à nos collaborateurs de s’épanouir dans une organisation à la pointe du progrès. Nous vous assurons une bonne gestion de votre carrière et un accompagnement personnalisé pour développer vos compétences. Pour accompagner notre fort développement, n",souhaitable en maintenance et/ou en analyse des risques industriels.,CDI,5
Electricité                                                                 - Secteur Agriculture / Environnement 								- Agroalimentaire,,,,"Électricien - Chefchaouen Electricité                                                                 - Secteur Agriculture / Environnement 								- Agroalimentaire Confirmé (5 à 10 ans) Tanger et région                                     - Maroc Bac +2 
                                     - Formation spécialisée Respect des règles Flexibilité Travail en équipe Implication au travail Organisation CDI Télétravail : Non Publiée il y a 26 jours sur ReKrute.com -
                                Postulez avant le 18/05/2026 J'aime Entreprise : Dans le cadre du renforcement de sa Direction Technique, une entreprise pharmaceutique recrute un Électricien pour son Service Maintenance. Poste : Mission principale : Effectuer les travaux électriques curatifs et préventifs nécessaires à maintenir les équipements de production en bon état de fonctionnement selon les règles de sécurité et les impératifs de production (délais, qualité, ...) Activités principales : Localiser l’origine d’une panne éventuelle Réaliser la réparation, l'entretien, le réglage, la révision et le paramétrage des équipements électriques et installations de production du département Contrôler l'état de fonctionnement des",,CDI,5
Informatique / Electronique                                                                 - Secteur Informatique,,,,"Responsable Cybersécurité (RSSI) - Casablanca Informatique / Electronique                                                                 - Secteur Informatique Expert (10 à 20 ans) 1 poste(s) sur                                                                            Casablanca et région                                     - Maroc Bac +5 et plus Minimum
                                     - Ecole d'ingénieur Recherche de nouveauté Besoin de réflexion Besoin d'autonomie Implication au travail Ambition CDI Télétravail : Hybride Poste avec Management Publiée il y a 26 jours sur ReKrute.com -
                                Postulez avant le 18/05/2026 J'aime Entreprise : - Poste : Définir et déployer la politique de sécurité SI Piloter la gestion des risques cyber et la conformité (ISO 27001, etc.) Superviser la sécurité opérationnelle (SOC, gestion des incidents, vulnérabilités) Intégrer la sécurité dans les projets IT (security by design) Assurer le pilotage des audits et le suivi des recommandations Mettre en place des indicateurs de performance sécurité (KPI) Sensibiliser les équipes aux enjeux de cybersécurité Profil recherché : Profil recherché Bac+5 en informatique / cyber",,CDI,5
Chef de Service Marketing,SMM-Socodam-Davum,BTP / Génie Civil,CASABLANCA (Maroc),"Emploi - SMM-Socodam-Davum Entreprise: SMM-Socodam-Davum Secteur: BTP / Génie Civil Postes proposés: 2 Description: Smm-Socodam-Davum, acteur de référence dans l’industrie des matériaux de construction et de la métallurgie, joue depuis près d’un siècle, un rôle grandissant dans le développement des infrastructures de base du Maroc moderne.

Smm-Socodam-Davum fait partie du groupe Safari

Grâce à son savoir-faire unique, elle a contribué notamment à la réalisation de barrages hydrauliques, de ponts autoroutiers, de ports, de complexes sportifs et culturels et bien d’autres édifices... [+] Smm-Socodam-Davum , acteur de référence dans l’industrie des matériaux de construction et de la métallurgie, joue depuis près d’un siècle, un rôle grandissant dans le développement des infrastructures de base du Maroc moderne. Smm-Socodam-Davum fait partie du groupe Safari Grâce à son savoir-faire unique, elle a contribué notamment à la réalisation de barrages hydrauliques, de ponts autoroutiers, de ports, de complexes sportifs et culturels et bien d’autres édifices à connotation socio-économique. Smm-Socodam-Davum est le fruit d’une alliance stratégique et d’une fusion historique entre la Société ","Lancer 4K Chef de Service Marketing | CASABLANCA (Maroc) 2 Chef de Service Marketing recherché par Smm-Socodam-Davum, acteur majeur de l'industrie des matériaux de construction. Vos missions incluront la veille concurrentielle, la gestion de la commu",CDI,0
Assistanat de Direction / Services Généraux                                                                 - Secteur Comptabilité / Audit,,,,"Office Manager - Casablanca Assistanat de Direction / Services Généraux                                                                 - Secteur Comptabilité / Audit Intermédiaire (3 à 5 ans) 1 poste(s) sur                                                                            Casablanca et région                                     - Maroc Bac +3 Minimum
                                     - BTS / DUT Conventionnel Extraversion Flexibilité Organisation CDI Télétravail : Non Poste avec Management Publiée il y a 26 jours sur ReKrute.com -
                                Postulez avant le 18/05/2026 J'aime Entreprise : Nous sommes un cabinet d'audit, d’expertise comptable et de conseil, inscrit au tableau de l’Ordre des Experts Comptables du Maroc et membre du réseau Moore Stephens International. Notre activité s'articule principalement autour du contrôle légal des sociétés, des missions d'audit contractuel, de supervision comptable, de conseil juridique et fiscal. Nous intervenons également sur des missions à forte valeur ajoutée telles que l'audit d'acquisition, le conseil financier et le conseil en organisation. Poste : Missions principales : En tant qu’Office Manager, vous ",,CDI,5
Production / Qualité / Sécurité / Maintenance- Méthodes / Process / Industrialisation- Secteur Distribution								-,,,,"Ingénieur Responsable Technique & Actifs - Casablanca Production / Qualité / Sécurité / Maintenance - Méthodes / Process / Industrialisation - Secteur Distribution								- Intermédiaire (3 à 5 ans) 1 poste(s) sur                                                                            Casablanca et région                                     - Maroc Bac +5 et plus Minimum
                                     - Ecole d'ingénieur Recherche de nouveauté Respect des règles Ténacité Créativité Besoin d'objectivité Flexibilité Besoin de réflexion Organisation CDI Télétravail : Non Poste avec Management Publiée il y a 27 jours sur ReKrute.com -
                                Postulez avant le 23/04/2026 J'aime Entreprise : Une filiale du Groupe LabelVie recrute ! Poste : Rattaché à la direction des Actifs, votre rôle est d’assurer le bon état de fonctionnement des équipements du site en vue de répondre aux objectifs en matière de coût, hygiène, qualité et sécurité. Pour cela, vos domaines d’activités sont: Gestion technique du site Suivi des prestataires Maintenance préventive et curative Reporting d'exploitation Profil recherché : De formation Bac+5 Master/Ingénieur, vous justifiez d'",,CDI,5
Directeur Administratif et Financier,Aba Technology,Informatique,Casablanca (Maroc),"Emploi - Aba Technology Entreprise: Aba Technology Secteur: Informatique Postes proposés: 3 Description: ABA Technology se positionne en tant que co-constructeur de grandes transformations disruptives – une galaxie technologique – avec comme mission de contribuer au développement des nations plus connectées, durables et résilientes par la puissance de l’électronique, du numérique et du life science. ABA Technology se positionne en tant que co-constructeur de grandes transformations disruptives – une galaxie technologique – avec comme mission de contribuer au développement des nations plus connectées, durables et résilientes par la puissance de l’électronique, du numérique et du life science. [-] Suivre 1                        - 3 sur 3 Page 1 sur            
             1 Lancer 4K Directeur Administratif et Financier | Casablanca (Maroc) 2 ABA Technology recherche un Directeur Administratif et Financier expérimenté (10-15 ans) avec une expertise en Big4 et en entreprise. Vous piloterez la performance financière, la fiscalité, le contrôle de gestion et la trésorerie dans un environnement multi-entités. Idéal pour un leader stratégique et analytique souhaitant structurer les proce","Lancer 4K Directeur Administratif et Financier | Casablanca (Maroc) 2 ABA Technology recherche un Directeur Administratif et Financier expérimenté (10-15 ans) avec une expertise en Big4 et en entreprise. Vous piloterez la performance financière, la f",CDI,0
RH / Personnel / Formation                                                                 - Secteur Agroalimentaire,,,,"un chargé d’administration du personnel - Casablanca RH / Personnel / Formation                                                                 - Secteur Agroalimentaire Intermédiaire (3 à 5 ans) 1 poste(s) sur                                                                            Casablanca et région                                     - Maroc Bac +3 
                                     - Université Respect des règles Flexibilité Ambition CDI Télétravail : Non Publiée il y a 27 jours sur ReKrute.com -
                                Postulez avant le 17/05/2026 J'aime Entreprise : Grand acteur de la restauration recrute pour son compte un (e) chargé(e) d’administration du personnel Poste : Dans le cadre du renforcement de notre équipe RH, nous recrutons un(e) Chargé(e) de l’Administration du Personnel. Missions principales : Assurer la gestion administrative du personnel ( dossiers salariés, attestations…) Suivre les entrées et sorties des collaborateurs Gérer les absences, congés et éléments variables de paie Préparer et contrôler les données liées à la paie Profil recherché : • Bac+3 à Bac+5 en Ressources Humaines ou équivalent • Première expérience réussie dans un poste si",,CDI,5
Assistant - Travel Agency - Casablanca,Hayyak Tourism,Tourisme / Voyage / Loisirs,Casablanca (Maroc),"Emploi - Hayyak Tourism Entreprise: Hayyak Tourism Secteur: Tourisme / Voyage / Loisirs Postes proposés: 1 Description: Hayyak Tourism is a Moroccan travel company offering authentic and personalized experiences across the country’s cities, mountains, and deserts. We provide tailor-made tours, professional local guides, and reliable service to ensure every visitor discovers the true beauty and culture of Morocco. Our mission is to combine excellence with deep respect for local communities and environments. Join a passionate, dynamic team and help us create unforgettable journeys for our clients—especially in the high-potential Gulf markets . Hayyak Tourism is a Moroccan travel company offering authentic and personalized experiences across the country’s cities, mountains, and deserts. We provide tailor-made tours, professional local guides, and reliable service to ensure every visitor discovers the true beauty and culture of Morocco. Our mission is to combine excellence with deep respect for local communities and environments. Join a passionate, dynamic team and help us create unforgettable journeys for our clients—especially in the high-potential Gulf markets . [-] Suivre 1        ","Lancer 4K Assistant - Travel Agency - Casablanca | Casablanca (Maroc) 3 Hayyak Tourism recherche un(e) Assistant(e) dynamique à Casablanca pour soutenir les opérations quotidiennes et l'équipe. Ce rôle implique la gestion d'agendas, l'organisation de",CDI,0
Développeur backend .NET Core / IA (H/F),Oceane Consulting IT Maroc,Informatique,Casablanca (Maroc),"Emploi - Oceane Consulting IT Maroc Entreprise: Oceane Consulting IT Maroc Secteur: Informatique Postes proposés: 3 Description: Océane Consulting Group a été fondé fin 2008 suite au rachat d’une SSII.
La société offre à une clientèle de moyennes et grandes entreprises des prestations de services informatiques. Depuis 2009, le chiffre d’affaires (18 M€ en 2013) a été multiplié par 6 en 5 ans.

Océane Consulting compte actuellement 250 collaborateurs intervenant en assistance technique ou en mode forfaitaire auprès de ses clients situés en Ile-de-France, dans les Régions lilloise, grand Ouest et... [+] Océane Consulting Group a été fondé fin 2008 suite au rachat d’une SSII. La société offre à une clientèle de moyennes et grandes entreprises des prestations de services informatiques. Depuis 2009, le chiffre d’affaires (18 M€ en 2013) a été multiplié par 6 en 5 ans. Océane Consulting compte actuellement 250 collaborateurs intervenant en assistance technique ou en mode forfaitaire auprès de ses clients situés en Ile-de-France, dans les Régions lilloise, grand Ouest et lyonnaise. La culture d’entreprise est orientée vers l’Engagement, le Travail d’équipe et le Respect avec la possibilit","Lancer 4K Développeur backend .NET Core / IA (H/F) | Casablanca (Maroc) 3 Développeur Backend .NET Core / IA (H/F) recherche pour un projet innovant. Votre mission : utiliser l'IA générative pour maximiser votre productivité, définir l'architecture t",CDI,0
Commercial Terrain - Expérimenté (H/F),DECO VERRE,Autres services,Tout le Maroc (Maroc),"Emploi - DECO VERRE Entreprise: DECO VERRE Secteur: Autres services Postes proposés: 2 Description: Transformation et Décoration de Goblerie, de Verre, de Bouteilles et Bocaux Transformation et Décoration de Goblerie, de Verre, de Bouteilles et Bocaux [-] Suivre 1                        - 1 sur 1 Page 1 sur            
             1 Lancer 4K Commercial Terrain - Expérimenté (H/F) | Tout le Maroc (Maroc) 5 DECO VERRE recherche un Commercial Expérimenté (H/F) pour développer son activité de décoration sur verre. Vous serez responsable de la gestion d'un portefeuille clients, de la prospection, et de la promotion de nos produits. Une expérience confirmée de 10 ans en vente et un excellent sens de la négociation sont requis. Publication : du 17/03/2026 au 13/05/2026 |  Postes proposés: 2 Secteur d'activité : Autres Industries - Autres services Fonction : Commercial / Vente / Export , Distribution (métiers de la) Expérience requise : Confirmé (5 à 10 ans) - Expert (10 à 20 ans) Niveau d'étude demandé : Bac +2 Type de contrat proposé : CDI - Télétravail : Non 1                        - 1 sur 1 Page 1 sur            
             1","Lancer 4K Commercial Terrain - Expérimenté (H/F) | Tout le Maroc (Maroc) 5 DECO VERRE recherche un Commercial Expérimenté (H/F) pour développer son activité de décoration sur verre. Vous serez responsable de la gestion d'un portefeuille clients, de l",CDI,1
Order Coordinator,Hubei Forbon Technology,Agriculture / Environnement,El Jadida (Maroc),"Emploi - Hubei Forbon Technology Entreprise: Hubei Forbon Technology Secteur: Agriculture / Environnement Postes proposés: 1 Description: Forbon is a listed company, stock code 300387. In the traditional fertilizer additives, Forbon is the Asia‘s largest fertilizer additives and service enterprise. Forbon  merged  Holland Novochem company which is the leading additives European enterprises  in 2015.  Forbon  merged  french PST company which is the LDAN  additives enterprises  in 2017. Forbon became the leading company in the fertilizer additives all over the world.

In the agriculture big data and intelligent agriculture, Forbon holding  the SoilOptix company in Canada with... [+] Forbon is a listed company, stock code 300387. In the traditional fertilizer additives, Forbon is the Asia‘s largest fertilizer additives and service enterprise. Forbon  merged  Holland Novochem company which is the leading additives European enterprises  in 2015.  Forbon  merged  french PST company which is the LDAN  additives enterprises  in 2017. Forbon became the leading company in the fertilizer additives all over the world. In the agriculture big data and intelligent agriculture, Forbon holding  the","Lancer 4K Order Coordinator | El Jadida (Maroc) 4 Forbon recrute un coordinateur de commandes à El Jadida. Vos responsabilités incluent la gestion des commandes de bout en bout, la coordination logistique et la liaison avec les clients et les équipes",CDD,3
Développeur Web WordPress Junior / Stage préembauche  Casablanca,Distamed sarl,Matériel Médical,Casablanca (Maroc),"Emploi - Distamed sarl Entreprise: Distamed sarl Secteur: Matériel Médical Postes proposés: 2 Description: Distamed occupe une place de leader sur le marché marocain des dispositifs médicaux, avec un réseau puissant de partenaires, publics et privés et de nombreuses installations à travers le pays.

Depuis sa création, Distamed n’a cessé d’améliorer son savoir-faire et ses compétences pour pouvoir poursuivre les changements des systèmes de santé et concevoir des solutions globales et efficace, pour affronter les défis du quotidien. Distamed se démarque par son... [+] Distamed occupe une place de leader sur le marché marocain des dispositifs médicaux, avec un réseau puissant de partenaires, publics et privés et de nombreuses installations à travers le pays. Depuis sa création, Distamed n’a cessé d’améliorer son savoir-faire et ses compétences pour pouvoir poursuivre les changements des systèmes de santé et concevoir des solutions globales et efficace, pour affronter les défis du quotidien. Distamed se démarque par son expertise dans la vente du matériel médical le plus utilisé les domaines de cardiologie, pneumologie,neurologie, exploration du sommeil, réadaptation multidisciplinair","Lancer 4K Développeur Web WordPress Junior / Stage préembauche  Casablanca | Casablanca (Maroc) 5 Distamed recrute un Développeur Web WordPress Junior (Stage préembauche) à Casablanca. Vos missions incluront la maintenance, le développement et l'opti",CDI,0
Senior Software Engineer/JAVA/Node.js,Capgemini,Informatique,Casablanca (Maroc),"Emploi - Capgemini Entreprise: Capgemini Secteur: Informatique Postes proposés: 62 Description: Capgemini est un leader mondial, responsable et multiculturel, regroupant 325 000 personnes dans plus de 50 pays. Partenaire stratégique des entreprises pour la transformation de leurs activités en tirant profit de toute la puissance de la technologie, le Groupe est guidé au quotidien par sa raison d’être : libérer les énergies humaines par la technologie pour un avenir inclusif et durable.

Fort de 55 ans d’expérience et d’une grande expertise des différents secteurs d’activité, Capgemini est reconnu par... [+] Capgemini est un leader mondial, responsable et multiculturel, regroupant 325 000 personnes dans plus de 50 pays. Partenaire stratégique des entreprises pour la transformation de leurs activités en tirant profit de toute la puissance de la technologie, le Groupe est guidé au quotidien par sa raison d’être : libérer les énergies humaines par la technologie pour un avenir inclusif et durable. Fort de 55 ans d’expérience et d’une grande expertise des différents secteurs d’activité, Capgemini est reconnu par ses clients pour répondre à l’ensemble de leurs besoins, de la stratégie et ","Lancer 4K Senior Software Engineer/JAVA/Node.js | Casablanca (Maroc) 1 Capgemini recrute un Développeur Java / Node.js / Angular confirmé pour ses équipes au Maroc. Vous concevrez, développerez et maintiendrez des applications backend, participerez a",CDI,0
Audit / Conseil                                                                 - Secteur Assurance / Courtage								- Banque / Finance,,,,"Auditeur interne junior - Casablanca Audit / Conseil                                                                 - Secteur Assurance / Courtage								- Banque / Finance Junior (1 à 3 ans) 1 poste(s) sur                                                                            Casablanca et région                                     - Maroc Bac +5 et plus Maximum
                                     - Master Besoin d'objectivité Intuition / Spontanéité Flexibilité Besoin de réflexion Travail en équipe Equilibre personnel Ambition Improvisation CDI Télétravail : Non Publiée il y a 28 jours sur ReKrute.com -
                                Postulez avant le 16/05/2026 J'aime Entreprise : Acteur de référence dans le secteur des assurances au Maroc, notre compagnie œuvre depuis plusieurs années pour offrir des solutions d’assurance et de réassurance innovantes, fiables et adaptées aux besoins de nos clients Poste : Rejoignez une entreprise dynamique du secteur de l' Assurance en tant qu' Auditeur interne junior . Basé(e) à Casablanca , vous aurez pour mission principale de contribuer à l'évaluation et à l'amélioration des processus internes, garantissant ainsi la conformité et l'e",,CDI,5
Informatique / Electronique                                                                 - Secteur Assurance / Courtage								- Banque / Finance,,,,"Ingénieur développement .NET - casablanca Informatique / Electronique                                                                 - Secteur Assurance / Courtage								- Banque / Finance Intermédiaire (3 à 5 ans)                                     - Confirmé (5 à 10 ans) 1 poste(s) sur                                                                            Casablanca et région                                     - Maroc Bac +5 et plus Minimum
                                     - Ecole d'ingénieur                                     - Master Créativité Sensibilité émotionnelle Intuition / Spontanéité Besoin d'action Besoin d'autonomie Implication au travail CDI Télétravail : Non Publiée il y a 28 jours sur ReKrute.com -
                                Postulez avant le 16/05/2026 J'aime Entreprise : Acteur de référence dans le secteur des assurances au Maroc, notre compagnie œuvre depuis plusieurs années pour offrir des solutions d’assurance et de réassurance innovantes, fiables et adaptées aux besoins de nos clients Poste : Rejoignez notre dynamique entreprise dans le secteur de l' Assurance Situé au cœur de Casablanca , nous vous proposons de vous épanouir en tant qu' In",,CDI,5
Infirmier(e) Polyvalent(e),FIGEAC Aero Maroc,Aéronautique / Spatial,Nouaceur (Maroc),"Emploi - FIGEAC Aero Maroc Entreprise: FIGEAC Aero Maroc Secteur: Aéronautique / Spatial Description: FIGEAC AERO est créé en 1989, Spécialisée dans la fourniture de pièces de petites, moyennes et grandes dimensions. C’est à partir de 1994, qu’un groupe se forme et compte aujourd’hui 8 filiales (MTI, Mécabrive, Figeac Aero Tunisie, Figeac Aero Maroc, Figeac Aero North America, Figeac Aero Mexique, Figeac Aero Saint-Nazaire, Figeac Aero Picardie) et deux partenaires (Avantis et Usicap). Certifiée depuis 2006 par l’AFAQ, l’entreprise en forte croissance met en avant de nouveaux projets... [+] FIGEAC AERO est créé en 1989, Spécialisée dans la fourniture de pièces de petites, moyennes et grandes dimensions. C’est à partir de 1994, qu’un groupe se forme et compte aujourd’hui 8 filiales (MTI, Mécabrive, Figeac Aero Tunisie, Figeac Aero Maroc, Figeac Aero North America, Figeac Aero Mexique, Figeac Aero Saint-Nazaire, Figeac Aero Picardie) et deux partenaires (Avantis et Usicap). Certifiée depuis 2006 par l’AFAQ, l’entreprise en forte croissance met en avant de nouveaux projets d’investissements et de management (nouvelles acquisitions de machines, agrandissement des locaux, miseen place d","Lancer 4K Infirmier(e) Polyvalent(e) | Nouaceur (Maroc) 4 FIGEAC AERO recherche un(e) Infirmier(e) Polyvalent(e) pour des soins préventifs, la prise en charge des urgences et le suivi médical en milieu industriel. Le poste requiert un diplôme d'infir",CDI,0
Chargé(e) de Relation Client,Clinique La Vallée,Pharmacie / Santé,Tanger (Maroc),"Emploi - Clinique La Vallée Entreprise: Clinique La Vallée Secteur: Pharmacie / Santé Postes proposés: 4 Description: Clinique La Vallée, située à Rabat, est un établissement de référence en psychiatrie, santé mentale et addictologie.
Nous offrons un cadre de soins humain, sécurisé et innovant, porté par une équipe pluridisciplinaire engagée.
Notre clinique s’inscrit dans une démarche qualité ISO 9001 et valorise la formation continue.
Rejoignez un environnement stimulant, dédié au bien-être et à l'autonomie des patients. Clinique La Vallée, située à Rabat, est un établissement de référence en psychiatrie, santé mentale et addictologie. Nous offrons un cadre de soins humain, sécurisé et innovant, porté par une équipe pluridisciplinaire engagée. Notre clinique s’inscrit dans une démarche qualité ISO 9001 et valorise la formation continue. Rejoignez un environnement stimulant, dédié au bien-être et à l'autonomie des patients. [-] Suivre 1                        - 3 sur 3 Page 1 sur            
             1 Lancer 4K Chargé(e) de Relation Client | Tanger (Maroc) Clinique La Vallée à Rabat recrute un(e) Chargé(e) de Relation Client expérimenté(e) avec au moins 5 ans d'expérience en c","Lancer 4K Chargé(e) de Relation Client | Tanger (Maroc) Clinique La Vallée à Rabat recrute un(e) Chargé(e) de Relation Client expérimenté(e) avec au moins 5 ans d'expérience en centre d'appel. Vos missions incluront le développement commercial, la ge",CDI,3
Hôtellerie / Restauration (métiers de)- Tourisme (métiers du)- Secteur Hôtellerie / Restauration								- Tourisme / Voyage / Loisirs,,,,"Responsable Technique - Marrakech Hôtellerie / Restauration (métiers de) - Tourisme (métiers du) - Secteur Hôtellerie / Restauration								- Tourisme / Voyage / Loisirs Confirmé (5 à 10 ans)                                     - Expert (10 à 20 ans) Marrakech et région                                     - Maroc Bac +5 et plus Minimum
                                     - Ecole d'ingénieur Respect des règles Volonté de persuasion Rationalisme Flexibilité Besoin d'action Travail en équipe Implication au travail Organisation CDI Télétravail : Non Poste avec Management Publiée il y a 28 jours sur ReKrute.com -
                                Postulez avant le 16/05/2026 J'aime Entreprise : Dans le cadre du renforcement de ses équipes, une institution de référence accueillant du public recrute un Responsable Technique chargé de piloter et superviser l’ensemble des activités techniques liées à l’exploitation, à la maintenance et au développement de ses infrastructures. Rattaché à la Direction, vous garantissez la fiabilité des installations, la sécurité des personnes et des biens, ainsi que la conformité réglementaire des équipements et bâtiments. Vous contribuez également à l’amélior",confirmée (minimum 5 ans) dans un poste similaire.,CDI,6
Commercial Sédentaire (H/F)  (Chellalat ),FIRM,Autres Industries,Mohammédia (Maroc),"Emploi - FIRM Entreprise: FIRM Secteur: Autres Industries Description: Fort d'une expérience de plus de 40 ans dans les transports de fluides, FIRM (Fournitures Industrielles et Réalisations Mécaniques) est un acteur majeur sur le marché marocain dans la commercialisation de la robinetterie industrielle, le tube, les raccords et les accessoires.
Notre notoriété est avant tout liée à notre expertise dans le domaine et à l'assistance technique à nos clients. Fort d'une expérience de plus de 40 ans dans les transports de fluides, FIRM (Fournitures Industrielles et Réalisations Mécaniques) est un acteur majeur sur le marché marocain dans la commercialisation de la robinetterie industrielle, le tube, les raccords et les accessoires. Notre notoriété est avant tout liée à notre expertise dans le domaine et à l'assistance technique à nos clients. [-] Suivre 1                        - 2 sur 2 Page 1 sur            
             1 Lancer 4K Commercial Sédentaire (H/F)  (Chellalat ) | Mohammédia (Maroc) 2 Commercial Sédentaire (H/F) à Chellalat : Rejoignez FIRM, acteur majeur dans les transports de fluides, pour gérer la relation client, produire des offres commerciales et traiter les dossier","Lancer 4K Commercial Sédentaire (H/F)  (Chellalat ) | Mohammédia (Maroc) 2 Commercial Sédentaire (H/F) à Chellalat : Rejoignez FIRM, acteur majeur dans les transports de fluides, pour gérer la relation client, produire des offres commerciales et trai",CDI,0
Assistanat de Direction / Services Généraux- Banque (métiers de la)- Secteur Banque / Finance								- Comptabilité / Audit,,,,"Assistante  Financière (H/F) - Casablanca Assistanat de Direction / Services Généraux - Banque (métiers de la) - Secteur Banque / Finance								- Comptabilité / Audit Junior (1 à 3 ans)                                     - Intermédiaire (3 à 5 ans) 1 poste(s) sur                                                                            Casablanca et région                                     - Maroc Bac +3 Minimum Respect des règles Distance émotionnelle Rationalisme Travail en équipe Besoin d'objectivité Flexibilité Implication au travail Organisation CDI Télétravail : Non Publiée il y a 28 jours sur ReKrute.com -
                                Postulez avant le 16/05/2026 J'aime Entreprise : Une grande société recrute une Assistante Financière . Poste : Vos responsabilités sont les suivantes : • Traiter le courrier postal et électronique ainsi que les appels téléphoniques • Suivre la circulation des parapheurs • Gérer les agendas électroniques et contrôler les échéances • Saisir, mettre en forme des documents divers (courriers, mails, rapports ….), les reproduire et les diffuser • Répondre aux demandes d'informations des autres services et de l'extérieur • Participer à la ges",,CDI,5
Assistanat de Direction / Services Généraux- Achats / Supply Chain- Secteur Automobile / Motos / Cycles								- Pétrole / Gaz,,,,"Attaché Parc - Mohammédia Assistanat de Direction / Services Généraux - Achats / Supply Chain - Secteur Automobile / Motos / Cycles								- Pétrole / Gaz Junior (1 à 3 ans)                                     - Intermédiaire (3 à 5 ans) 1 poste(s) sur                                                                            Casablanca et région                                     - Maroc Bac +2 Minimum Flexibilité Extraversion Organisation Rationalisme Distance émotionnelle Respect des règles Besoin d'action CDI Télétravail : Non Publiée il y a 28 jours sur ReKrute.com -
                                Postulez avant le 16/05/2026 J'aime Entreprise : Une grande société recrute un Attaché Parc à Mohammédia . Poste : Attaché du parc Mohammedia: Validation et suivi des autorisations de Gasoil Validation des bons de livraison Gasoil Contrôle journalier de l'activité de la flotte par GPS Réalisation de l'état kilométrique mensuel Analyse de la consommation du Gasoil Profil recherché : De formation de bac+2 avec une expérience de 2 ans dans un poste similaire Maîtrise des outils informatiques Connaissance générale des techniques de gestion logistique Traits de personnalité souhaités : ",,CDI,5
Administration des ventes / SAV- Commercial / Vente / Export- Secteur Immobilier / Promoteur / Agence								- Import / Export / Négoce,,,,"Délégué Régional (H/F) - Oujda Administration des ventes / SAV - Commercial / Vente / Export - Secteur Immobilier / Promoteur / Agence								- Import / Export / Négoce Intermédiaire (3 à 5 ans) 1 poste(s) sur                                                                            Oujda et région                                     - Maroc Bac +4 Minimum
                                     - Master Recherche de nouveauté Respect des règles Implication au travail Organisation CDI Télétravail : Non Poste avec Management Publiée il y a 28 jours sur ReKrute.com -
                                Postulez avant le 16/05/2026 J'aime Entreprise : Une grande entreprise leader dans son secteur, recrute un Délégué Régional à Oujda . Poste : Rattachés à la Direction, vos principales missions sont les suivantes : Animer le réseau des stations services de votre région; Assurer le développement du réseau à travers la création de nouvelles stations de service; Développer le volume des ventes des carburants et des lubrifiants; Améliorer en permanence la satisfaction des clients; Prospecter et apporter de nouveaux clients pour chaque segment de marché B TO B; Assurer une veille permanente de la ",,CDI,5
Production / Qualité / Sécurité / Maintenance- Travaux / Chantiers / BTP- Secteur Automobile / Motos / Cycles								- Electro-mécanique / Mécanique,,,,"Responsable Maintenance Véhicules – Parc - Mohammédia Production / Qualité / Sécurité / Maintenance - Travaux / Chantiers / BTP - Secteur Automobile / Motos / Cycles								- Electro-mécanique / Mécanique Intermédiaire (3 à 5 ans) 1 poste(s) sur                                                                            Tout le Maroc                                     - Maroc Bac +5 et plus Minimum
                                     - Ecole d'ingénieur Respect des règles Rationalisme Besoin d'action Travail en équipe Besoin d'objectivité Flexibilité Implication au travail Organisation CDI Télétravail : Non Poste avec Management Publiée il y a 28 jours sur ReKrute.com -
                                Postulez avant le 16/05/2026 J'aime Entreprise : Une entreprise leader dans son secteur, recrute un Responsable Maintenance Véhicules à Mohammédia . Poste : Vos responsabilités seront les suivantes: Assurer et gérer la maintenance préventive et curative des véhicules du parc (camions, citernes, etc.) ; Organiser le dispatching, le suivi et le contrôle des différentes interventions (mécanique, électrique, soudure, entretien…) ; Suivre en temps réel l’état de disponibilité de la flotte",,CDI,5
Assistanat de Direction / Services Généraux- Gestion / Comptabilité / Finance- Secteur Autres Industries								- Autres services,,,,"Assistante Administrative - Mohammédia Assistanat de Direction / Services Généraux - Gestion / Comptabilité / Finance - Secteur Autres Industries								- Autres services Junior (1 à 3 ans)                                     - Intermédiaire (3 à 5 ans) 1 poste(s) sur                                                                            Casablanca et région                                     - Maroc Bac +3 Minimum
                                     - Ecole de commerce Respect des règles Distance émotionnelle Rationalisme Travail en équipe Besoin d'objectivité Flexibilité Implication au travail Organisation CDI Télétravail : Non Publiée il y a 28 jours sur ReKrute.com -
                                Postulez avant le 16/05/2026 J'aime Entreprise : Une entreprise leader dans son secteur, recrute une Assistante Administrative à Mohammedia . Poste : Rattachée à la direction générale, vos responsabilités sont les suivantes : Assurer l'accueil physique et téléphonique des interlocuteurs internes et externes Assurer les prises de rendez-vous Traiter le courrier postal et électronique ainsi que les appels téléphoniques Suivre la circulation des parapheurs Gérer les agendas électr",,CDI,5
Distribution (métiers de la)- Production / Qualité / Sécurité / Maintenance- Secteur Distribution								- Energie,,,,"Gérant de Station-Service - Béni Mellal Distribution (métiers de la) - Production / Qualité / Sécurité / Maintenance - Secteur Distribution								- Energie Junior (1 à 3 ans)                                     - Intermédiaire (3 à 5 ans) 1 poste(s) sur                                                                            Béni Mellal et région                                     - Maroc Bac +3 Minimum Recherche de nouveauté Respect des règles Volonté de persuasion Distance émotionnelle Rationalisme Besoin d'action Improvisation Implication au travail CDI Télétravail : Non Poste avec Management Publiée il y a 28 jours sur ReKrute.com -
                                Postulez avant le 16/05/2026 J'aime Entreprise : Une grande entreprise leader dans son secteur, recrute un Gérant de Station-Service à Béni Mellal . Poste : Rattaché(e) à la Direction Réseau Direct, vous êtes l'interlocuteur principal du client, Vos principales missions seront : • Gestion et fiabilisation des stocks carburants et lubrifiants • Etablissement des rapports journaliers et décadaires d’activités • Suivi et recouvrement des crédits clients • Etre le garant de la qualité de service • Etre le garant de la",,CDI,5
RH / Personnel / Formation                                                                 - Secteur Service public / Administration								- Autres services,,,,"Stagiaire en Ressources Humaines (H/F) - Casablanca RH / Personnel / Formation                                                                 - Secteur Service public / Administration								- Autres services Débutant (-1 an) 1 poste(s) sur                                                                            Casablanca et région                                     - Maroc Bac +2 Minimum
                                     - Formation professionnelle Recherche de nouveauté Extraversion Besoin d'objectivité Besoin d'autonomie Implication au travail Stage Télétravail : Non Publiée il y a 30 jours sur ReKrute.com -
                                Postulez avant le 14/05/2026 J'aime Entreprise : Poste : - Assister l'équipe RH dans leurs missions au quotidien. - Mettre à jour les tableaux de bords (Excel, logiciel interne) - Assurer le classement et l'archivage des dossiers Profil recherché : • Etudiant (e) en Bac+2 • Vous avez de fortes capacités d’adaptation, d’organisation et de gestion des priorités, Disponible dans l'immédiat Durée : 1 mois à plein temps. Alors, si vous retrouvez dans cet descriptif, ce poste est fait pour vous ! Traits de personnalité souhaités : Recherche ",,STAGE,5
Production / Qualité / Sécurité / Maintenance                                                                 - Secteur Automobile / Motos / Cycles,,,,"Ingénieur Maintenance - Tanger Production / Qualité / Sécurité / Maintenance                                                                 - Secteur Automobile / Motos / Cycles Intermédiaire (3 à 5 ans)                                     - Confirmé (5 à 10 ans) 1 poste(s) sur                                                                            Tanger et région                                     - Maroc Bac +5 et plus 
                                     - Master Recherche de nouveauté Flexibilité Travail en équipe Implication au travail Organisation CDI Télétravail : Non Poste avec Management Publiée il y a 31 jours sur ReKrute.com -
                                Postulez avant le 13/05/2026 J'aime Entreprise : Rejoignez un groupe dynamique du secteur automobile en tant qu’Ingénieur Maintenance. Ce poste est basé à Tanger Free Zone et offre l’opportunité d’évoluer dans un environnement industriel stimulant et en constante évolution. Poste : Dans le cadre du renforcement de nos équipes, nous recherchons un Ingénieur Maintenance dont la mission principale sera de garantir la disponibilité et la fiabilité des équipements de production et du matériel de support. Vous veill",,CDI,5
Comptable,Blue Box,Autres Industries,Casablanca (Maroc),"Emploi - Blue Box Entreprise: Blue Box Secteur: Autres Industries Postes proposés: 2 Description: Rejoindre BLUE BOX, c’est bien plus qu’intégrer un fournisseur d’équipements. C’est choisir un partenaire de carrière.

Chez BLUE BOX, nous sommes convaincus que la performance passe par l’humain. Spécialisés dans la fourniture d’équipements issus des marques les plus fiables du marché, nous accompagnons nos clients avec des solutions durables et personnalisées, qui assurent la continuité de leurs opérations sans interruption.
Mais au-delà de notre expertise technique, notre... [+] Rejoindre BLUE BOX, c’est bien plus qu’intégrer un fournisseur d’équipements. C’est choisir un partenaire de carrière. Chez BLUE BOX , nous sommes convaincus que la performance passe par l’humain. Spécialisés dans la fourniture d’équipements issus des marques les plus fiables du marché, nous accompagnons nos clients avec des solutions durables et personnalisées, qui assurent la continuité de leurs opérations sans interruption. Mais au-delà de notre expertise technique, notre véritable force, c’est notre équipe. Pourquoi nous rejoindre ? • Parce que chez BLUE BOX, vous ne serez jamais un simple maillon de la ","Lancer 4K Comptable | Casablanca (Maroc) 10 BLUE BOX recherche un Comptable pour rejoindre son équipe. Vos missions incluront la tenue de la comptabilité courante, le suivi de trésorerie, la préparation des déclarations fiscales et l'interface avec l",CDI,0
Property Manager,Madaef,Hôtellerie / Restauration,RABAT (Maroc),"Emploi - Madaef Entreprise: Madaef Secteur: Hôtellerie / Restauration Description: Avec un portefeuille de plus de 40 actifs touristiques en exploitation, Madaëf est une société leader de l’investissement touristique au Maroc. Madaëf met à profit sa connaissance du secteur pour le développement et l’exploitation d’actifs touristiques, contribuant fortement à l’émergence de nouvelles destinations touristiques, au renforcement de la capacité d’accueil et à la montée en gamme de l’offre touristique nationale.

Forte de ses expertises et celles de ses différentes... [+] Avec un portefeuille de plus de 40 actifs touristiques en exploitation, Madaëf est une société leader de l’investissement touristique au Maroc. Madaëf met à profit sa connaissance du secteur pour le développement et l’exploitation d’actifs touristiques, contribuant fortement à l’émergence de nouvelles destinations touristiques, au renforcement de la capacité d’accueil et à la montée en gamme de l’offre touristique nationale. Forte de ses expertises et celles de ses différentes filiales, Madaëf intervient, dans différentes régions du Royaume, sur toute la chaîne de valeur touristique : aménagement, développement et explo","Lancer 4K Property Manager | RABAT (Maroc) 6 Madaëf, leader de l'investissement touristique au Maroc, recrute un Property Manager. Le poste implique le déploiement de la politique de maintenance, le suivi des installations techniques et de sécurité, ",CDI,0
COORDINATEUR(RICE) RH - Franco-anglophone,Marketing Call Center,Centre d'appels,Rabat (Maroc),"Emploi - Marketing Call Center Entreprise: Marketing Call Center Secteur: Centre d'appels Postes proposés: 2 Description: Fort de 20 ans d'expérience dans le métier des centres d'appels, de l'Offshoring et de la gestion de la relation client.
 

Marketing Call Center est une entreprise de services avec plus de 500 collaborateurs expérimentés qui gèrent au quotidien des prestations complexes, à forte valeurs ajoutées, pour des clients marocains, français et européens.

Nous fournissons chaque jour à nos prestigieux clients un service de qualité, qui répond à l'ensemble de leurs attentes, tout en... [+] Fort de 20 ans d'expérience dans le métier des centres d'appels, de l'Offshoring et de la gestion de la relation client. Marketing Call Center est une entreprise de services avec plus de 500 collaborateurs expérimentés qui gèrent au quotidien des prestations complexes, à forte valeurs ajoutées, pour des clients marocains, français et européens. Nous fournissons chaque jour à nos prestigieux clients un service de qualité, qui répond à l'ensemble de leurs attentes, tout en fournissant le meilleur cadre de travail pour nos agents. [-] Suivre 1                        - 2 sur 2 Page 1 sur ","Lancer 4K COORDINATEUR(RICE) RH - Franco-anglophone | Rabat (Maroc) 1 Marketing Call Center recherche un(e) Coordinateur(rice) RH Franco-anglophone. Vos missions incluent le conseil et le support RH aux opérationnels, ainsi que le développement RH (i",CDI,0
Commercial / Vente / Export- Marketing- Secteur Indifférent,,,,"Chef de projet Partenariats - Casablanca Commercial / Vente / Export - Marketing - Secteur Indifférent Intermédiaire (3 à 5 ans) 1 poste(s) sur                                                                            Casablanca et région                                     - Maroc Bac +5 et plus 
                                     - Ecole de commerce                                     - Université Créativité Rationalisme Flexibilité Travail en équipe Implication au travail Organisation CDI Télétravail : Non Publiée il y a 31 jours sur ReKrute.com -
                                Postulez avant le 13/05/2026 J'aime Entreprise : Rejoignez une entreprise marocaine de référence, acteur clé dans des secteurs stratégiques. Engagé en faveur du développement durable et de l’innovation, le groupe offre à ses talents un environnement stimulant, des parcours de carrière diversifiés et une culture d’entreprise fondée sur la performance et la responsabilité. Vous souhaitez donner du sens à votre parcours professionnel ? Venez construire l’avenir avec nous. Poste : Rejoignez une entreprise leader dans son secteur et contribuez à son développement stratégique. Basé à Casablanca , ce poste d",,CDI,5
Accountant,TINCI Materials Jorf lasfar,Chimie / Parachimie / Peintures,Casablanca (Maroc),"Emploi - TINCI Materials Jorf lasfar Entreprise: TINCI Materials Jorf lasfar Secteur: Chimie / Parachimie / Peintures Postes proposés: 1 Description: About Us

 

Tinci Materials is a green chemical company that specializes in producing new energy lithium battery materials and daily cosmetics. As the global largest electrolyte supplier, we are powered by a unique and diverse workforce fueled by pride in what we do and what we stand for.

 

Join us at Tinci Materials to be part of an innovative and dynamic team that is dedicated to shaping the future of the materials industry. Come grow with us and make a meaningful impact in your career!

 

Tinci's Affiliates in Morocco

 

As part of our global... [+] About Us Tinci Materials is a green chemical company that specializes in producing new energy lithium battery materials and daily cosmetics. As the global largest electrolyte supplier, we are powered by a unique and diverse workforce fueled by pride in what we do and what we stand for. Join us at Tinci Materials to be part of an innovative and dynamic team that is dedicated to shaping the future of the materials industry. Come grow with us and make a meaningful impact in your caree","Lancer 4K Accountant | Casablanca (Maroc) 3 Tinci Materials recherche un(e) Comptable pour son projet au Maroc. Ce poste implique la gestion financière locale, la conformité fiscale et la mise en place du système comptable, avec une exigence de maîtr",CDI,3
Gestion / Comptabilité / Finance                                                                 - Secteur Agroalimentaire								- Autres Industries,,,,"Contrôleur de gestion senior - Had Soualem Gestion / Comptabilité / Finance                                                                 - Secteur Agroalimentaire								- Autres Industries Confirmé (5 à 10 ans) 2 poste(s) sur                                                                            Casablanca et région                                     - Maroc Bac +5 et plus Minimum
                                     - Ecole de commerce Conventionnel Respect des règles Besoin d'objectivité Rationalisme Organisation CDI Télétravail : Non Poste avec Management Publiée il y a 31 jours sur ReKrute.com -
                                Postulez avant le 13/05/2026 J'aime Entreprise : Industrie Poste : Assurer le pilotage opérationnel de l’entreprise en élaborant, analysant et suivant les budgets, prévisions et performances financières. Le Contrôleur de Gestion Senior joue un rôle clé dans l'aide à la prise de décision stratégique. • Élaboration et suivi budgétaire : Coordonner la préparation des budgets annuels en collaboration avec les différentes unités opérationnelles. Suivre l'exécution budgétaire et analyser les écarts entre les prévisions et les réalisations. • Analyse fi",,CDI,5
Méthodes / Process / Industrialisation- Production / Qualité / Sécurité / Maintenance- Secteur Indifférent,,,,"Animateur HSE - Mohammedia - - Mohammédia Méthodes / Process / Industrialisation - Production / Qualité / Sécurité / Maintenance - Secteur Indifférent Débutant (-1 an)                                     - Junior (1 à 3 ans) 1 poste(s) sur                                                                            Casablanca et région                                     - Maroc Bac +2 Minimum
                                     - BTS / DUT                                     - Formation spécialisée Respect des règles Extraversion Flexibilité Besoin d'action Travail en équipe Implication au travail Organisation CDI Télétravail : Non Publiée il y a 32 jours sur ReKrute.com -
                                Postulez avant le 12/05/2026 J'aime Entreprise : Rejoignez une entreprise marocaine de référence, acteur clé dans des secteurs stratégiques. Engagé en faveur du développement durable et de l’innovation, le groupe offre à ses talents un environnement stimulant, des parcours de carrière diversifiés et une culture d’entreprise fondée sur la performance et la responsabilité. Vous souhaitez donner du sens à votre parcours professionnel ? Venez construire l’avenir avec nous. Poste : Rejo",,CDI,5
Personnel buanderie,Clinique Tilila,Pharmacie / Santé,Agadir (Maroc),"Emploi - Clinique Tilila Entreprise: Clinique Tilila Secteur: Pharmacie / Santé Postes proposés: 1 Description: Fondée en 1996, la Clinique Tilila est passée d’une modeste clinique de quartier à l’un des hôpitaux privés les plus respectés du sud du Maroc. 

 

Niché dans le Quartier Prince Héritier Sidi Mohamed sur la rue Oujjaj, l’établissement a subi une vaste rénovation en 2019, équipant chaque département de technologies répondant – et souvent dépassant – les normes européennes contemporaines. Aujourd’hui, la clinique occupe une position... [+] Fondée en 1996, la Clinique Tilila est passée d’une modeste clinique de quartier à l’un des hôpitaux privés les plus respectés du sud du Maroc. Niché dans le Quartier Prince Héritier Sidi Mohamed sur la rue Oujjaj, l’établissement a subi une vaste rénovation en 2019, équipant chaque département de technologies répondant – et souvent dépassant – les normes européennes contemporaines. Aujourd’hui, la clinique occupe une position stratégique dans le paysage de la santé à Agadir, accueillant familles locales, voyageurs d’affaires et touristes internationaux 24 heures sur 24, sept jours sur sept. Le catalogue médical de la Clinique Tilila com","Lancer 4K Personnel buanderie | Agadir (Maroc) 1 Clinique Tilila à Agadir recrute un Personnel Buanderie pour assurer la gestion de la lingerie et le respect des normes d'hygiène. Le poste requiert un Bac+2, 1 à 3 ans d'expérience (hôtellerie, restau",CDI,3
Avocat / Juriste / Fiscaliste- Gestion / Comptabilité / Finance- Secteur Juridique / Cabinet d’avocats								- Indifférent,,,,"Cadre Juriste (H/F) - Casablanca Avocat / Juriste / Fiscaliste - Gestion / Comptabilité / Finance - Secteur Juridique / Cabinet d’avocats								- Indifférent Intermédiaire (3 à 5 ans)                                     - Confirmé (5 à 10 ans) 1 poste(s) sur                                                                            Tout le Maroc                                     - Maroc Bac +3 Minimum
                                     - Université Respect des règles Distance émotionnelle Rationalisme Travail en équipe Flexibilité Besoin de réflexion Implication au travail Organisation CDI Télétravail : Non Publiée il y a 32 jours sur ReKrute.com -
                                Postulez avant le 12/05/2026 J'aime Entreprise : Une grande entreprise leader dans son secteur, recrute un Cadre Juriste (H/F). Poste : En tant que cadre juriste, vous assurerez les missions principales suivantes : • L'analyse des documents contractuels et des risques y afférents ; • La rédaction d’avis et de consultations juridiques ; • L'aide à la négociation des marchés et contrats de toutes natures ; • La participation à la mise en place des polices d’assurances et au suivi des sinistres ; • La ge",,CDI,5
Marketing                                                                 - Secteur Indifférent,,,,"Chef de Produit Marketing Communautaire - Casablanca Marketing                                                                 - Secteur Indifférent Confirmé (5 à 10 ans) 1 poste(s) sur                                                                            Casablanca et région                                     - Maroc Bac +5 et plus 
                                     - Ecole de commerce Recherche de nouveauté Créativité Extraversion Flexibilité Besoin de réflexion Travail en équipe Implication au travail Ambition CDI Télétravail : Non Publiée il y a 32 jours sur ReKrute.com -
                                Postulez avant le 12/05/2026 J'aime Entreprise : Rejoignez une entreprise marocaine de référence, acteur clé dans des secteurs stratégiques. Engagé en faveur du développement durable et de l’innovation, le groupe offre à ses talents un environnement stimulant, des parcours de carrière diversifiés et une culture d’entreprise fondée sur la performance et la responsabilité. Vous souhaitez donner du sens à votre parcours professionnel ? Venez construire l’avenir avec nous. Poste : Votre mission sera d'accroître la notoriété de la marque et de fidéliser notre communauté en l",,CDI,5
Spécialiste Santé et Sécurité au Travail,Relats Maroc,BTP / Génie Civil,Tanger (Maroc),"Emploi - Relats Maroc Entreprise: Relats Maroc Secteur: BTP / Génie Civil Postes proposés: 1 Description: Relats est une multinationale qui fabrique des tubes isolants électriques et thermiques flexibles, des gaines de protection mécanique et de réduction du niveau sonore, et des composants d’isolation électromagnétique applicables par exemple dans les secteurs automobile, des transports en commun – aéronautique et ferroviaire –, de l’électricité, de l’électroménager et des énergies renouvelables. De plus, l’entreprise ouvre continuellement de nouveaux marché et crée... [+] Relats est une multinationale qui fabrique des tubes isolants électriques et thermiques flexibles, des gaines de protection mécanique et de réduction du niveau sonore, et des composants d’isolation électromagnétique applicables par exemple dans les secteurs automobile, des transports en commun – aéronautique et ferroviaire –, de l’électricité, de l’électroménager et des énergies renouvelables. De plus, l’entreprise ouvre continuellement de nouveaux marché et crée des applications pour certaines industries spécifiques comme le secteur médical. Présent sur tous les continents à travers ses six usines de fabricatio","Lancer 4K Spécialiste Santé et Sécurité au Travail | Tanger (Maroc) 5 Spécialiste Hygiène et Sécurité au Travail recherché par Relats, leader mondial dans les tubes isolants. Le poste consiste à assurer la mise en œuvre et le suivi des politiques HS ",CDI,0
Assistanat de Direction / Services Généraux                                                                 - Secteur Assurance / Courtage								- Banque / Finance,,,,"Assistante de direction - Siège Assistanat de Direction / Services Généraux                                                                 - Secteur Assurance / Courtage								- Banque / Finance Junior (1 à 3 ans)                                     - Confirmé (5 à 10 ans) 1 poste(s) sur                                                                            Casablanca et région                                     - Maroc Bac +5 et plus Maximum
                                     - BTS / DUT Conventionnel Extraversion Flexibilité Organisation CDI Télétravail : Non Publiée il y a 33 jours sur ReKrute.com -
                                Postulez avant le 11/05/2026 J'aime Entreprise : Acteur de référence dans le secteur des assurances au Maroc, notre compagnie œuvre depuis plusieurs années pour offrir des solutions d’assurance et de réassurance innovantes, fiables et adaptées aux besoins de nos clients Poste : Assurer un appui stratégique, organisationnel et administratif auprès du Directeur Général afin de garantir l’efficacité de la gouvernance, la fluidité des interactions internes et externes, ainsi que la gestion confidentielle des dossiers sensibles et stratégiques. Gér",,CDI,5
Achats / Supply Chain- Distribution (métiers de la)- Secteur Agroalimentaire								- Distribution,,,,"Responsable de Dépôt (H/F) - Bouznika Achats / Supply Chain - Distribution (métiers de la) - Secteur Agroalimentaire								- Distribution Intermédiaire (3 à 5 ans)                                     - Confirmé (5 à 10 ans) 1 poste(s) sur                                                                            Rabat et région                                     - Maroc Bac +3 Minimum
                                     - Formation professionnelle                                     - Master Recherche de nouveauté Respect des règles Distance émotionnelle Rationalisme Besoin d'action Implication au travail Organisation CDI Télétravail : Non Poste avec Management Publiée il y a 33 jours sur ReKrute.com -
                                Postulez avant le 05/05/2026 J'aime Entreprise : Une entreprise de renom, opérant dans le secteur médical et paramédical, recherche dans le cadre de son développement un Responsable Financier senior. Cette société, reconnue pour son expertise et son engagement envers la qualité et l’innovation, souhaite renforcer sa direction financière avec un profil expérimenté capable d’accompagner sa croissance et de consolider sa stratégie. Poste : Missions pri",": Minimum 3 ans d’expérience dans la gestion d’un dépôt, d’un entrepôt ou dans la logistique.",CDI,5
Immobilier / Promotion (métiers de)                                                                 - Secteur Autres services,,,,"Directeur Administratif et financier - Casablanca Immobilier / Promotion (métiers de)                                                                 - Secteur Autres services Expert (10 à 20 ans) 1 poste(s) sur                                                                            Casablanca et région                                     - Maroc Bac +5 et plus Minimum
                                     - Master Recherche de nouveauté Extraversion Volonté de persuasion Ambition Intuition / Spontanéité CDI Télétravail : Non Poste avec Management Publiée il y a 33 jours sur ReKrute.com -
                                Postulez avant le 11/05/2026 J'aime Entreprise : préférable dans le secteur immobilier Poste : nous recrutons  un directeur administratif et financier , vous jouerez un rôle crucial dans la définition et la mise en œuvre de la stratégie financière. Basé(e) à Casablanca , vous bénéficierez d'un environnement stimulant où votre expertise sera valorisée et où vous pourrez contribuer activement au succès de nos projets d'envergure. C'est une opportunité unique de mettre votre talent au service d'une organisation ambitieuse et de façonner l'avenir financier du groupe. ",,CDI,5
Chargé(e) de Service Client International / relance devis – Espagnol / Français / Anglais (H/F),Mondialcare - Sicar,Assurance / Courtage,Casablanca (Maroc),"Emploi - Mondialcare - Sicar Entreprise: Mondialcare - Sicar Secteur: Assurance / Courtage Postes proposés: 2 Description: MondialCare est une Insurtech en pleine croissance, spécialisée dans l’assurance voyage et l’assistance internationale.

Nous combinons expertise métier et innovation digitale pour transformer le secteur de l’assurance et proposer des solutions modernes, simples et efficaces.

Rejoindre MondialCare, c’est :


	Evoluer dans un environnement dynamique et international,
	Travailler au sein d’une équipe jeune, engagée et collaborative,
	Participer à des projets innovants où la technologie est au... [+] MondialCare est une Insurtech en pleine croissance, spécialisée dans l’assurance voyage et l’assistance internationale. Nous combinons expertise métier et innovation digitale pour transformer le secteur de l’assurance et proposer des solutions modernes, simples et efficaces. Rejoindre MondialCare , c’est : Evoluer dans un environnement dynamique et international, Travailler au sein d’une équipe jeune, engagée et collaborative, Participer à des projets innovants où la technologie est au cœur de nos solutions, Contribuer à la croissance d’une entreprise qui valorise l’",Lancer 4K Chargé(e) de Service Client International / relance devis – Espagnol / Français / Anglais (H/F) | Casablanca (Maroc) Mondialcare recherche un Chargé(e) de Service Client International (H/F) à Casablanca pour relancer les prospects ayant fai,CDI,0
Assistanat de Direction / Services Généraux- Gestion / Comptabilité / Finance- Secteur Banque / Finance								- Matériel Médical,,,,"Agent de Trésorerie - CASABLANCA Assistanat de Direction / Services Généraux - Gestion / Comptabilité / Finance - Secteur Banque / Finance								- Matériel Médical Débutant (-1 an)                                     - Junior (1 à 3 ans) 1 poste(s) sur                                                                            Casablanca et région                                     - Maroc Bac +2 Minimum
                                     - BTS / DUT                                     - Formation professionnelle Conventionnel Créativité Introversion Sensibilité émotionnelle Rationalisme Besoin d'action Travail en équipe Equilibre personnel CDI Télétravail : Non Publiée il y a 34 jours sur ReKrute.com -
                                Postulez avant le 10/05/2026 J'aime Entreprise : Entreprise spécialisé dans l'importation des équipement laboratoire Poste : Rejoignez notre équipe dynamique dans le secteur du Matériel Médical en tant qu' Agent de Trésorerie . Ce poste basé à CASABLANCA vous offre l'opportunité de contribuer activement à la gestion financière d'une entreprise en pleine croissance. Votre rôle sera essentiel dans le maintien de la fluidité financière et le suivi rig",,CDI,5
Gestion / Comptabilité / Finance                                                                 - Secteur Distribution								- Matériel Médical,,,,"Agent de recouvrement - Casablanca Gestion / Comptabilité / Finance                                                                 - Secteur Distribution								- Matériel Médical Intermédiaire (3 à 5 ans)                                     - Confirmé (5 à 10 ans) 1 poste(s) sur                                                                            Casablanca et région                                     - Maroc Bac +2 
                                     - BTS / DUT Besoin d'action Travail en équipe Implication au travail Organisation CDI Télétravail : Non Publiée il y a 34 jours sur ReKrute.com -
                                Postulez avant le 16/04/2026 J'aime Entreprise : Une société spécialisée dans la distribution et la commercialisation de solutions et produits destinés aux laboratoires. Poste : Au sein d'une entreprise dynamique dans le secteur du Négoce , basé à Casablanca , une opportunité passionnante s'offre à vous. Rejoignez une équipe où votre rigueur et votre sens de la négociation feront la différence. Votre rôle sera central dans l'optimisation du recouvrement des créances clients. Vous contribuerez activement à la bonne santé financière de l'entreprise en",,CDI,5
RH / Personnel / Formation                                                                 - Secteur Recrutement / Intérim,,,,"Chargé de recrutement - Casablanca RH / Personnel / Formation                                                                 - Secteur Recrutement / Intérim Junior (1 à 3 ans) 1 poste(s) sur                                                                            Casablanca et région                                     - Maroc Bac +5 et plus Minimum
                                     - Master Recherche de nouveauté Extraversion Besoin d'objectivité Besoin d'autonomie Implication au travail CDI Télétravail : Hybride Publiée il y a 34 jours sur ReKrute.com -
                                Postulez avant le 10/05/2026 J'aime Entreprise : Capgemini Engineering est la marque du groupe Capgemini réunissant les services d'ingénierie et de R&D d’Altran, leader mondial du secteur dont Capgemini a finalisé l’acquisition en 2020, et l’expertise de Capgemini dans le domaine du digital manufacturing. Grâce à une connaissance sectorielle approfondie et à la maîtrise des technologies digitales et logicielles de pointe, Capgemini Engineering accompagne la convergence des mondes physique et numérique. Conjuguée avec l’ensemble des capacités du Groupe, elle aide les entreprises à accélérer leu",,CDI,5
Informatique / Electronique                                                                 - Secteur Informatique,,,,"Senior NodeJs Engineer - Casablanca Informatique / Electronique                                                                 - Secteur Informatique Confirmé (5 à 10 ans) 1 poste(s) sur                                                                            Casablanca et région                                     - Maroc Bac +5 et plus Minimum
                                     - Ecole d'ingénieur                                     - Master Recherche de nouveauté Rationalisme Flexibilité Besoin de réflexion Besoin d'autonomie Implication au travail Ambition Organisation CDI Télétravail : Non Publiée il y a 34 jours sur ReKrute.com -
                                Postulez avant le 10/05/2026 J'aime Entreprise : Nous sommes une société spécialisée dans le recrutement et l’intérim, accompagnant entreprises et candidats dans la mise en relation efficace et le développement de carrière. Rejoignez notre réseau pour accéder à des missions variées et des opportunités professionnelles adaptées à votre profil. Poste : Envie de coder sur un produit qui transforme le recrutement et de rejoindre une équipe fun, innovante et ambitieuse ? Nous recrutons, pour le compte de notre client, ",,CDI,5
Commercial / Vente / Export                                                                 - Secteur BTP / Génie Civil,,,,"Chargé(e) d'Affaires BTP - Casablanca Commercial / Vente / Export                                                                 - Secteur BTP / Génie Civil Intermédiaire (3 à 5 ans)                                     - Confirmé (5 à 10 ans) 1 poste(s) sur                                                                            Casablanca et région                                     - Maroc Bac +5 et plus 
                                     - Ecole de commerce                                     - Master Recherche de nouveauté Extraversion Volonté de persuasion Intuition / Spontanéité Besoin d'action Besoin d'autonomie Ambition CDI Télétravail : Non Publiée il y a 34 jours sur ReKrute.com -
                                Postulez avant le 10/05/2026 J'aime Entreprise : Nous sommes une société spécialisée dans le recrutement et l’intérim, accompagnant entreprises et candidats dans la mise en relation efficace et le développement de carrière. Rejoignez notre réseau pour accéder à des missions variées et des opportunités professionnelles adaptées à votre profil. Poste : Nous recrutons pour le compte d'une entreprise spécialisée dans les revêtements écologiques, un(e) Chargé(e)",d'au moins 3 ans dans un poste commercial terrain / chargé d'affaires dans le domaine du BTP,CDI,5
RH / Personnel / Formation                                                                 - Secteur Indifférent,,,,"Responsable RH - Meknès RH / Personnel / Formation                                                                 - Secteur Indifférent Intermédiaire (3 à 5 ans) 1 poste(s) sur                                                                            Meknès et région                                     - Maroc Bac +5 et plus Minimum
                                     - Master Respect des règles Distance émotionnelle Rationalisme Flexibilité Travail en équipe Implication au travail Organisation CDD Télétravail : Non Poste avec Management Publiée il y a 34 jours sur ReKrute.com -
                                Postulez avant le 10/05/2026 J'aime Entreprise : Rejoignez une équipe dynamique en tant que Responsable Ressources Humaines . Basé(e) à Meknès , ce poste stratégique est proposé dans le cadre d’un CDD de 6 mois pour un remplacement. Vous aurez un rôle clé dans la gestion, l’accompagnement et le développement des talents, tout en contribuant activement à la mise en œuvre de la stratégie RH de l’entreprise. Poste : En tant que Responsable RH, votre mission principale sera de piloter la stratégie des ressources humaines du site, en veillant à l'alignement avec les objectifs o",,CDD,5
RH / Personnel / Formation- Responsable de Département- Secteur Centre d'appels								- Distribution,,,,"Responsable des Ressources Humaines (H/F) - Casablanca RH / Personnel / Formation - Responsable de Département - Secteur Centre d'appels								- Distribution Intermédiaire (3 à 5 ans)                                     - Confirmé (5 à 10 ans) 1 poste(s) sur                                                                            Casablanca et région                                     - Maroc Bac +3 Minimum
                                     - Licence Extraversion Besoin d'objectivité Besoin d'autonomie Implication au travail Organisation CDI Télétravail : Non Publiée il y a 34 jours sur ReKrute.com -
                                Postulez avant le 10/05/2026 J'aime Entreprise : Une grande entreprise leader dans son secteur, recrute un Responsable des Ressources Humaines (H/F). Poste : Rattaché à la Direction, votre mission principale consiste à assurer l’organisation et la gestion administrative du personnel. Dans ce cadre, vous aurez à : • Piloter l'administration du personnel (contrats, gestion du temps, obligations sociales et légales) et la gestion de la paie. • Assurer de la conformité de la politique et des procédures de la Société avec les dispositions légales. • Dé",,CDI,5
Chef de Projet Réalisation,MedZ,Immobilier / Promoteur / Agence,Rabat (Maroc),"Emploi - MedZ Entreprise: MedZ Secteur: Immobilier / Promoteur / Agence Description: MEDZ, leader au Maroc dans l’aménagement et la gestion de parcs d’activités dans l’industrie, l’offshoring et le tourisme.

MEDZ est une filiale du Groupe CDG, 1er investisseur institutionnel du Royaume du Maroc. Depuis sa création en 2002, elle met son expertise et son savoir-faire au service du développement territorial du pays, en offrant aux investisseurs un environnement d’excellence, favorisant la maximisation de leur compétitivité.

Elle met ainsi à leur disposition des infrastructures, aux normes... [+] MEDZ, leader au Maroc dans l’aménagement et la gestion de parcs d’activités dans l’industrie, l’offshoring et le tourisme. MEDZ est une filiale du Groupe CDG, 1er investisseur institutionnel du Royaume du Maroc. Depuis sa création en 2002, elle met son expertise et son savoir-faire au service du développement territorial du pays, en offrant aux investisseurs un environnement d’excellence, favorisant la maximisation de leur compétitivité. Elle met ainsi à leur disposition des infrastructures, aux normes internationales, à travers des projets structurants disséminés sur tout le Maroc : . Des p","Lancer 4K Chef de Projet Réalisation | Rabat (Maroc) 7 MEDZ recherche un Chef de Projet Réalisation expérimenté (Bac+5, 8 ans min.) pour des projets d'aménagement et de construction à Rabat. Le poste implique la planification, la coordination, le sui",CDI,0
Gestion projet / Etudes / R&D- Méthodes / Process / Industrialisation- Secteur Aéronautique / Spatial								- Automobile / Motos / Cycles,,,,"Technicien Etude et Methode - Casablanca Gestion projet / Etudes / R&D - Méthodes / Process / Industrialisation - Secteur Aéronautique / Spatial								- Automobile / Motos / Cycles Junior (1 à 3 ans) 1 poste(s) sur                                                                            Casablanca et région                                     - Maroc Bac +2 Minimum
                                     - BTS / DUT Recherche de nouveauté Respect des règles Rationalisme Ambition Besoin d'autonomie Organisation CDI Télétravail : Non Publiée il y a 34 jours sur ReKrute.com -
                                Postulez avant le 10/05/2026 J'aime Entreprise : Riche d'une longue expérience et majeur dans son secteur d'activité, notre entreprise tire sa force de son histoire, son savoir faire, ses atouts et ses engagements. Depuis sa création, notre entreprise a forgé son expérience dans ce secteur, et se positionne aujourd'hui comme un acteur de référence. Poste : Nous recrutons un technicien Etude et Méthode rattaché au Responsable Développement, vos principales missions seront : - Assurer la mise à jour et l'alimentation de la base de données; - Assurer le prélèvement des pièces; - Analy",,CDI,5
Méthodes / Process / Industrialisation- Production / Qualité / Sécurité / Maintenance- Secteur Automobile / Motos / Cycles								- Autres Industries,,,,"Chef d'équipe - Casablanca Méthodes / Process / Industrialisation - Production / Qualité / Sécurité / Maintenance - Secteur Automobile / Motos / Cycles								- Autres Industries Junior (1 à 3 ans) 4 poste(s) sur                                                                            Casablanca et région                                     - Maroc Bac +2 Minimum
                                     - BTS / DUT Recherche de nouveauté Respect des règles Rationalisme Ténacité Besoin d'objectivité Besoin de réflexion Organisation CDI Télétravail : Non Poste avec Management Publiée il y a 34 jours sur ReKrute.com -
                                Postulez avant le 10/05/2026 J'aime Entreprise : Forte d’une longue expérience et d’un positionnement de référence dans le secteur automobile, notre entreprise puise sa force dans son histoire, son savoir-faire, ses atouts et ses engagements. Depuis sa fondation, elle a su développer une expertise solide qui fait d’elle, aujourd’hui, un acteur majeur et incontournable de son domaine. Poste : Dans le cadre de notre développement, nous recrutons un chef d'équipe qui aura pour mission : - Gestion d'équipe; - Assurer la gestion et le suivi de la",,CDI,5
Assistante Administrative,Atlas Capital,Banque / Finance,Casablanca (Maroc),"Emploi - Atlas Capital Entreprise: Atlas Capital Secteur: Banque / Finance Postes proposés: 4 Description: Atlas Capital est une banque d'investissement détenue à 100 %. Cette indépendance est un gage de confidentialité, d'absence de conflits d'intérêts et d'une grande agilité.
Atlas Capital propose une gamme de services sur mesure à forte valeur ajoutée en banque d'investissement, activités de marché, gestion d'actifs et gestion de patrimoine. Fort de son expertise multi-métiers, Atlas Capital élargit son champ d'action en proposant une gamme diversifiée de services, tels... [+] Atlas Capital est une banque d'investissement détenue à 100 %. Cette indépendance est un gage de confidentialité, d'absence de conflits d'intérêts et d'une grande agilité. Atlas Capital propose une gamme de services sur mesure à forte valeur ajoutée en banque d'investissement, activités de marché, gestion d'actifs et gestion de patrimoine. Fort de son expertise multi-métiers, Atlas Capital élargit son champ d'action en proposant une gamme diversifiée de services, tels que l'immobilier et l'assurance, renforçant ainsi son statut d'acteur incontournable du secteur financier. L’initiative et le dévouement des","Lancer 4K Assistante Administrative | Casablanca (Maroc) 7 Atlas Capital recrute une Assistante Administrative pour gérer les tâches administratives courantes, l'accueil, la gestion du courrier, et le suivi des documents. Vous devez maîtriser les out",CDI,0
Responsable bureau de gérance,Dyar Al Madina,Immobilier / Promoteur / Agence,CASABLANCA (Maroc),"Emploi - Dyar Al Madina Entreprise: Dyar Al Madina Secteur: Immobilier / Promoteur / Agence Description: Filiale de CDG Développement, Dyar Al Madina a joué un rôle prépondérant dans le développement de l’habitat locatif social au Maroc depuis sa création en 1951.

	La société DYAR AL MADINA a acquis, pendant plus de soixante ans, une expertise et un savoir-faire important dans le domaine du développement et de la gestion de patrimoine immobilier.

	L’ensemble du patrimoine social géré est constitué de 43.000 logements, réparti sur plusieurs villes du Royaume ; la société... [+] Filiale de CDG Développement, Dyar Al Madina a joué un rôle prépondérant dans le développement de l’habitat locatif social au Maroc depuis sa création en 1951. La société DYAR AL MADINA a acquis, pendant plus de soixante ans, une expertise et un savoir-faire important dans le domaine du développement et de la gestion de patrimoine immobilier. L’ensemble du patrimoine social géré est constitué de 43.000 logements, réparti sur plusieurs villes du Royaume ; la société en assure le recouvrement des loyers ainsi que les travaux d’entretiens et de maintenance. [-] Suivre 1                        - 2 sur 2 Page 1 ","Lancer 4K Responsable bureau de gérance | CASABLANCA (Maroc) 5 Dyar Al Madina recrute un Responsable de bureau de gérance pour optimiser la gestion d'un portefeuille immobilier. Ce poste exige un Bac+4/5 en commerce ou immobilier, 5 ans d'expérience ",CDI,0
Gestion / Comptabilité / Finance                                                                 - Secteur Energie								- Indifférent,,,,"Responsable Administratif - Casablanca Gestion / Comptabilité / Finance                                                                 - Secteur Energie								- Indifférent Confirmé (5 à 10 ans)                                     - Expert (10 à 20 ans) 2 poste(s) sur                                                                            Casablanca et région                                     - Maroc Bac +4 Minimum
                                     - Master Respect des règles Extraversion Besoin d'objectivité Rationalisme Besoin d'autonomie Implication au travail Organisation CDI Télétravail : Non Poste avec Management Publiée il y a 34 jours sur ReKrute.com -
                                Postulez avant le 06/05/2026 J'aime Entreprise : Dans le cadre de sa croissance, une grande structure basée à Casablanca recrute un Responsable Administratif. Poste : Vos principales missions sont les suivantes : Assurer le suivi administratif des activités de l’entreprise et contribuer à l’organisation générale du fonctionnement interne. Participer à la préparation et au suivi des plans d’actions et des activités annuelles en coordination avec la direction générale. Assurer le suivi ","d’au moins 5 à 7 ans dans une grande structure, avec des missions administratives variées.",CDI,5
ExeKutiveDirecteur Marketing H/F,Groupe Benchrif,Import / Export / Négoce,Casablanca (Maroc),"Emploi - Groupe Benchrif Entreprise: Groupe Benchrif Secteur: Import / Export / Négoce Postes proposés: 5 Description: Fort de plus de 30 ans d'expérience, notre groupe s’est imposé comme un acteur majeur au Maroc dans les secteurs du négoce et de la distribution de matériaux de construction, ainsi que dans la promotion immobilière.
Notre expertise couvre l’ensemble des étapes de la construction, avec la réalisation de projets immobiliers de différents standings — économique, moyen et haut standing — à travers le Royaume.


Dans une dynamique de forte expansion, nous consolidons nos positions dans nos... [+] Fort de plus de 30 ans d'expérience, notre groupe s’est imposé comme un acteur majeur au Maroc dans les secteurs du négoce et de la distribution de matériaux de construction , ainsi que dans la promotion immobilière. Notre expertise couvre l’ensemble des étapes de la construction, avec la réalisation de projets immobiliers de différents standings — économique, moyen et haut standing — à travers le Royaume. Dans une dynamique de forte expansion, nous consolidons nos positions dans nos métiers historiques et déployons de nouvelles ambitions dans le développement industriel, en pa",Lancer 4K ExeKutive Directeur Marketing H/F | Casablanca (Maroc) 1 Directeur Marketing H/F recherché à Casablanca pour un leader de l'Import/Export/Négoce/Immobilier. Vous définirez et exécuterez la stratégie marketing pour accroître la notoriété et ,CDI,0
Commercial / Vente / Export                                                                 - Secteur Distribution								- Cosmétique / Parfumerie / Luxe,,,,"Agent commercial - Casablanca Commercial / Vente / Export                                                                 - Secteur Distribution								- Cosmétique / Parfumerie / Luxe Intermédiaire (3 à 5 ans) 1 poste(s) sur                                                                            Casablanca et région                                     - Maroc Bac +2 Minimum
                                     - Baccalauréat                                     - BTS / DUT Recherche de nouveauté Extraversion Volonté de persuasion Intuition / Spontanéité Ambition CDI Télétravail : Oui 100% Poste avec Management Publiée il y a 34 jours sur ReKrute.com -
                                Postulez avant le 10/05/2026 J'aime Entreprise : . Poste : Rattaché à la Direction Commerciale, vos missions principales sont: Assurer la vente et la promotion des produits cosmétiques ( Crèmes ) auprès des clients parfumeries et Grossistes Pdts Cosmétiques Développer et fidéliser une clientèle professionnelle Gros, DG & Détaillants Atteindre les objectifs de chiffre d’affaires fixés par la direction commerciale. Conseiller les clients sur les produits, leurs usages et avantages. Participer à la mise","minimale de 3 ans dans la vente de produits cosmétiques et parfums Détaillant et Grossistes, à l’échelle national",CDI,1
Distribution (métiers de la)- Hôtellerie / Restauration (métiers de)- Secteur Distribution								- Hôtellerie / Restauration,,,,"Manager Franchise Food - Casablanca Distribution (métiers de la) - Hôtellerie / Restauration (métiers de) - Secteur Distribution								- Hôtellerie / Restauration Confirmé (5 à 10 ans)                                     - Expert (10 à 20 ans) 1 poste(s) sur                                                                            Casablanca et région                                     - Maroc Bac +4 Minimum
                                     - Formation professionnelle                                     - Master Créativité Sensibilité émotionnelle Rationalisme Flexibilité Travail en équipe Implication au travail Humilité Organisation CDI Télétravail : Non Poste avec Management Publiée il y a 35 jours sur ReKrute.com -
                                Postulez avant le 09/05/2026 J'aime Entreprise : Rejoignez une entreprise marocaine de référence, acteur clé dans des secteurs stratégiques. Engagé en faveur du développement durable et de l’innovation, le groupe offre à ses talents un environnement stimulant, des parcours de carrière diversifiés et une culture d’entreprise fondée sur la performance et la responsabilité. Vous souhaitez donner du sens à votre parcours professionne",,CDI,5
Chargé(e) de Contentieux,CDG,Banque / Finance,Rabat (Maroc),"Emploi - CDG Entreprise: CDG Secteur: Banque / Finance Description: La CDG est une institution financière publique exerçant un double mandat :

* Collecter et sécuriser l’épargne réglementée, notamment les dépôts de la CNSS, de la Caisse d’Épargne Nationale, des professions juridiques et des consignations.

* Canaliser l’épargne de long terme vers des investissements rentables et générateurs de croissance socioéconomique.

La mission de la CDG est de créer de la valeur :

* Sécuriser et faire fructifier l’épargne... [+] La CDG est une institution financière publique exerçant un double mandat : * Collecter et sécuriser l’épargne réglementée, notamment les dépôts de la CNSS, de la Caisse d’Épargne Nationale, des professions juridiques et des consignations. * Canaliser l’épargne de long terme vers des investissements rentables et générateurs de croissance socioéconomique. La mission de la CDG est de créer de la valeur : * Sécuriser et faire fructifier l’épargne des déposants. * Appuyer la stratégie nationale de développement à travers des projets créateurs d’externalités positives. Pour mener à bien cette mission, la CDG déploie une stratégie Groupe articulée autour de métiers spécifi","Lancer 4K Chargé(e) de Contentieux | Rabat (Maroc) 1 CDG recherche un(e) Chargé(e) de Contentieux expérimenté(e) (5-8 ans) pour gérer les précontentieux, les arrangements amiables et les dossiers judiciaires. Le poste requiert une formation Bac+5 en ",CDI,0
Administration des ventes / SAV- Gestion / Comptabilité / Finance- Secteur Indifférent								- Autres Industries,,,,"Cadre financier & comptable - Casablanca Administration des ventes / SAV - Gestion / Comptabilité / Finance - Secteur Indifférent								- Autres Industries Intermédiaire (3 à 5 ans)                                     - Confirmé (5 à 10 ans) 1 poste(s) sur                                                                            Casablanca et région                                     - Maroc Bac +4 Minimum
                                     - Master                                     - Université Respect des règles Volonté de persuasion Flexibilité Travail en équipe Organisation CDI Télétravail : Non Publiée il y a 35 jours sur ReKrute.com -
                                Postulez avant le 09/05/2026 J'aime Entreprise : Rejoignez une entreprise marocaine de référence, acteur clé dans des secteurs stratégiques. Engagé en faveur du développement durable et de l’innovation, le groupe offre à ses talents un environnement stimulant, des parcours de carrière diversifiés et une culture d’entreprise fondée sur la performance et la responsabilité. Vous souhaitez donner du sens à votre parcours professionnel ? Venez construire l’avenir avec nous. Poste : Au cœur d'un secteur dynamique",,CDI,5
Gestion / Comptabilité / Finance- RH / Personnel / Formation- Secteur Autres Industries								- Autres services,,,,"HR & Admin Assistant - Casablanca Gestion / Comptabilité / Finance - RH / Personnel / Formation - Secteur Autres Industries								- Autres services Junior (1 à 3 ans)                                     - Intermédiaire (3 à 5 ans) 1 poste(s) sur                                                                            Casablanca et région                                     - Maroc Bac +5 et plus 
                                     - Ecole de commerce Recherche de nouveauté Respect des règles Distance émotionnelle Intuition / Spontanéité Flexibilité Besoin d'autonomie Organisation CDI Télétravail : Non Publiée il y a 35 jours sur ReKrute.com -
                                Postulez avant le 09/05/2026 J'aime Entreprise : Basé à Casablanca, une multinationale du secteur mode et lifestyle dans la coordination des achats et le pilotage de la chaîne d’approvisionnement. Poste : L'objectif principal de ce poste est d'apporter un soutien essentiel aux équipes RH et administratives, en assurant la fluidité des processus et en contribuant à un environnement de travail optimal. Vous participerez à la gestion quotidienne des aspects administratifs et humains, en garantissant l'efficaci",,CDI,5
Logistique / Transport (métiers de)                                                                 - Secteur Import / Export / Négoce,,,,"Responsable logistique opérationnelle - Casablanca Logistique / Transport (métiers de)                                                                 - Secteur Import / Export / Négoce Confirmé (5 à 10 ans) 1 poste(s) sur                                                                            Casablanca et région                                     - Maroc Bac +5 et plus 
                                     - Master Respect des règles Besoin d'action Travail en équipe Implication au travail Ambition Organisation CDI Télétravail : Non Poste avec Management Publiée il y a 35 jours sur ReKrute.com -
                                Postulez avant le 09/05/2026 J'aime Entreprise : Entreprise en pleine croissance, basée à Casablanca, notre organisation s’appuie sur des valeurs fortes : professionnalisme, engagement et esprit d’équipe. Nous plaçons l’humain au centre de nos priorités, convaincus que la performance durable repose avant tout sur la qualité des femmes et des hommes qui composent l’entreprise. Dans le cadre du développement et de la structuration de nos activités, nous renforçons nos équipes en recherchant des profils engagés, capables de contribuer activement à l’amélio",significative dans la gestion d’opérations logistiques ou d’exploitation d’entrepôt.,CDI,5
Ingénieur Forestier,CDG  Developpement,Autres services,Sidi Yahia du Gharb (Maroc),"Emploi - CDG  Developpement Entreprise: CDG  Developpement Secteur: Autres services Description: La Branche Développement Territorial, dont les missions sont incarnées par la holding CDG
	Développement, pilote l’exécution des orientations stratégiques définies par le Groupe CDG
	dans les activités de développement territorial. Présente sur l’ensemble du territoire marocain,
	elle participe activement à la réussite du chantier de régionalisation avancée. La branche,
	structurée en Pôles Métiers, a une vocation d’opérateur et d’investisseur de long... [+] La Branche Développement Territorial, dont les missions sont incarnées par la holding CDG Développement, pilote l’exécution des orientations stratégiques définies par le Groupe CDG dans les activités de développement territorial. Présente sur l’ensemble du territoire marocain, elle participe activement à la réussite du chantier de régionalisation avancée. La branche, structurée en Pôles Métiers, a une vocation d’opérateur et d’investisseur de long terme, qui accompagne les politiques publiques dans ses divers domaines d’intervention, tout en conciliant les exigences de rentabilité et d’intérêt général. La Branche a réalisé de nombre","Lancer 4K Ingénieur Forestier | Sidi Yahia du Gharb (Maroc) 3 Ingénieur Forestier recherché pour gérer et planifier des massifs forestiers, superviser l'exploitation, et assurer la protection des écosystèmes. Poste basé dans plusieurs provinces du Ma",CDI,0
Directeur de projet technique,Compagnie Générale Immobilière,Immobilier / Promoteur / Agence,Casablanca (Maroc),"Emploi - Compagnie Générale Immobilière Entreprise: Compagnie Générale Immobilière Secteur: Immobilier / Promoteur / Agence Postes proposés: 3 Description: Créée en 1960, la Compagnie Générale Immobilière est le bras opérationnel immobilier du Groupe CDG. Filiale de CDG Développement, la CGI est bien plus qu’un simple bâtisseur et promoteur, c’est un développeur global d’immobilier intégré. Du résidentiel de haut standing au logement social, de l’immobilier professionnel aux équipements communautaires, avec un souci de qualité architecturale, qui en font un acteur incontournable de l’immobilier.
Lauréats ou... [+] Créée en 1960, la Compagnie Générale Immobilière est le bras opérationnel immobilier du Groupe CDG. Filiale de CDG Développement, la CGI est bien plus qu’un simple bâtisseur et promoteur, c’est un développeur global d’immobilier intégré. Du résidentiel de haut standing au logement social, de l’immobilier professionnel aux équipements communautaires, avec un souci de qualité architecturale, qui en font un acteur incontournable de l’immobilier. Lauréats ou professionnels, la CGI offre à ses collaborateurs l’opportunité de réaliser leur projet professionnel et d’être acteurs","Lancer 4K Directeur de projet technique | Casablanca (Maroc) 4 Directeur de Projet Technique recherché pour la CGI, filiale du Groupe CDG, pour des projets d'aménagement urbain. Responsable de la gestion globale des études techniques et du suivi des ",CDI,0
Informatique / Electronique                                                                 - Secteur Autres Industries								- Autres services,,,,"Help Desk H/F - Casablanca Informatique / Electronique                                                                 - Secteur Autres Industries								- Autres services Débutant (-1 an) 1 poste(s) sur                                                                            Casablanca et région                                     - Maroc Bac +2 Minimum
                                     - BTS / DUT Recherche de nouveauté Ambition Besoin de réflexion Besoin d'autonomie Implication au travail CDI Télétravail : Non Publiée il y a 35 jours sur ReKrute.com -
                                Postulez avant le 09/05/2026 J'aime Entreprise : Groupe industriel et commercial d'envergure nationale, reconnu pour son expertise dans divers secteurs stratégiques, recherche à renforcer ses équipes dans le cadre de son développement continu. Fort d'une présence établie sur le marché marocain, le groupe se distingue par son engagement envers l'excellence, l'innovation et la durabilité. Nous offrons un environnement stimulant, propice à l'évolution professionnelle, au sein d'une structure valorisant la performance et la collaboration. Poste : Fournir un support technique de premier niveau aux ut",,CDI,5
Commercial / Vente / Export- Distribution (métiers de la)- Secteur BTP / Génie Civil								- Distribution,,,,"Commercial - Meknès Commercial / Vente / Export - Distribution (métiers de la) - Secteur BTP / Génie Civil								- Distribution Intermédiaire (3 à 5 ans)                                     - Confirmé (5 à 10 ans) 1 poste(s) sur                                                                            Meknès et région                                     - Maroc Bac +2 Minimum
                                     - BTS / DUT                                     - Licence Recherche de nouveauté Respect des règles Extraversion Volonté de persuasion Ambition Implication au travail CDI Télétravail : Non Publiée il y a 35 jours sur ReKrute.com -
                                Postulez avant le 09/05/2026 J'aime Entreprise : Groupe industriel et commercial d'envergure nationale, reconnu pour son expertise dans divers secteurs stratégiques, recherche à renforcer ses équipes dans le cadre de son développement continu. Fort d'une présence établie sur le marché marocain, le groupe se distingue par son engagement envers l'excellence, l'innovation et la durabilité. Nous offrons un environnement stimulant, propice à l'évolution professionnelle, au sein d'une structure valorisant la performance",,CDI,5
Cadre financier -Fiscaliste,Bank Al Yousr,Banque / Finance,Casablanca (Maroc),"Emploi - Bank Al Yousr Entreprise: Bank Al Yousr Secteur: Banque / Finance Postes proposés: 2 Description: Bank Al Yousr est une banque participative universelle, née d'un partenariat stratégique entre la Banque Centrale Populaire et le groupe saoudien Guidance.Elle se positionne comme un acteur moderne offrant une panoplie de produits ,un service de qualité à travers des collaborateurs dotés de compétences et d’expertise métiers spécifiques solides.

Notre capital humain est notre facteur clé de succès. Nous offrons en continu de nouvelles opportunités d'évolution et de développement de... [+] Bank Al Yousr est une banque participative universelle, née d'un partenariat stratégique entre la Banque Centrale Populaire et le groupe saoudien Guidance.Elle se positionne comme un acteur moderne offrant une panoplie de produits ,un service de qualité à travers des collaborateurs dotés de compétences et d’expertise métiers spécifiques solides. Notre capital humain est notre facteur clé de succès . Nous offrons en continu de nouvelles opportunités d'évolution et de développement de carrière Notre succès est fondé sur ses 4 valeurs de référence : Confiance, intégrité, innovation, compétitivi","Lancer 4K Cadre financier -Fiscaliste | Casablanca (Maroc) 2 Bank Al Yousr recherche un Cadre financier - Fiscaliste expérimenté (3-4 ans) dans le secteur bancaire. Le poste implique la gestion de la fiscalité, incluant les déclarations et la veille ",CDI,0
Informatique / Electronique                                                                 - Secteur Autres Industries								- Autres services,,,,"Help Desk H/F - Meknès Informatique / Electronique                                                                 - Secteur Autres Industries								- Autres services Débutant (-1 an) 1 poste(s) sur                                                                            Meknès et région                                     - Maroc Bac +2 Minimum
                                     - BTS / DUT Recherche de nouveauté Ambition Besoin de réflexion Besoin d'autonomie Implication au travail CDI Télétravail : Non Publiée il y a 35 jours sur ReKrute.com -
                                Postulez avant le 09/05/2026 J'aime Entreprise : Groupe industriel et commercial d'envergure nationale, reconnu pour son expertise dans divers secteurs stratégiques, recherche à renforcer ses équipes dans le cadre de son développement continu. Fort d'une présence établie sur le marché marocain, le groupe se distingue par son engagement envers l'excellence, l'innovation et la durabilité. Nous offrons un environnement stimulant, propice à l'évolution professionnelle, au sein d'une structure valorisant la performance et la collaboration. Poste : Fournir un support technique de premier niveau aux utilisateu",,CDI,5
RH / Personnel / Formation                                                                 - Secteur Indifférent,,,,"Responsable RH - Tanger RH / Personnel / Formation                                                                 - Secteur Indifférent Intermédiaire (3 à 5 ans)                                     - Confirmé (5 à 10 ans) 1 poste(s) sur                                                                            Tanger et région                                     - Maroc Bac +5 et plus Minimum
                                     - Master Distance émotionnelle Rationalisme Flexibilité Travail en équipe Implication au travail Organisation CDI Télétravail : Non Poste avec Management Salaire proposé : 10000 - 15000 DH nets mensuels Publiée il y a 38 jours sur ReKrute.com -
                                Postulez avant le 06/05/2026 J'aime Entreprise : Rejoignez un groupe dynamique en tant que Responsable RH . Ce poste stratégique est basé à Tanger , une ville pleine de potentiel. Vous jouerez un rôle clé dans la gestion et le développement de nos talents. Poste : En tant que Responsable RH, votre mission principale sera de piloter la stratégie des ressources humaines du site, en veillant à l'alignement avec les objectifs organisationnels. Vous serez le garant d'un environnement de tr",,CDI,5
Administration des ventes / SAV                                                                 - Secteur Service public / Administration,,,,"Assistante ADV - Bouskoura Administration des ventes / SAV                                                                 - Secteur Service public / Administration Débutant (-1 an)                                     - Junior (1 à 3 ans) 1 poste(s) sur                                                                            Casablanca et région                                     - Maroc Bac +2 Minimum
                                     - BTS / DUT Volonté de persuasion Rationalisme Implication au travail Improvisation CDI Télétravail : Non Publiée il y a 38 jours sur ReKrute.com -
                                Postulez avant le 06/05/2026 J'aime Entreprise : Notre cabinet de recrutement accompagne les entreprises dans l’identification, la sélection et l’intégration des meilleurs talents adaptés à leurs besoins stratégiques. Nous intervenons dans différents secteurs d’activité (industrie, services, médical, finance, IT, BTP, etc.) en proposant des solutions personnalisées et efficaces. Poste : Nous recrutons pour notre client opérant dans le secteur de la production et de la vente de dispositifs médicaux, basé à Bouskoura – Ouled Saleh,–   Assistante ADV Assurer le suivi adm",,CDI,5
Assistanat de Direction / Services Généraux                                                                 - Secteur Distribution								- Indifférent,,,,"Chargé Moyens Généraux - Casablanca Assistanat de Direction / Services Généraux                                                                 - Secteur Distribution								- Indifférent Junior (1 à 3 ans)                                     - Intermédiaire (3 à 5 ans) 1 poste(s) sur                                                                            Casablanca et région                                     - Maroc Bac +3 Minimum
                                     - Université Respect des règles Distance émotionnelle Rationalisme Besoin d'action Travail en équipe Besoin d'objectivité Implication au travail Organisation CDI Télétravail : Non Poste avec Management Publiée il y a 38 jours sur ReKrute.com -
                                Postulez avant le 06/05/2026 J'aime Entreprise : Une grande entreprise basée à Casablanca recrute un Chargé moyens généraux . Poste : Chargé de Moyens Généraux, vos missions consistent à: Proposer et faire valider par la Direction Générale les orientations en matière de gestion des services généraux. Appliquer et faire respecter les normes et procédures en vigueur. Participer aux travaux d'installation, d'aménagement et de maintenance des loc",,CDI,5
RH / Personnel / Formation                                                                 - Secteur Autres Industries,,,,"Responsable Ressources Humaines - Casablanca RH / Personnel / Formation                                                                 - Secteur Autres Industries Confirmé (5 à 10 ans) 1 poste(s) sur                                                                            Casablanca et région                                     - Maroc Bac +5 et plus Minimum
                                     - Master Recherche de nouveauté Extraversion Besoin d'objectivité Besoin d'autonomie Implication au travail CDI Télétravail : Non Poste avec Management Publiée il y a 38 jours sur ReKrute.com -
                                Postulez avant le 06/05/2026 J'aime Entreprise : Riche d'une longue expérience et majeur dans son secteur d'activité, notre entreprise tire sa force de son histoire, son savoir faire, ses atouts et ses engagements. Depuis sa création, notre entreprise a forgé son expérience dans ce secteur, et se positionne aujourd'hui comme un acteur de référence. Poste : Nous recrutons un(e) Responsable Ressources Humaines Senior afin de piloter la fonction RH et accompagner le développement de ses équipes. - Définir et mettre en œuvre la stratégie RH en alignement avec les objecti",,CDI,5
Achats / Supply Chain                                                                 - Secteur Autres Industries,,,,"Assistant(e) Import & Export - Casablanca Achats / Supply Chain                                                                 - Secteur Autres Industries Intermédiaire (3 à 5 ans) 1 poste(s) sur                                                                            Casablanca et région                                     - Maroc Bac +5 et plus Minimum
                                     - Licence                                     - Master Recherche de nouveauté Respect des règles Distance émotionnelle Rationalisme Besoin d'action CDI Télétravail : Non Publiée il y a 38 jours sur ReKrute.com -
                                Postulez avant le 06/05/2026 J'aime Entreprise : Riche d'une longue expérience et majeur dans son secteur d'activité, notre entreprise tire sa force de son histoire, son savoir faire, ses atouts et ses engagements. Depuis sa création, notre entreprise a forgé son expérience dans ce secteur, et se positionne aujourd'hui comme un acteur de référence. Poste : Nous recherchons un(e) Assistant Import / Export pour gérer et coordonner les opérations liées aux flux internationaux de marchandises. Vous serez responsable du suivi des dossiers d’importation et d’",de 1 à 3 ans dans un poste similaire.,CDI,5
Gestion / Comptabilité / Finance                                                                 - Secteur Autres Industries,,,,"Responsable Trésorerie - Casablanca Gestion / Comptabilité / Finance                                                                 - Secteur Autres Industries Confirmé (5 à 10 ans) 1 poste(s) sur                                                                            Casablanca et région                                     - Maroc Bac +5 et plus Minimum
                                     - Master Conventionnel Respect des règles Besoin d'objectivité Rationalisme Organisation CDI Télétravail : Non Poste avec Management Publiée il y a 38 jours sur ReKrute.com -
                                Postulez avant le 06/05/2026 J'aime Entreprise : Riche d'une longue expérience et majeur dans son secteur d'activité, notre entreprise tire sa force de son histoire, son savoir faire, ses atouts et ses engagements. Depuis sa création, notre entreprise a forgé son expérience dans ce secteur, et se positionne aujourd'hui comme un acteur de référence. Poste : Dans le cadre du renforcement de notre département financier, nous recrutons un(e) Responsable Trésorerie chargé(e) d’assurer la gestion optimale des flux de trésorerie de l’entreprise et de garantir sa liquidité. - Suivre et gérer la t",,CDI,5
Commercial / Vente / Export- Administration des ventes / SAV- Secteur Autres Industries,,,,"Responsable Administration des ventes - Casablanca Commercial / Vente / Export - Administration des ventes / SAV - Secteur Autres Industries Confirmé (5 à 10 ans) 1 poste(s) sur                                                                            Casablanca et région                                     - Maroc Bac +5 et plus Minimum
                                     - Master Volonté de persuasion Extraversion Ambition Recherche de nouveauté Improvisation Implication au travail CDI Télétravail : Non Poste avec Management Publiée il y a 38 jours sur ReKrute.com -
                                Postulez avant le 06/05/2026 J'aime Entreprise : Riche d'une longue expérience et majeur dans son secteur d'activité, notre entreprise tire sa force de son histoire, son savoir faire, ses atouts et ses engagements. Depuis sa création, notre entreprise a forgé son expérience dans ce secteur, et se positionne aujourd'hui comme un acteur de référence. Poste : Nous recrutons une responsable administration des ventes, qui aura comme missions principales : - Gérer une équipe commerciale; - Développer l’activité commerciale de la société; - Faire appliquer les orientations stratégiques défin",,CDI,5
Assistanat de Direction / Services Généraux                                                                 - Secteur Autres Industries,,,,"Assistante de Direction - CASABLANCA Assistanat de Direction / Services Généraux                                                                 - Secteur Autres Industries Intermédiaire (3 à 5 ans) 1 poste(s) sur                                                                            Casablanca et région                                     - Maroc Bac +2 Minimum Extraversion Conventionnel Flexibilité Organisation CDI Télétravail : Non Publiée il y a 38 jours sur ReKrute.com -
                                Postulez avant le 06/05/2026 J'aime Entreprise : Avec une vaste expérience et une position de leader dans le secteur automobile, notre entreprise tire sa force de son histoire, de son savoir faire, de ses atouts et de ses engagements. Depuis sa création, elle a accumulé une expertise considérable, devenant aujourd'hui un acteur incontournable de son domaine. Poste : Nous recherchons activement une Assistante de Direction rattachée au Directeur Général, ses missions s'articulent autour : - Organiser l’agenda de la Direction Générale ; - Assurer l'accueil physique et téléphonique des interlocuteurs internes et externes ; - Assurer les prises de rendez-vous ; - Traiter le courr",,CDI,5
Gestion / Comptabilité / Finance- Audit / Conseil- Secteur Autres Industries,,,,"Responsable Administratif et Financier (H/F) - Casablanca Gestion / Comptabilité / Finance - Audit / Conseil - Secteur Autres Industries Confirmé (5 à 10 ans) 1 poste(s) sur                                                                            Casablanca et région                                     - Maroc Bac +5 et plus Minimum
                                     - Master Besoin d'objectivité Organisation Rationalisme Respect des règles Conventionnel Flexibilité Besoin de réflexion CDI Télétravail : Non Poste avec Management Publiée il y a 38 jours sur ReKrute.com -
                                Postulez avant le 06/05/2026 J'aime Entreprise : Riche d'une longue expérience et majeur dans son secteur d'activité automobile, notre entreprise tire sa force de son histoire, son savoir faire, ses atouts et ses engagements. Depuis sa création, notre entreprise a forgé son expérience dans ce secteur, et se positionne aujourd'hui comme un acteur de référence. Poste : Dans le cadre de notre développement, nous recrutons un (e) Responsable Administratif (ve) et Financier (ière)  qui aura pour mission : - Superviser la gestion comptable et financière de la société (comptabilité génér",,CDI,5
Gestion / Comptabilité / Finance                                                                 - Secteur Comptabilité / Audit								- Autres Industries,,,,"Comptable Confirmé (e) - Casablanca Gestion / Comptabilité / Finance                                                                 - Secteur Comptabilité / Audit								- Autres Industries Intermédiaire (3 à 5 ans) 2 poste(s) sur                                                                            Casablanca et région                                     - Maroc Bac +3 Minimum
                                     - BTS / DUT Respect des règles Rationalisme Conventionnel Besoin d'objectivité Organisation CDI Télétravail : Non Poste avec Management Publiée il y a 38 jours sur ReKrute.com -
                                Postulez avant le 06/05/2026 J'aime Entreprise : Avec une vaste expérience et une position de leader dans le secteur automobile, notre entreprise tire sa force de son histoire, de son savoir faire, de ses atouts et de ses engagements. Depuis sa création, elle a accumulé une expertise considérable, devenant aujourd'hui un acteur incontournable de son domaine. Poste : Dans le cadre de renforcement de notre équipe financière, nous recrutons un (e) comptable confirmé (e) qui aura pour mission : 1- Comptabilité générale : •Réception et vérification des dossiers des",,CDI,5
Gestion / Comptabilité / Finance                                                                 - Secteur Autres Industries,,,,"Credit Manager / Responsable Recouvrement - Casablanca Gestion / Comptabilité / Finance                                                                 - Secteur Autres Industries Confirmé (5 à 10 ans) 1 poste(s) sur                                                                            Casablanca et région                                     - Maroc Bac +5 et plus 
                                     - Master Besoin d'autonomie Implication au travail Ambition Organisation CDI Télétravail : Non Publiée il y a 38 jours sur ReKrute.com -
                                Postulez avant le 06/05/2026 J'aime Entreprise : Entreprise structurée et en développement, basée à Casablanca, renforce actuellement son organisation dans le cadre de l’évolution de ses activités. Convaincue que la performance durable repose avant tout sur la qualité des femmes et des hommes qui la composent, l’entreprise place l’humain au cœur de ses priorités et veille à offrir un environnement de travail respectueux, collaboratif et orienté vers la performance collective. Poste : Dans le cadre du renforcement de notre organisation, nous recrutons un Credit Manager / Responsable Recouvrement chargé de piloter l",confirmée dans un poste similaire (credit management / recouvrement) minimum 5 ans.,CDI,5
Comptable Règlements étrangers,Sothema,Pharmacie / Santé,Bouskoura (Maroc),"Emploi - Sothema Entreprise: Sothema Secteur: Pharmacie / Santé Postes proposés: 4 Description: Sothema, Des Energies Unies pour la Vie. 

      Sothema est un laboratoire pharmaceutique marocain, spécialisé dans la fabrication et la commercialisation de médicaments depuis 1976. Avec plus de 250 produits fabriqués, Sothema représente 35 laboratoires commettants internationaux parmi les leaders au Monde dans la Recherche & Développement.

      Disposant d'un outil industriel à la pointe de l'innovation, Sothema bénéficie d'une expertise reconnue lui permettant d'être... [+] Sothema, Des Energies Unies pour la Vie. Sothema est un laboratoire pharmaceutique marocain, spécialisé dans la fabrication et la commercialisation de médicaments depuis 1976. Avec plus de 250 produits fabriqués, Sothema représente 35 laboratoires commettants internationaux parmi les leaders au Monde dans la Recherche & Développement. Disposant d'un outil industriel à la pointe de l'innovation, Sothema bénéficie d'une expertise reconnue lui permettant d'être l'unique producteur d'insuline et de collyres au Maroc, et de se positionner comme leader dans la fabrication de sérums en poches souples et de céphalospori","Lancer 4K Comptable Règlements étrangers | Bouskoura (Maroc) 1 Sothema recrute un(e) Comptable Règlements étrangers à Casablanca. Ce rôle clé implique la gestion des transactions internationales, la réconciliation bancaire et la participation aux clô",CDI,0
Communication / Publicité / RP- Marketing- Secteur Internet / Multimédia,,,,"Infographiste/Webdesigner (H/F) - Casablanca Communication / Publicité / RP - Marketing - Secteur Internet / Multimédia Junior (1 à 3 ans) 1 poste(s) sur                                                                            Casablanca et région                                     - Maroc Bac +5 et plus Minimum Recherche de nouveauté Extraversion Ambition Flexibilité Organisation CDI Télétravail : Non Poste avec Management Publiée il y a 38 jours sur ReKrute.com -
                                Postulez avant le 06/05/2026 J'aime Entreprise : Sous la responsabilité du responsable marketing, nous recrutons un Infographiste/Webdesigner Poste : Vos missions : Réalisation de différents supports de communication (Bannières, présentation, visuels, support print, campagnes d’affichage en ligne...) L’intégration de page web en HTML, CSS & JavaScript (Nous n’utilisons pas de CMS de type bootstrap) Conception de maquettes de page web (desktop/mobile) Analyse de brief & Recherche de concepts créatifs Profil recherché : Diplôme : Titulaire d’un Bac+2/3 en infographie, vous avez une expérience minimum de 0 à 3 ans dans un poste similaire. Connaissances techniques : Excellente compréhension",,CDI,5
Déposez votre Candidature Spontanée chez ReKrute,,,Casablanca (Maroc),"1                        - 2 sur 2 Page 1 sur            
             1 Lancer 4K Déposez votre Candidature Spontanée chez ReKrute | Casablanca (Maroc) 433 ReKrute, leader du recrutement en ligne au Maroc et en Afrique, cherche des talents pour ses équipes commerciales, marketing, communication, RH, informatique et gestion/administration. Postulez spontanément pour rejoindre une équipe jeune, dynamique et innovante, valorisant l'originalité et l'esprit d'équipe. Publication : du 06/03/2026 au 06/05/2026 Secteur d'activité : Informatique - Recrutement / Intérim Fonction : Commercial / Vente / Export , Communication / Publicité / RP Expérience requise : Débutant (-1 an) - Junior (1 à 3 ans) Niveau d'étude demandé : Bac +3 Type de contrat proposé : CDI - Télétravail : Non 1                        - 2 sur 2 Page 1 sur            
             1","Lancer 4K Déposez votre Candidature Spontanée chez ReKrute | Casablanca (Maroc) 433 ReKrute, leader du recrutement en ligne au Maroc et en Afrique, cherche des talents pour ses équipes commerciales, marketing, communication, RH, informatique et gesti",CDI,3
Assistanat de Direction / Services Généraux                                                                 - Secteur Energie								- Autres Industries,,,,"Standardiste - Mohammédia Assistanat de Direction / Services Généraux                                                                 - Secteur Energie								- Autres Industries Intermédiaire (3 à 5 ans)                                     - Confirmé (5 à 10 ans) 1 poste(s) sur                                                                            Casablanca et région                                     - Maroc Bac +2 Minimum
                                     - Université                                     - Formation spécialisée Respect des règles Extraversion Travail en équipe Ambition Flexibilité Besoin de réflexion Implication au travail Organisation CDD Télétravail : Non Publiée aujourd'hui sur ReKrute.com -
                                Postulez avant le 06/05/2026 J'aime Entreprise : Entreprise industrielle Marocaine, implantés à Mohammedia, nous faisons partie de l’un des plus grands groupes privés du Royaume, actif dans plusieurs secteurs stratégiques. Spécialisés dans la fabrication de solutions de comptage d’eau et d’équipements pour les réseaux d’eau potable, nous bénéficions de plus de 78 ans d’expérience au service de l'environnement . Poste : La Secrétaire",,CDD,5
Coordinateur(trice) Service Client,Educastream,Enseignement / Formation,Kénitra (Maroc),"Emploi - Educastream Entreprise: Educastream Secteur: Enseignement / Formation Description: 7Speaking est une entreprise innovante dans le domaine du digital learning linguistique, reconnue pour son expertise et ses solutions d’apprentissage à grande échelle. Nous collaborons avec les plus grandes entreprises et écoles mondiales (EDF, Amazon, Deloitte, Polytechnique, etc.) pour développer les compétences linguistiques de milliers d’apprenants chaque année.
Avec l’ouverture de notre bureau à Rabat, nous cherchons à construire une équipe dynamique, prête à relever les défis et à... [+] 7Speaking est une entreprise innovante dans le domaine du digital learning linguistique, reconnue pour son expertise et ses solutions d’apprentissage à grande échelle. Nous collaborons avec les plus grandes entreprises et écoles mondiales (EDF, Amazon, Deloitte, Polytechnique, etc.) pour développer les compétences linguistiques de milliers d’apprenants chaque année. Avec l’ouverture de notre bureau à Rabat, nous cherchons à construire une équipe dynamique, prête à relever les défis et à contribuer à notre succès croissant. [-] Suivre 1                        - 2 sur 2 Page 1 sur            
           ",Lancer 4K Coordinateur(trice) Service Client | Kénitra (Maroc) 4 7Speaking recherche un(e) Coordinateur(trice) Service Client à Rabat pour optimiser l'expérience client et soutenir le Responsable Service Client. Vos missions incluront le management d,CDI,0
Informatique / Electronique                                                                 - Secteur Informatique,,,,"Ingénieur Cybersécurité Senior - Casablanca Informatique / Electronique                                                                 - Secteur Informatique Confirmé (5 à 10 ans) 1 poste(s) sur                                                                            Casablanca et région                                     - Maroc Bac +5 et plus Minimum
                                     - Ecole d'ingénieur Recherche de nouveauté Besoin de réflexion Besoin d'autonomie Implication au travail Ambition CDI Télétravail : Hybride Publiée il y a 39 jours sur ReKrute.com -
                                Postulez avant le 02/05/2026 J'aime Entreprise : Organisme financier. Poste : Définir et déployer la stratégie de sécurité des SI Réaliser des analyses de risques et piloter les plans de remédiation Mettre en place et superviser les dispositifs de protection (SIEM, EDR, firewall, PAM…) Piloter les audits de sécurité et assurer la conformité (ISO 27001, NIST…) Gérer les incidents de sécurité majeurs et coordonner la réponse Sensibiliser les équipes internes aux bonnes pratiques cyber Participer aux projets IT en intégrant la sécurité dès la conception (Security by Design) Profil reche","sur SIEM (Splunk, Sentinel, QRadar…)",CDI,5
Responsable HSE,Best Biscuits Maroc,Agroalimentaire,Had Soualem (Maroc),"Emploi - Best Biscuits Maroc Entreprise: Best Biscuits Maroc Secteur: Agroalimentaire Description: Leader incontesté de la biscuiterie sur le marché marocain, Best Biscuits Maroc a réussi à percer rapidement dans un secteur d’activité très concurrentiel à travers ses 2 marques Excelo et Be, incarnant parfaitement l’alliage entre qualité et innovation ce qui lui permet de connaître une évolution ininterrompue depuis sa création il y a près de 20 ans.

L'engagement de Best Biscuits Maroc envers l'excellence de ses collaborateurs est au cœur de sa réussite. En investissant dans... [+] Leader incontesté de la biscuiterie sur le marché marocain, Best Biscuits Maroc a réussi à percer rapidement dans un secteur d’activité très concurrentiel à travers ses 2 marques Excelo et Be, incarnant parfaitement l’alliage entre qualité et innovation ce qui lui permet de connaître une évolution ininterrompue depuis sa création il y a près de 20 ans. L'engagement de Best Biscuits Maroc envers l'excellence de ses collaborateurs est au cœur de sa réussite. En investissant dans la formation, le développement personnel et le bien-être de son équipe, l'entreprise cultive un environnement où chaque individu ","Lancer 4K Responsable HSE | Had Soualem (Maroc) 6 Best Biscuits Maroc recherche un Responsable HSE expérimenté pour piloter les projets SST, évaluer et maîtriser les risques professionnels, et améliorer le système de management SST selon la norme ISO",CDI,0
Informatique / Electronique- Internet / Multimédia- Secteur Assurance / Courtage								- Informatique,,,,"Architecte Technique SI (H/F) - Casablanca Informatique / Electronique - Internet / Multimédia - Secteur Assurance / Courtage								- Informatique Intermédiaire (3 à 5 ans)                                     - Confirmé (5 à 10 ans) 1 poste(s) sur                                                                            Casablanca et région                                     - Maroc Bac +5 et plus Minimum
                                     - Ecole d'ingénieur Recherche de nouveauté Besoin de réflexion Besoin d'autonomie Implication au travail Ambition Organisation CDI Télétravail : Hybride Poste avec Management Publiée il y a 39 jours sur ReKrute.com -
                                Postulez avant le 05/05/2026 J'aime Entreprise : Organisme financier. Poste : En tant qu’Architecte Technique, vous serez responsable de : Définir l’architecture technique des solutions applicatives en cohérence avec l’architecture globale du SI. Concevoir des solutions techniques robustes, scalables et sécurisées. Accompagner les équipes de développement dans la mise en œuvre des bonnes pratiques et standards techniques. Participer aux choix technologiques et à l’évolution des frameworks et plate","dans des environnements complexes (SI d’entreprise, projets applicatifs).",CDI,5
Gestion / Comptabilité / Finance                                                                 - Secteur Nettoyage / Sécurité / Gardiennage,,,,"Responsable Facturation secteur gardiennage et nettoyage - Casablanca Gestion / Comptabilité / Finance                                                                 - Secteur Nettoyage / Sécurité / Gardiennage Confirmé (5 à 10 ans)                                     - Expert (10 à 20 ans) 1 poste(s) sur                                                                            Casablanca et région                                     - Maroc Bac +4 
                                     - Master Volonté de persuasion Flexibilité Travail en équipe Implication au travail CDI Télétravail : Non Poste avec Management Publiée il y a 39 jours sur ReKrute.com -
                                Postulez avant le 05/05/2026 J'aime Entreprise : société de prestation Poste : Rejoignez une entreprise dynamique dans le secteur du Nettoyage / Sécurité / Gardiennage , solidement établie à Casablanca . Nous recherchons un(e) Responsable Facturation passionné(e) pour prendre en main un rôle clé au sein de notre département financier. Votre mission principale sera d'assurer l'exactitude et la ponctualité de la facturation pour nos activités de gardiennage et de nettoyage, contribuant ainsi directemen",,CDI,5
Informatique / Electronique- Télécom / Réseaux- Secteur Autres Industries								- Autres services,,,,"Ingénieur développement  Business Intelligence H/F - Meknès Informatique / Electronique - Télécom / Réseaux - Secteur Autres Industries								- Autres services Junior (1 à 3 ans) 1 poste(s) sur                                                                            Meknès et région                                     - Maroc Bac +5 et plus Minimum
                                     - Ecole d'ingénieur                                     - Formation spécialisée Recherche de nouveauté Créativité Extraversion Besoin d'autonomie Implication au travail Ambition CDI Télétravail : Non Publiée il y a 39 jours sur ReKrute.com -
                                Postulez avant le 05/05/2026 J'aime Entreprise : Groupe industriel et commercial d'envergure nationale, reconnu pour son expertise dans divers secteurs stratégiques, recherche à renforcer ses équipes dans le cadre de son développement continu. Fort d'une présence établie sur le marché marocain, le groupe se distingue par son engagement envers l'excellence, l'innovation et la durabilité. Nous offrons un environnement stimulant, propice à l'évolution professionnelle, au sein d'une structure valorisant la performance et la collabora",,CDI,5
Risk Manager (H/F),TMSA,Autres services,Tanger (Maroc),"Emploi - TMSA Entreprise: TMSA Secteur: Autres services Description: L’Agence Spéciale Tanger Méditerranée, TMSA, est chargée de l’aménagement, du développement et de la gestion du complexe portuaire Tanger Med et de la plateforme industrielle qui lui est adossée.

TMSA s’est dotée d’une nouvelle organisation consacrant la stratégie de filialisation de ses activités opérationnelles, la première filialisation a touché l’activité portuaire à travers la société «TangerMed Port Authority»

Tanger Med... [+] L’Agence Spéciale Tanger Méditerranée, TMSA , est chargée de l’aménagement, du développement et de la gestion du complexe portuaire Tanger Med et de la plateforme industrielle qui lui est adossée. TMSA s’est dotée d’une nouvelle organisation consacrant la stratégie de filialisation de ses activités opérationnelles, la première filialisation a touché l’activité portuaire à travers la société «TangerMed Port Authority» Tanger Med Port Autorithy (TMPA) est dédiée aux activités portuaires. Elle abrite l’ensemble des actifs et concessions liées aux activités du complexe portuaire Tanger Med et se voit déléguer l’ensemble des missions et prérogatives relatives à la gestion et au développe","Lancer 4K Risk Manager (H/F) | Tanger (Maroc) 7 L'Agence Spéciale Tanger Méditerranée (TMSA) recrute un Risk Manager pour gérer la cartographie des risques, définir les plans d'actions et contribuer au contrôle interne. Le candidat idéal possède un B",CDI,0
Production / Qualité / Sécurité / Maintenance                                                                 - Secteur Agroalimentaire,,,,"Responsable Santé & Sécurité au Travail - Casablanca Production / Qualité / Sécurité / Maintenance                                                                 - Secteur Agroalimentaire Confirmé (5 à 10 ans) 1 poste(s) sur                                                                            Casablanca et région                                     - Maroc Bac +5 et plus Minimum
                                     - Ecole d'ingénieur Respect des règles Rationalisme Ténacité Besoin d'objectivité Organisation CDI Télétravail : Non Poste avec Management Publiée il y a 40 jours sur ReKrute.com -
                                Postulez avant le 04/05/2026 J'aime Entreprise : Nous recherchons un Responsable Santé & Sécurité au Travail pour rejoindre notre organisation opérant dans un environnement à forte exigence opérationnelle, spécialisé dans la préparation, la manutention et la distribution de produits alimentaires destinés au secteur aérien. Poste : Rattaché au sénior Manager QHE, vous aurez pour responsabilités : • Définir, mettre en œuvre et suivre la politique Santé & Sécurité au Travail au sein de l’entreprise. • Assurer la conformité avec les normes réglementaires et i",,CDI,5
Registration Specialist – North West Africa,CRIT,Recrutement / Intérim,Casablanca (Maroc),"Emploi - CRIT Entreprise: CRIT Secteur: Recrutement / Intérim Postes proposés: 35 Description: CRIT Maroc, Filiale du Groupe CRIT, l'un des leaders du travail temporaire et du recrutement en France et à l'international.

Le groupe CRIT compte aujourd’hui 600 agences dans le monde (France, Espagne, Suisse, Portugal, Irlande, Angleterre, USA, Afrique) dont 12 au Maroc (Casablanca, Rabat, Kenitra, EL Jadida, Berrechid, Marrakech, Agadir, Tanger…).

CRIT Maroc est un acteur global en ressources humaines, un cabinet de recrutement et d’intérim de renom sur le marché. Notre engagement est de déléguer la juste... [+] CRIT Maroc , Filiale du Groupe CRIT , l'un des leaders du travail temporaire et du recrutement en France et à l'international. Le groupe CRIT compte aujourd’hui 600 agences dans le monde (France, Espagne, Suisse, Portugal, Irlande, Angleterre, USA, Afrique) dont 12 au Maroc (Casablanca, Rabat, Kenitra, EL Jadida, Berrechid, Marrakech, Agadir, Tanger…). CRIT Maroc est un acteur global en ressources humaines, un cabinet de recrutement et d’intérim de renom sur le marché. Notre engagement est de déléguer la juste compétence, apporter des solutions efficaces, rapides, souples et ","Lancer 4K Registration Specialist – North West Africa | Casablanca (Maroc) 3 CRIT Maroc recrute un Spécialiste Enregistrement pour l'Afrique du Nord-Ouest. Vos missions incluent la préparation et le suivi des dossiers d'homologation, l'interface avec",CDI,0
Informatique / Electronique                                                                 - Secteur Informatique,,,,"Ingénieur Développement Applicatif - Casablanca Informatique / Electronique                                                                 - Secteur Informatique Intermédiaire (3 à 5 ans) 4 poste(s) sur                                                                            Casablanca et région                                     - Maroc Bac +5 et plus Minimum
                                     - Ecole d'ingénieur Recherche de nouveauté Besoin de réflexion Besoin d'autonomie Implication au travail Ambition CDI Télétravail : Hybride Publiée il y a 40 jours sur ReKrute.com -
                                Postulez avant le 04/05/2026 J'aime Entreprise : Organisme financier. Poste : Au sein des équipes IT, vous participerez au développement et à l’évolution des applications liées aux activités d’assurance : Concevoir et développer des applications dédiées aux métiers de l’assurance (gestion des contrats, sinistres, souscription, services digitaux). Participer à la modernisation et à l’intégration des solutions au sein du système d’information. Collaborer avec les équipes Architecture, AMOA et métiers afin de traduire les besoins fonctionnels en solutions techniques. Contribuer ",,CDI,5
Logistique / Transport (métiers de)                                                                 - Secteur Agroalimentaire								- Autres Industries,,,,"Responsable Logistique Régionale - Casablanca Logistique / Transport (métiers de)                                                                 - Secteur Agroalimentaire								- Autres Industries Intermédiaire (3 à 5 ans) 1 poste(s) sur                                                                            Casablanca et région                                     - Maroc Bac +5 et plus Minimum
                                     - Ecole d'ingénieur Respect des règles Besoin d'action Implication au travail Organisation CDI Télétravail : Hybride Poste avec Management Publiée il y a 40 jours sur ReKrute.com -
                                Postulez avant le 04/05/2026 J'aime Entreprise : . Poste : Rattaché à la Direction Supply Chain, vos missions principales sont: le responsable logistique régionale organise, coordonne et gère les flux de marchandises entrants et sortants et veille à optimiser la gestion des stocks et la fiabilité des inventaires au niveau de la région. Il garantit la qualité de services aux clients internes et externes, tout en respectant les normes d'hygiène et de sécurité Activités du poste: Déployer et veiller au respect des processus et standards au nive",2 à 5 ans dans un environnement FMCG,CDI,5
Chargé Achats et Moyen Généraux,SAPST,Immobilier / Promoteur / Agence,Rabat (Maroc),"Emploi - SAPST Entreprise: SAPST Secteur: Immobilier / Promoteur / Agence Description: La Société d’Aménagement et de Promotion de la Station de Taghazout a été créée en juillet 2011.La Société d’aménagement et de Promotion de la station de Taghazout (SAPST) est dédiée à l’aménagement, au développement, à la commercialisation et à la gestion de la station Taghazout Bay. La Société d’Aménagement et de Promotion de la Station de Taghazout a été créée en juillet 2011.La Société d’aménagement et de Promotion de la station de Taghazout ( SAPST ) est dédiée à l’aménagement, au développement, à la commercialisation et à la gestion de la station Taghazout Bay. [-] Suivre 1                        - 1 sur 1 Page 1 sur            
             1 Lancer 4K Chargé Achats et Moyen Généraux | Rabat (Maroc) 4 Société d'Aménagement et de Promotion de la Station de Taghazout recrute un Chargé Achats et Moyens Généraux. Vous serez responsable de la gestion des achats, des stocks et des prestations de services généraux. Profil recherché : Bac+3/4 avec 4 ans d'expérience minimum en achats. Publication : du 04/03/2026 au 04/05/2026 |  Postes proposés: 1 Secteur d'activité : Tourisme / Voyage / Loisirs F","Lancer 4K Chargé Achats et Moyen Généraux | Rabat (Maroc) 4 Société d'Aménagement et de Promotion de la Station de Taghazout recrute un Chargé Achats et Moyens Généraux. Vous serez responsable de la gestion des achats, des stocks et des prestations d",CDI,0
Logistique / Transport (métiers de)                                                                 - Secteur Agroalimentaire								- Autres Industries,,,,"Responsable Transport (H/F) - Casablanca Logistique / Transport (métiers de)                                                                 - Secteur Agroalimentaire								- Autres Industries Intermédiaire (3 à 5 ans) 1 poste(s) sur                                                                            Casablanca et région                                     - Maroc Bac +5 et plus Minimum
                                     - Ecole d'ingénieur                                     - Ecole de commerce Respect des règles Besoin d'action Implication au travail Organisation CDI Télétravail : Hybride Poste avec Management Publiée il y a 40 jours sur ReKrute.com -
                                Postulez avant le 04/05/2026 J'aime Entreprise : Rattaché à la Direction Supply Chain, vos missions principales sont: En tant que responsable transport, vous serez chargé de superviser et de gérer tous les aspects du département transport, garantissant la livraison efficace et ponctuelle des produits aux clients. vous jouerez un rôle crucial dans l'optimisation des processus de transport, la réduction des coûts et le maintien des normes de service et de sécurité les plus élevées Poste : Acti","de 3/5 ans d’expérience dans un poste similaire milieu industriel  SAP , TMS est un plus Une bonne aisance en informatique Excel , Power BI , SQL et gestion de la big data",CDI,5
Informatique / Electronique                                                                 - Secteur Assurance / Courtage								- Banque / Finance,,,,"Chef de Projet Transformation Data & Performance (H/F) - Casablanca Informatique / Electronique                                                                 - Secteur Assurance / Courtage								- Banque / Finance Intermédiaire (3 à 5 ans)                                     - Confirmé (5 à 10 ans) 1 poste(s) sur                                                                            Casablanca et région                                     - Maroc Bac +5 et plus Minimum
                                     - Ecole d'ingénieur Recherche de nouveauté Besoin de réflexion Travail en équipe Implication au travail Ambition CDI Télétravail : Non Poste avec Management Publiée il y a 40 jours sur ReKrute.com -
                                Postulez avant le 04/05/2026 J'aime Entreprise : Organisme financier. Poste : En tant que Chef de Projet Transformation, vous jouerez un rôle clé dans le pilotage et la coordination des projets stratégiques liés à la donnée : Piloter le portefeuille de projets de transformation data (suivi planning, budget, risques). Structurer et coordonner les initiatives de transformation au sein de la direction Stratégie & Gouvernance. Accompagner les équipes ",appréciée dans le secteur d'assurance.,CDI,5
Gestion / Comptabilité / Finance                                                                 - Secteur Agroalimentaire,,,,"Manager Comptabilité & Fiscalité - Nouaceur Gestion / Comptabilité / Finance                                                                 - Secteur Agroalimentaire Confirmé (5 à 10 ans) 1 poste(s) sur                                                                            Casablanca et région                                     - Maroc Bac +5 et plus Minimum
                                     - Ecole de commerce Respect des règles Rationalisme Conventionnel Besoin d'objectivité Organisation CDI Télétravail : Non Poste avec Management Publiée il y a 40 jours sur ReKrute.com -
                                Postulez avant le 04/05/2026 J'aime Entreprise : Pour accompagner le développement des activités et renforcer les équipes, Nous somme à la recherche  d'un Manager Comptabilité & Fiscalité   placé sous la responsabilité du Directeur Administratif & Financier Poste : Responsabilités principales : Assurer la fiabilité et la conformité de la comptabilité et des déclarations fiscales Garantir la production des reportings financiers dans les délais Superviser les clôtures comptables périodiques et la préparation des audits Mettre en œuvre les recommandations issues des contrôle",,CDI,5
Médical / Paramédical- Production / Qualité / Sécurité / Maintenance- Secteur Distribution								- Matériel Médical,,,,"Responsable de production - Rabat Médical / Paramédical - Production / Qualité / Sécurité / Maintenance - Secteur Distribution								- Matériel Médical Intermédiaire (3 à 5 ans)                                     - Confirmé (5 à 10 ans) 1 poste(s) sur                                                                            Rabat et région                                     - Maroc Bac +3 Minimum
                                     - Licence                                     - Master Recherche de nouveauté Respect des règles Besoin d'objectivité Distance émotionnelle Rationalisme Ténacité Besoin de réflexion Organisation CDI Télétravail : Non Poste avec Management Publiée il y a 41 jours sur ReKrute.com -
                                Postulez avant le 03/05/2026 J'aime Entreprise : L’entreprise est un acteur leader du matériel médical et des solutions de santé au Maroc. Elle existe depuis plusieurs décennies et s’est imposée comme référence nationale dans la distribution d’équipements médicaux pour les professionnels de santé et le grand public. L’entreprise dispose d’un réseau significatif de points de vente au Maroc (magasins ou showrooms dans plusieurs grandes villes) ","confirmée en management d’équipes opérationnelles (idéalement en environnement médical, paramédical, clinique ou centre de soins).",CDI,5
